ParticipantID,PhaseID,Filename,Timestamp,Camera,Calibration,Calibration_Table,Run_Config_Signature,Model_SHA256,Calibration_QC,Calibration_Ref_Radius_px,Raw_Lens_Radius_px,Rectified_Lens_Radius_px,Square_Hemisphere_Crop,SVF_Method,SVF_Rings,Pitch_Roll_Correction,Sky_%,SVF_Holmer,Tree_%,Plant_%,Grass_%,Combined_Vegetation_%,Building_%,Wall_%,Model,Image_Path,Segmented_Image_Path,telemetry_matched,GPS_lat,GPS_lon,Altitude_m,Speed_kmh,Heading_deg,PM25_ugm3,PM10_ugm3,CO2_ppm,Temperature_C,Humidity_%,Noise_dB,Manual_Mask_Path,Manual_Sky_IoU,Manual_Sky_Dice,Manual_Pixel_Accuracy,Manual_SVF_Holmer,SVF_Abs_Error_vs_Manual
P9,WalkG,cam_20250806_113246.jpg,2025-08-06 11:32:46,CamUp,neginja_MSE_SkyViewFactor_reference_table,"24,25,25,26,26,27,27,29,29,32,32,36,36,40,41,43,44",9d4c5f0c12889fb034103b01efa54b21690d648acad08c427f81fc6d33241e03,b677f291bd6311850d8cb19c1c51cfff76b3a1e2deece82b67687ca72a30d9f8,REFERENCE_OR_CUSTOM_TABLE_NOT_MARKED_LENS_VERIFIED,542.0,240.0,240.0,True,Holmer_1992_Annular,120,None_MSE_Method_Assumed_Zenith,13.264792858524721,0.089473,85.38761296741563,0.0,0.0,85.38761296741563,0.0,0.03040101705220684,DeepLabV3+_Xception65_ADE20K,C:\Users\pandya\OneDrive - UCL\Field experiment raw data\Complete Participantwise data\Final Data\ucm\P9\WalkG\ucm\CamUp\cam_20250806_113246.jpg,C:\Users\pandya\Documents\Github\docker\Paper3_Analysis\output\SVF Output\P9\WalkG\CamUp_SVF\cam_20250806_113246_svf.jpg,True,50.81485251,4.37655197,,,,,,,,,,,,,,,
P9,WalkG,cam_20250806_113247.jpg,2025-08-06 11:32:47,CamUp,neginja_MSE_SkyViewFactor_reference_table,"24,25,25,26,26,27,27,29,29,32,32,36,36,40,41,43,44",9d4c5f0c12889fb034103b01efa54b21690d648acad08c427f81fc6d33241e03,b677f291bd6311850d8cb19c1c51cfff76b3a1e2deece82b67687ca72a30d9f8,REFERENCE_OR_CUSTOM_TABLE_NOT_MARKED_LENS_VERIFIED,542.0,240.0,240.0,True,Holmer_1992_Annular,120,None_MSE_Method_Assumed_Zenith,7.637840975043529,0.046944,85.98844761352015,0.0,0.0,85.98844761352015,0.0,0.014924135643810628,DeepLabV3+_Xception65_ADE20K,C:\Users\pandya\OneDrive - UCL\Field experiment raw data\Complete Participantwise data\Final Data\ucm\P9\WalkG\ucm\CamUp\cam_20250806_113247.jpg,C:\Users\pandya\Documents\Github\docker\Paper3_Analysis\output\SVF Output\P9\WalkG\CamUp_SVF\cam_20250806_113247_svf.jpg,True,50.8149,4.376596,,,,,,,,,,,,,,,
P9,WalkG,cam_20250806_113248.jpg,2025-08-06 11:32:48,CamUp,neginja_MSE_SkyViewFactor_reference_table,"24,25,25,26,26,27,27,29,29,32,32,36,36,40,41,43,44",9d4c5f0c12889fb034103b01efa54b21690d648acad08c427f81fc6d33241e03,b677f291bd6311850d8cb19c1c51cfff76b3a1e2deece82b67687ca72a30d9f8,REFERENCE_OR_CUSTOM_TABLE_NOT_MARKED_LENS_VERIFIED,542.0,240.0,240.0,True,Holmer_1992_Annular,120,None_MSE_Method_Assumed_Zenith,11.436309869275627,0.07869,83.4231545200785,0.0,0.0,83.4231545200785,0.0,2.245806041511207,DeepLabV3+_Xception65_ADE20K,C:\Users\pandya\OneDrive - UCL\Field experiment raw data\Complete Participantwise data\Final Data\ucm\P9\WalkG\ucm\CamUp\cam_20250806_113248.jpg,C:\Users\pandya\Documents\Github\docker\Paper3_Analysis\output\SVF Output\P9\WalkG\CamUp_SVF\cam_20250806_113248_svf.jpg,True,50.8149,4.376596,,,,,,,,,,,,,,,
P9,WalkG,cam_20250806_113249.jpg,2025-08-06 11:32:49,CamUp,neginja_MSE_SkyViewFactor_reference_table,"24,25,25,26,26,27,27,29,29,32,32,36,36,40,41,43,44",9d4c5f0c12889fb034103b01efa54b21690d648acad08c427f81fc6d33241e03,b677f291bd6311850d8cb19c1c51cfff76b3a1e2deece82b67687ca72a30d9f8,REFERENCE_OR_CUSTOM_TABLE_NOT_MARKED_LENS_VERIFIED,542.0,240.0,240.0,True,Holmer_1992_Annular,120,None_MSE_Method_Assumed_Zenith,10.268910814470884,0.080285,88.884282674184,0.0,0.0,88.884282674184,0.0,0.038692203520990516,DeepLabV3+_Xception65_ADE20K,C:\Users\pandya\OneDrive - UCL\Field experiment raw data\Complete Participantwise data\Final Data\ucm\P9\WalkG\ucm\CamUp\cam_20250806_113249.jpg,C:\Users\pandya\Documents\Github\docker\Paper3_Analysis\output\SVF Output\P9\WalkG\CamUp_SVF\cam_20250806_113249_svf.jpg,True,50.814884,4.376548,,,,,,,,,,,,,,,
P9,WalkG,cam_20250806_113250.jpg,2025-08-06 11:32:50,CamUp,neginja_MSE_SkyViewFactor_reference_table,"24,25,25,26,26,27,27,29,29,32,32,36,36,40,41,43,44",9d4c5f0c12889fb034103b01efa54b21690d648acad08c427f81fc6d33241e03,b677f291bd6311850d8cb19c1c51cfff76b3a1e2deece82b67687ca72a30d9f8,REFERENCE_OR_CUSTOM_TABLE_NOT_MARKED_LENS_VERIFIED,542.0,240.0,240.0,True,Holmer_1992_Annular,120,None_MSE_Method_Assumed_Zenith,12.51361136445292,0.125065,86.34828510626538,0.0,0.0,86.34828510626538,0.0,0.17964237349031312,DeepLabV3+_Xception65_ADE20K,C:\Users\pandya\OneDrive - UCL\Field experiment raw data\Complete Participantwise data\Final Data\ucm\P9\WalkG\ucm\CamUp\cam_20250806_113250.jpg,C:\Users\pandya\Documents\Github\docker\Paper3_Analysis\output\SVF Output\P9\WalkG\CamUp_SVF\cam_20250806_113250_svf.jpg,True,50.814884,4.376548,,,,,,,,,,,,,,,
P9,WalkG,cam_20250806_113251.jpg,2025-08-06 11:32:51,CamUp,neginja_MSE_SkyViewFactor_reference_table,"24,25,25,26,26,27,27,29,29,32,32,36,36,40,41,43,44",9d4c5f0c12889fb034103b01efa54b21690d648acad08c427f81fc6d33241e03,b677f291bd6311850d8cb19c1c51cfff76b3a1e2deece82b67687ca72a30d9f8,REFERENCE_OR_CUSTOM_TABLE_NOT_MARKED_LENS_VERIFIED,542.0,240.0,240.0,True,Holmer_1992_Annular,120,None_MSE_Method_Assumed_Zenith,12.015587430561313,0.133744,86.56109222563082,0.0,0.0,86.56109222563082,0.0,0.9076085454495205,DeepLabV3+_Xception65_ADE20K,C:\Users\pandya\OneDrive - UCL\Field experiment raw data\Complete Participantwise data\Final Data\ucm\P9\WalkG\ucm\CamUp\cam_20250806_113251.jpg,C:\Users\pandya\Documents\Github\docker\Paper3_Analysis\output\SVF Output\P9\WalkG\CamUp_SVF\cam_20250806_113251_svf.jpg,True,50.814876,4.376525,,,,,,,,,,,,,,,
P9,WalkG,cam_20250806_113252.jpg,2025-08-06 11:32:52,CamUp,neginja_MSE_SkyViewFactor_reference_table,"24,25,25,26,26,27,27,29,29,32,32,36,36,40,41,43,44",9d4c5f0c12889fb034103b01efa54b21690d648acad08c427f81fc6d33241e03,b677f291bd6311850d8cb19c1c51cfff76b3a1e2deece82b67687ca72a30d9f8,REFERENCE_OR_CUSTOM_TABLE_NOT_MARKED_LENS_VERIFIED,542.0,240.0,240.0,True,Holmer_1992_Annular,120,None_MSE_Method_Assumed_Zenith,11.036121935715668,0.142015,87.04308653234945,0.0,0.0,87.04308653234945,0.0,0.0,DeepLabV3+_Xception65_ADE20K,C:\Users\pandya\OneDrive - UCL\Field experiment raw data\Complete Participantwise data\Final Data\ucm\P9\WalkG\ucm\CamUp\cam_20250806_113252.jpg,C:\Users\pandya\Documents\Github\docker\Paper3_Analysis\output\SVF Output\P9\WalkG\CamUp_SVF\cam_20250806_113252_svf.jpg,True,50.81486,4.376505,,,,,,,,,,,,,,,
P9,WalkG,cam_20250806_113253.jpg,2025-08-06 11:32:53,CamUp,neginja_MSE_SkyViewFactor_reference_table,"24,25,25,26,26,27,27,29,29,32,32,36,36,40,41,43,44",9d4c5f0c12889fb034103b01efa54b21690d648acad08c427f81fc6d33241e03,b677f291bd6311850d8cb19c1c51cfff76b3a1e2deece82b67687ca72a30d9f8,REFERENCE_OR_CUSTOM_TABLE_NOT_MARKED_LENS_VERIFIED,542.0,240.0,240.0,True,Holmer_1992_Annular,120,None_MSE_Method_Assumed_Zenith,10.381118204681757,0.132138,88.76157311444601,0.019346101760495258,0.0,88.7809192162065,0.0,0.6152060359837493,DeepLabV3+_Xception65_ADE20K,C:\Users\pandya\OneDrive - UCL\Field experiment raw data\Complete Participantwise data\Final Data\ucm\P9\WalkG\ucm\CamUp\cam_20250806_113253.jpg,C:\Users\pandya\Documents\Github\docker\Paper3_Analysis\output\SVF Output\P9\WalkG\CamUp_SVF\cam_20250806_113253_svf.jpg,True,50.81481794,4.3763589,,,,,,,,,,,,,,,
P9,WalkG,cam_20250806_113254.jpg,2025-08-06 11:32:54,CamUp,neginja_MSE_SkyViewFactor_reference_table,"24,25,25,26,26,27,27,29,29,32,32,36,36,40,41,43,44",9d4c5f0c12889fb034103b01efa54b21690d648acad08c427f81fc6d33241e03,b677f291bd6311850d8cb19c1c51cfff76b3a1e2deece82b67687ca72a30d9f8,REFERENCE_OR_CUSTOM_TABLE_NOT_MARKED_LENS_VERIFIED,542.0,240.0,240.0,True,Holmer_1992_Annular,120,None_MSE_Method_Assumed_Zenith,14.853936931708262,0.127418,49.317082607854516,30.31921067904817,0.0,79.63629328690268,0.0,0.003869220352099052,DeepLabV3+_Xception65_ADE20K,C:\Users\pandya\OneDrive - UCL\Field experiment raw data\Complete Participantwise data\Final Data\ucm\P9\WalkG\ucm\CamUp\cam_20250806_113254.jpg,C:\Users\pandya\Documents\Github\docker\Paper3_Analysis\output\SVF Output\P9\WalkG\CamUp_SVF\cam_20250806_113254_svf.jpg,True,50.81480628,4.37638418,,,,,,,,,,,,,,,
P9,WalkG,cam_20250806_113255.jpg,2025-08-06 11:32:55,CamUp,neginja_MSE_SkyViewFactor_reference_table,"24,25,25,26,26,27,27,29,29,32,32,36,36,40,41,43,44",9d4c5f0c12889fb034103b01efa54b21690d648acad08c427f81fc6d33241e03,b677f291bd6311850d8cb19c1c51cfff76b3a1e2deece82b67687ca72a30d9f8,REFERENCE_OR_CUSTOM_TABLE_NOT_MARKED_LENS_VERIFIED,542.0,240.0,240.0,True,Holmer_1992_Annular,120,None_MSE_Method_Assumed_Zenith,13.02490119669458,0.183255,82.32540143161154,0.2957189840532847,0.0,82.62112041566482,0.0,0.0022109830583423155,DeepLabV3+_Xception65_ADE20K,C:\Users\pandya\OneDrive - UCL\Field experiment raw data\Complete Participantwise data\Final Data\ucm\P9\WalkG\ucm\CamUp\cam_20250806_113255.jpg,C:\Users\pandya\Documents\Github\docker\Paper3_Analysis\output\SVF Output\P9\WalkG\CamUp_SVF\cam_20250806_113255_svf.jpg,True,50.81479636,4.3763946,,,,,,,,,,,,,,,
P9,WalkG,cam_20250806_113256.jpg,2025-08-06 11:32:56,CamUp,neginja_MSE_SkyViewFactor_reference_table,"24,25,25,26,26,27,27,29,29,32,32,36,36,40,41,43,44",9d4c5f0c12889fb034103b01efa54b21690d648acad08c427f81fc6d33241e03,b677f291bd6311850d8cb19c1c51cfff76b3a1e2deece82b67687ca72a30d9f8,REFERENCE_OR_CUSTOM_TABLE_NOT_MARKED_LENS_VERIFIED,542.0,240.0,240.0,True,Holmer_1992_Annular,120,None_MSE_Method_Assumed_Zenith,14.006024928833982,0.162291,84.2086062515546,0.0,0.0,84.2086062515546,0.0,0.09451952574413398,DeepLabV3+_Xception65_ADE20K,C:\Users\pandya\OneDrive - UCL\Field experiment raw data\Complete Participantwise data\Final Data\ucm\P9\WalkG\ucm\CamUp\cam_20250806_113256.jpg,C:\Users\pandya\Documents\Github\docker\Paper3_Analysis\output\SVF Output\P9\WalkG\CamUp_SVF\cam_20250806_113256_svf.jpg,True,50.81479636,4.3763946,,,,,,,,,,,,,,,
P9,WalkG,cam_20250806_113257.jpg,2025-08-06 11:32:57,CamUp,neginja_MSE_SkyViewFactor_reference_table,"24,25,25,26,26,27,27,29,29,32,32,36,36,40,41,43,44",9d4c5f0c12889fb034103b01efa54b21690d648acad08c427f81fc6d33241e03,b677f291bd6311850d8cb19c1c51cfff76b3a1e2deece82b67687ca72a30d9f8,REFERENCE_OR_CUSTOM_TABLE_NOT_MARKED_LENS_VERIFIED,542.0,240.0,240.0,True,Holmer_1992_Annular,120,None_MSE_Method_Assumed_Zenith,13.015504518696625,0.159797,86.96128015919078,0.0,0.0,86.96128015919078,0.003869220352099052,0.0,DeepLabV3+_Xception65_ADE20K,C:\Users\pandya\OneDrive - UCL\Field experiment raw data\Complete Participantwise data\Final Data\ucm\P9\WalkG\ucm\CamUp\cam_20250806_113257.jpg,C:\Users\pandya\Documents\Github\docker\Paper3_Analysis\output\SVF Output\P9\WalkG\CamUp_SVF\cam_20250806_113257_svf.jpg,True,50.81479292,4.37638631,,,,,,,,,,,,,,,
P9,WalkG,cam_20250806_113258.jpg,2025-08-06 11:32:58,CamUp,neginja_MSE_SkyViewFactor_reference_table,"24,25,25,26,26,27,27,29,29,32,32,36,36,40,41,43,44",9d4c5f0c12889fb034103b01efa54b21690d648acad08c427f81fc6d33241e03,b677f291bd6311850d8cb19c1c51cfff76b3a1e2deece82b67687ca72a30d9f8,REFERENCE_OR_CUSTOM_TABLE_NOT_MARKED_LENS_VERIFIED,542.0,240.0,240.0,True,Holmer_1992_Annular,120,None_MSE_Method_Assumed_Zenith,13.529558079761214,0.176064,85.59102340878313,0.0,0.0,85.59102340878313,0.0,0.0,DeepLabV3+_Xception65_ADE20K,C:\Users\pandya\OneDrive - UCL\Field experiment raw data\Complete Participantwise data\Final Data\ucm\P9\WalkG\ucm\CamUp\cam_20250806_113258.jpg,C:\Users\pandya\Documents\Github\docker\Paper3_Analysis\output\SVF Output\P9\WalkG\CamUp_SVF\cam_20250806_113258_svf.jpg,True,50.81478479,4.37638508,,,,,,,,,,,,,,,
P9,WalkG,cam_20250806_113259.jpg,2025-08-06 11:32:59,CamUp,neginja_MSE_SkyViewFactor_reference_table,"24,25,25,26,26,27,27,29,29,32,32,36,36,40,41,43,44",9d4c5f0c12889fb034103b01efa54b21690d648acad08c427f81fc6d33241e03,b677f291bd6311850d8cb19c1c51cfff76b3a1e2deece82b67687ca72a30d9f8,REFERENCE_OR_CUSTOM_TABLE_NOT_MARKED_LENS_VERIFIED,542.0,240.0,240.0,True,Holmer_1992_Annular,120,None_MSE_Method_Assumed_Zenith,12.811541331564547,0.165075,80.05914379681066,4.247851200840174,0.0,84.30699499765083,0.0,0.1962247464278805,DeepLabV3+_Xception65_ADE20K,C:\Users\pandya\OneDrive - UCL\Field experiment raw data\Complete Participantwise data\Final Data\ucm\P9\WalkG\ucm\CamUp\cam_20250806_113259.jpg,C:\Users\pandya\Documents\Github\docker\Paper3_Analysis\output\SVF Output\P9\WalkG\CamUp_SVF\cam_20250806_113259_svf.jpg,True,50.81478053,4.37637895,,,,,,,,,,,,,,,
P9,WalkG,cam_20250806_113300.jpg,2025-08-06 11:33:00,CamUp,neginja_MSE_SkyViewFactor_reference_table,"24,25,25,26,26,27,27,29,29,32,32,36,36,40,41,43,44",9d4c5f0c12889fb034103b01efa54b21690d648acad08c427f81fc6d33241e03,b677f291bd6311850d8cb19c1c51cfff76b3a1e2deece82b67687ca72a30d9f8,REFERENCE_OR_CUSTOM_TABLE_NOT_MARKED_LENS_VERIFIED,542.0,240.0,240.0,True,Holmer_1992_Annular,120,None_MSE_Method_Assumed_Zenith,11.324102479064754,0.149412,88.45203548627809,0.0,0.0,88.45203548627809,0.0,0.17079844125694388,DeepLabV3+_Xception65_ADE20K,C:\Users\pandya\OneDrive - UCL\Field experiment raw data\Complete Participantwise data\Final Data\ucm\P9\WalkG\ucm\CamUp\cam_20250806_113300.jpg,C:\Users\pandya\Documents\Github\docker\Paper3_Analysis\output\SVF Output\P9\WalkG\CamUp_SVF\cam_20250806_113300_svf.jpg,True,50.81476921,4.37637327,,,,,,,,,,,,,,,
P9,WalkG,cam_20250806_113301.jpg,2025-08-06 11:33:01,CamUp,neginja_MSE_SkyViewFactor_reference_table,"24,25,25,26,26,27,27,29,29,32,32,36,36,40,41,43,44",9d4c5f0c12889fb034103b01efa54b21690d648acad08c427f81fc6d33241e03,b677f291bd6311850d8cb19c1c51cfff76b3a1e2deece82b67687ca72a30d9f8,REFERENCE_OR_CUSTOM_TABLE_NOT_MARKED_LENS_VERIFIED,542.0,240.0,240.0,True,Holmer_1992_Annular,120,None_MSE_Method_Assumed_Zenith,9.979824779592626,0.140266,89.92178647431113,0.0,0.0,89.92178647431113,0.0,0.09838874609623303,DeepLabV3+_Xception65_ADE20K,C:\Users\pandya\OneDrive - UCL\Field experiment raw data\Complete Participantwise data\Final Data\ucm\P9\WalkG\ucm\CamUp\cam_20250806_113301.jpg,C:\Users\pandya\Documents\Github\docker\Paper3_Analysis\output\SVF Output\P9\WalkG\CamUp_SVF\cam_20250806_113301_svf.jpg,True,50.81476394,4.37634869,,,,,,,,,,,,,,,
P9,WalkG,cam_20250806_113302.jpg,2025-08-06 11:33:02,CamUp,neginja_MSE_SkyViewFactor_reference_table,"24,25,25,26,26,27,27,29,29,32,32,36,36,40,41,43,44",9d4c5f0c12889fb034103b01efa54b21690d648acad08c427f81fc6d33241e03,b677f291bd6311850d8cb19c1c51cfff76b3a1e2deece82b67687ca72a30d9f8,REFERENCE_OR_CUSTOM_TABLE_NOT_MARKED_LENS_VERIFIED,542.0,240.0,240.0,True,Holmer_1992_Annular,120,None_MSE_Method_Assumed_Zenith,10.455186137136224,0.141849,89.54481386286378,0.0,0.0,89.54481386286378,0.0,0.0,DeepLabV3+_Xception65_ADE20K,C:\Users\pandya\OneDrive - UCL\Field experiment raw data\Complete Participantwise data\Final Data\ucm\P9\WalkG\ucm\CamUp\cam_20250806_113302.jpg,C:\Users\pandya\Documents\Github\docker\Paper3_Analysis\output\SVF Output\P9\WalkG\CamUp_SVF\cam_20250806_113302_svf.jpg,True,50.81474808,4.37634087,,,,,,,,,,,,,,,
P9,WalkG,cam_20250806_113303.jpg,2025-08-06 11:33:03,CamUp,neginja_MSE_SkyViewFactor_reference_table,"24,25,25,26,26,27,27,29,29,32,32,36,36,40,41,43,44",9d4c5f0c12889fb034103b01efa54b21690d648acad08c427f81fc6d33241e03,b677f291bd6311850d8cb19c1c51cfff76b3a1e2deece82b67687ca72a30d9f8,REFERENCE_OR_CUSTOM_TABLE_NOT_MARKED_LENS_VERIFIED,542.0,240.0,240.0,True,Holmer_1992_Annular,120,None_MSE_Method_Assumed_Zenith,9.018599894978305,0.131709,90.97310891855291,0.0,0.0,90.97310891855291,0.0,0.008291186468783683,DeepLabV3+_Xception65_ADE20K,C:\Users\pandya\OneDrive - UCL\Field experiment raw data\Complete Participantwise data\Final Data\ucm\P9\WalkG\ucm\CamUp\cam_20250806_113303.jpg,C:\Users\pandya\Documents\Github\docker\Paper3_Analysis\output\SVF Output\P9\WalkG\CamUp_SVF\cam_20250806_113303_svf.jpg,True,50.81474808,4.37634087,,,,,,,,,,,,,,,
P9,WalkG,cam_20250806_113304.jpg,2025-08-06 11:33:04,CamUp,neginja_MSE_SkyViewFactor_reference_table,"24,25,25,26,26,27,27,29,29,32,32,36,36,40,41,43,44",9d4c5f0c12889fb034103b01efa54b21690d648acad08c427f81fc6d33241e03,b677f291bd6311850d8cb19c1c51cfff76b3a1e2deece82b67687ca72a30d9f8,REFERENCE_OR_CUSTOM_TABLE_NOT_MARKED_LENS_VERIFIED,542.0,240.0,240.0,True,Holmer_1992_Annular,120,None_MSE_Method_Assumed_Zenith,8.536605588259679,0.129077,91.46339441174032,0.0,0.0,91.46339441174032,0.0,0.0,DeepLabV3+_Xception65_ADE20K,C:\Users\pandya\OneDrive - UCL\Field experiment raw data\Complete Participantwise data\Final Data\ucm\P9\WalkG\ucm\CamUp\cam_20250806_113304.jpg,C:\Users\pandya\Documents\Github\docker\Paper3_Analysis\output\SVF Output\P9\WalkG\CamUp_SVF\cam_20250806_113304_svf.jpg,True,50.81472591,4.37632046,,,,,,,,,,,,,,,
P9,WalkG,cam_20250806_113305.jpg,2025-08-06 11:33:05,CamUp,neginja_MSE_SkyViewFactor_reference_table,"24,25,25,26,26,27,27,29,29,32,32,36,36,40,41,43,44",9d4c5f0c12889fb034103b01efa54b21690d648acad08c427f81fc6d33241e03,b677f291bd6311850d8cb19c1c51cfff76b3a1e2deece82b67687ca72a30d9f8,REFERENCE_OR_CUSTOM_TABLE_NOT_MARKED_LENS_VERIFIED,542.0,240.0,240.0,True,Holmer_1992_Annular,120,None_MSE_Method_Assumed_Zenith,8.036370671309731,0.122185,91.84976370118564,0.0,0.0,91.84976370118564,0.0,0.11386562750462924,DeepLabV3+_Xception65_ADE20K,C:\Users\pandya\OneDrive - UCL\Field experiment raw data\Complete Participantwise data\Final Data\ucm\P9\WalkG\ucm\CamUp\cam_20250806_113305.jpg,C:\Users\pandya\Documents\Github\docker\Paper3_Analysis\output\SVF Output\P9\WalkG\CamUp_SVF\cam_20250806_113305_svf.jpg,True,50.81471579,4.37630453,,,,,,,,,,,,,,,
P9,WalkG,cam_20250806_113306.jpg,2025-08-06 11:33:06,CamUp,neginja_MSE_SkyViewFactor_reference_table,"24,25,25,26,26,27,27,29,29,32,32,36,36,40,41,43,44",9d4c5f0c12889fb034103b01efa54b21690d648acad08c427f81fc6d33241e03,b677f291bd6311850d8cb19c1c51cfff76b3a1e2deece82b67687ca72a30d9f8,REFERENCE_OR_CUSTOM_TABLE_NOT_MARKED_LENS_VERIFIED,542.0,240.0,240.0,True,Holmer_1992_Annular,120,None_MSE_Method_Assumed_Zenith,7.934112704861398,0.128447,91.60268634441589,0.0,0.0,91.60268634441589,0.0,0.4604372218997872,DeepLabV3+_Xception65_ADE20K,C:\Users\pandya\OneDrive - UCL\Field experiment raw data\Complete Participantwise data\Final Data\ucm\P9\WalkG\ucm\CamUp\cam_20250806_113306.jpg,C:\Users\pandya\Documents\Github\docker\Paper3_Analysis\output\SVF Output\P9\WalkG\CamUp_SVF\cam_20250806_113306_svf.jpg,True,50.81471579,4.37630453,,,,,,,,,,,,,,,
P9,WalkG,cam_20250806_113307.jpg,2025-08-06 11:33:07,CamUp,neginja_MSE_SkyViewFactor_reference_table,"24,25,25,26,26,27,27,29,29,32,32,36,36,40,41,43,44",9d4c5f0c12889fb034103b01efa54b21690d648acad08c427f81fc6d33241e03,b677f291bd6311850d8cb19c1c51cfff76b3a1e2deece82b67687ca72a30d9f8,REFERENCE_OR_CUSTOM_TABLE_NOT_MARKED_LENS_VERIFIED,542.0,240.0,240.0,True,Holmer_1992_Annular,120,None_MSE_Method_Assumed_Zenith,7.625680568222647,0.119443,91.78896166708122,0.0,0.0,91.78896166708122,0.0,0.5848050189315424,DeepLabV3+_Xception65_ADE20K,C:\Users\pandya\OneDrive - UCL\Field experiment raw data\Complete Participantwise data\Final Data\ucm\P9\WalkG\ucm\CamUp\cam_20250806_113307.jpg,C:\Users\pandya\Documents\Github\docker\Paper3_Analysis\output\SVF Output\P9\WalkG\CamUp_SVF\cam_20250806_113307_svf.jpg,True,50.81470626,4.37628773,,,,,,,,,,,,,,,
P9,WalkG,cam_20250806_113308.jpg,2025-08-06 11:33:08,CamUp,neginja_MSE_SkyViewFactor_reference_table,"24,25,25,26,26,27,27,29,29,32,32,36,36,40,41,43,44",9d4c5f0c12889fb034103b01efa54b21690d648acad08c427f81fc6d33241e03,b677f291bd6311850d8cb19c1c51cfff76b3a1e2deece82b67687ca72a30d9f8,REFERENCE_OR_CUSTOM_TABLE_NOT_MARKED_LENS_VERIFIED,542.0,240.0,240.0,True,Holmer_1992_Annular,120,None_MSE_Method_Assumed_Zenith,7.112179752922643,0.114742,92.4837630931653,0.0,0.0,92.4837630931653,0.0,0.392449492855761,DeepLabV3+_Xception65_ADE20K,C:\Users\pandya\OneDrive - UCL\Field experiment raw data\Complete Participantwise data\Final Data\ucm\P9\WalkG\ucm\CamUp\cam_20250806_113308.jpg,C:\Users\pandya\Documents\Github\docker\Paper3_Analysis\output\SVF Output\P9\WalkG\CamUp_SVF\cam_20250806_113308_svf.jpg,True,50.81468027,4.37624977,,,,,,,,,,,,,,,
P9,WalkG,cam_20250806_113309.jpg,2025-08-06 11:33:09,CamUp,neginja_MSE_SkyViewFactor_reference_table,"24,25,25,26,26,27,27,29,29,32,32,36,36,40,41,43,44",9d4c5f0c12889fb034103b01efa54b21690d648acad08c427f81fc6d33241e03,b677f291bd6311850d8cb19c1c51cfff76b3a1e2deece82b67687ca72a30d9f8,REFERENCE_OR_CUSTOM_TABLE_NOT_MARKED_LENS_VERIFIED,542.0,240.0,240.0,True,Holmer_1992_Annular,120,None_MSE_Method_Assumed_Zenith,7.140922532681094,0.105456,91.80664953154796,0.0679877290440262,0.0,91.87463726059198,0.0,0.0,DeepLabV3+_Xception65_ADE20K,C:\Users\pandya\OneDrive - UCL\Field experiment raw data\Complete Participantwise data\Final Data\ucm\P9\WalkG\ucm\CamUp\cam_20250806_113309.jpg,C:\Users\pandya\Documents\Github\docker\Paper3_Analysis\output\SVF Output\P9\WalkG\CamUp_SVF\cam_20250806_113309_svf.jpg,True,50.81468027,4.37624977,,,,,,,,,,,,,,,
P9,WalkG,cam_20250806_113310.jpg,2025-08-06 11:33:10,CamUp,neginja_MSE_SkyViewFactor_reference_table,"24,25,25,26,26,27,27,29,29,32,32,36,36,40,41,43,44",9d4c5f0c12889fb034103b01efa54b21690d648acad08c427f81fc6d33241e03,b677f291bd6311850d8cb19c1c51cfff76b3a1e2deece82b67687ca72a30d9f8,REFERENCE_OR_CUSTOM_TABLE_NOT_MARKED_LENS_VERIFIED,542.0,240.0,240.0,True,Holmer_1992_Annular,120,None_MSE_Method_Assumed_Zenith,7.767736229721139,0.103625,92.23226377027885,0.0,0.0,92.23226377027885,0.0,0.0,DeepLabV3+_Xception65_ADE20K,C:\Users\pandya\OneDrive - UCL\Field experiment raw data\Complete Participantwise data\Final Data\ucm\P9\WalkG\ucm\CamUp\cam_20250806_113310.jpg,C:\Users\pandya\Documents\Github\docker\Paper3_Analysis\output\SVF Output\P9\WalkG\CamUp_SVF\cam_20250806_113310_svf.jpg,True,50.81467455,4.37622295,,,,,,,,,,,,,,,
P9,WalkG,cam_20250806_113311.jpg,2025-08-06 11:33:11,CamUp,neginja_MSE_SkyViewFactor_reference_table,"24,25,25,26,26,27,27,29,29,32,32,36,36,40,41,43,44",9d4c5f0c12889fb034103b01efa54b21690d648acad08c427f81fc6d33241e03,b677f291bd6311850d8cb19c1c51cfff76b3a1e2deece82b67687ca72a30d9f8,REFERENCE_OR_CUSTOM_TABLE_NOT_MARKED_LENS_VERIFIED,542.0,240.0,240.0,True,Holmer_1992_Annular,120,None_MSE_Method_Assumed_Zenith,8.701876571870768,0.125237,91.24450708896444,0.0,0.0,91.24450708896444,0.0,0.007185694939612526,DeepLabV3+_Xception65_ADE20K,C:\Users\pandya\OneDrive - UCL\Field experiment raw data\Complete Participantwise data\Final Data\ucm\P9\WalkG\ucm\CamUp\cam_20250806_113311.jpg,C:\Users\pandya\Documents\Github\docker\Paper3_Analysis\output\SVF Output\P9\WalkG\CamUp_SVF\cam_20250806_113311_svf.jpg,True,50.81466501,4.37621139,,,,,,,,,,,,,,,
P9,WalkG,cam_20250806_113312.jpg,2025-08-06 11:33:12,CamUp,neginja_MSE_SkyViewFactor_reference_table,"24,25,25,26,26,27,27,29,29,32,32,36,36,40,41,43,44",9d4c5f0c12889fb034103b01efa54b21690d648acad08c427f81fc6d33241e03,b677f291bd6311850d8cb19c1c51cfff76b3a1e2deece82b67687ca72a30d9f8,REFERENCE_OR_CUSTOM_TABLE_NOT_MARKED_LENS_VERIFIED,542.0,240.0,240.0,True,Holmer_1992_Annular,120,None_MSE_Method_Assumed_Zenith,7.525633584832655,0.101664,92.47436641516734,0.0,0.0,92.47436641516734,0.0,0.0,DeepLabV3+_Xception65_ADE20K,C:\Users\pandya\OneDrive - UCL\Field experiment raw data\Complete Participantwise data\Final Data\ucm\P9\WalkG\ucm\CamUp\cam_20250806_113312.jpg,C:\Users\pandya\Documents\Github\docker\Paper3_Analysis\output\SVF Output\P9\WalkG\CamUp_SVF\cam_20250806_113312_svf.jpg,True,50.8146638,4.37620622,,,,,,,,,,,,,,,
P9,WalkG,cam_20250806_113313.jpg,2025-08-06 11:33:13,CamUp,neginja_MSE_SkyViewFactor_reference_table,"24,25,25,26,26,27,27,29,29,32,32,36,36,40,41,43,44",9d4c5f0c12889fb034103b01efa54b21690d648acad08c427f81fc6d33241e03,b677f291bd6311850d8cb19c1c51cfff76b3a1e2deece82b67687ca72a30d9f8,REFERENCE_OR_CUSTOM_TABLE_NOT_MARKED_LENS_VERIFIED,542.0,240.0,240.0,True,Holmer_1992_Annular,120,None_MSE_Method_Assumed_Zenith,6.504159411878506,0.080298,93.4958405881215,0.0,0.0,93.4958405881215,0.0,0.0,DeepLabV3+_Xception65_ADE20K,C:\Users\pandya\OneDrive - UCL\Field experiment raw data\Complete Participantwise data\Final Data\ucm\P9\WalkG\ucm\CamUp\cam_20250806_113313.jpg,C:\Users\pandya\Documents\Github\docker\Paper3_Analysis\output\SVF Output\P9\WalkG\CamUp_SVF\cam_20250806_113313_svf.jpg,True,50.8146519,4.37619484,,,,,,,,,,,,,,,
P9,WalkG,cam_20250806_113314.jpg,2025-08-06 11:33:14,CamUp,neginja_MSE_SkyViewFactor_reference_table,"24,25,25,26,26,27,27,29,29,32,32,36,36,40,41,43,44",9d4c5f0c12889fb034103b01efa54b21690d648acad08c427f81fc6d33241e03,b677f291bd6311850d8cb19c1c51cfff76b3a1e2deece82b67687ca72a30d9f8,REFERENCE_OR_CUSTOM_TABLE_NOT_MARKED_LENS_VERIFIED,542.0,240.0,240.0,True,Holmer_1992_Annular,120,None_MSE_Method_Assumed_Zenith,5.236713373683774,0.060169,94.76328662631623,0.0,0.0,94.76328662631623,0.0,0.0,DeepLabV3+_Xception65_ADE20K,C:\Users\pandya\OneDrive - UCL\Field experiment raw data\Complete Participantwise data\Final Data\ucm\P9\WalkG\ucm\CamUp\cam_20250806_113314.jpg,C:\Users\pandya\Documents\Github\docker\Paper3_Analysis\output\SVF Output\P9\WalkG\CamUp_SVF\cam_20250806_113314_svf.jpg,True,50.814732,4.376298,,,,,,,,,,,,,,,
P9,WalkG,cam_20250806_113315.jpg,2025-08-06 11:33:15,CamUp,neginja_MSE_SkyViewFactor_reference_table,"24,25,25,26,26,27,27,29,29,32,32,36,36,40,41,43,44",9d4c5f0c12889fb034103b01efa54b21690d648acad08c427f81fc6d33241e03,b677f291bd6311850d8cb19c1c51cfff76b3a1e2deece82b67687ca72a30d9f8,REFERENCE_OR_CUSTOM_TABLE_NOT_MARKED_LENS_VERIFIED,542.0,240.0,240.0,True,Holmer_1992_Annular,120,None_MSE_Method_Assumed_Zenith,4.131221844512616,0.041271,95.84998479949147,0.0,0.0,95.84998479949147,0.0,0.0,DeepLabV3+_Xception65_ADE20K,C:\Users\pandya\OneDrive - UCL\Field experiment raw data\Complete Participantwise data\Final Data\ucm\P9\WalkG\ucm\CamUp\cam_20250806_113315.jpg,C:\Users\pandya\Documents\Github\docker\Paper3_Analysis\output\SVF Output\P9\WalkG\CamUp_SVF\cam_20250806_113315_svf.jpg,True,50.814704,4.376281,,,,,,,,,,,,,,,
P9,WalkG,cam_20250806_113316.jpg,2025-08-06 11:33:16,CamUp,neginja_MSE_SkyViewFactor_reference_table,"24,25,25,26,26,27,27,29,29,32,32,36,36,40,41,43,44",9d4c5f0c12889fb034103b01efa54b21690d648acad08c427f81fc6d33241e03,b677f291bd6311850d8cb19c1c51cfff76b3a1e2deece82b67687ca72a30d9f8,REFERENCE_OR_CUSTOM_TABLE_NOT_MARKED_LENS_VERIFIED,542.0,240.0,240.0,True,Holmer_1992_Annular,120,None_MSE_Method_Assumed_Zenith,5.602078324074842,0.051181,94.39294696404389,0.0,0.0,94.39294696404389,0.0,0.004421966116684631,DeepLabV3+_Xception65_ADE20K,C:\Users\pandya\OneDrive - UCL\Field experiment raw data\Complete Participantwise data\Final Data\ucm\P9\WalkG\ucm\CamUp\cam_20250806_113316.jpg,C:\Users\pandya\Documents\Github\docker\Paper3_Analysis\output\SVF Output\P9\WalkG\CamUp_SVF\cam_20250806_113316_svf.jpg,True,50.814704,4.376281,,,,,,,,,,,,,,,
P9,WalkG,cam_20250806_113317.jpg,2025-08-06 11:33:17,CamUp,neginja_MSE_SkyViewFactor_reference_table,"24,25,25,26,26,27,27,29,29,32,32,36,36,40,41,43,44",9d4c5f0c12889fb034103b01efa54b21690d648acad08c427f81fc6d33241e03,b677f291bd6311850d8cb19c1c51cfff76b3a1e2deece82b67687ca72a30d9f8,REFERENCE_OR_CUSTOM_TABLE_NOT_MARKED_LENS_VERIFIED,542.0,240.0,240.0,True,Holmer_1992_Annular,120,None_MSE_Method_Assumed_Zenith,5.706547273581516,0.055434,94.22049028549318,0.07296244092529641,0.0,94.29345272641848,0.0,0.0,DeepLabV3+_Xception65_ADE20K,C:\Users\pandya\OneDrive - UCL\Field experiment raw data\Complete Participantwise data\Final Data\ucm\P9\WalkG\ucm\CamUp\cam_20250806_113317.jpg,C:\Users\pandya\Documents\Github\docker\Paper3_Analysis\output\SVF Output\P9\WalkG\CamUp_SVF\cam_20250806_113317_svf.jpg,True,50.814704,4.376281,,,,,,,,,,,,,,,
P9,WalkG,cam_20250806_113318.jpg,2025-08-06 11:33:18,CamUp,neginja_MSE_SkyViewFactor_reference_table,"24,25,25,26,26,27,27,29,29,32,32,36,36,40,41,43,44",9d4c5f0c12889fb034103b01efa54b21690d648acad08c427f81fc6d33241e03,b677f291bd6311850d8cb19c1c51cfff76b3a1e2deece82b67687ca72a30d9f8,REFERENCE_OR_CUSTOM_TABLE_NOT_MARKED_LENS_VERIFIED,542.0,240.0,240.0,True,Holmer_1992_Annular,120,None_MSE_Method_Assumed_Zenith,5.0200370339662275,0.045209,90.67407345991211,0.0,0.0,90.67407345991211,0.0,0.02542630517093663,DeepLabV3+_Xception65_ADE20K,C:\Users\pandya\OneDrive - UCL\Field experiment raw data\Complete Participantwise data\Final Data\ucm\P9\WalkG\ucm\CamUp\cam_20250806_113318.jpg,C:\Users\pandya\Documents\Github\docker\Paper3_Analysis\output\SVF Output\P9\WalkG\CamUp_SVF\cam_20250806_113318_svf.jpg,True,50.81457558,4.37618064,,,,,,,,,,,,,,,
P9,WalkG,cam_20250806_113319.jpg,2025-08-06 11:33:19,CamUp,neginja_MSE_SkyViewFactor_reference_table,"24,25,25,26,26,27,27,29,29,32,32,36,36,40,41,43,44",9d4c5f0c12889fb034103b01efa54b21690d648acad08c427f81fc6d33241e03,b677f291bd6311850d8cb19c1c51cfff76b3a1e2deece82b67687ca72a30d9f8,REFERENCE_OR_CUSTOM_TABLE_NOT_MARKED_LENS_VERIFIED,542.0,240.0,240.0,True,Holmer_1992_Annular,120,None_MSE_Method_Assumed_Zenith,3.478429096537048,0.036055,93.98170411519222,0.0,0.0,93.98170411519222,0.0,0.003869220352099052,DeepLabV3+_Xception65_ADE20K,C:\Users\pandya\OneDrive - UCL\Field experiment raw data\Complete Participantwise data\Final Data\ucm\P9\WalkG\ucm\CamUp\cam_20250806_113319.jpg,C:\Users\pandya\Documents\Github\docker\Paper3_Analysis\output\SVF Output\P9\WalkG\CamUp_SVF\cam_20250806_113319_svf.jpg,True,50.81457933,4.3761512,,,,,,,,,,,,,,,
P9,WalkG,cam_20250806_113320.jpg,2025-08-06 11:33:20,CamUp,neginja_MSE_SkyViewFactor_reference_table,"24,25,25,26,26,27,27,29,29,32,32,36,36,40,41,43,44",9d4c5f0c12889fb034103b01efa54b21690d648acad08c427f81fc6d33241e03,b677f291bd6311850d8cb19c1c51cfff76b3a1e2deece82b67687ca72a30d9f8,REFERENCE_OR_CUSTOM_TABLE_NOT_MARKED_LENS_VERIFIED,542.0,240.0,240.0,True,Holmer_1992_Annular,120,None_MSE_Method_Assumed_Zenith,5.804936019677749,0.051679,91.81770444683967,0.0,0.0,91.81770444683967,0.0,0.0,DeepLabV3+_Xception65_ADE20K,C:\Users\pandya\OneDrive - UCL\Field experiment raw data\Complete Participantwise data\Final Data\ucm\P9\WalkG\ucm\CamUp\cam_20250806_113320.jpg,C:\Users\pandya\Documents\Github\docker\Paper3_Analysis\output\SVF Output\P9\WalkG\CamUp_SVF\cam_20250806_113320_svf.jpg,True,50.81457361,4.37613801,,,,,,,,,,,,,,,
P9,WalkG,cam_20250806_113321.jpg,2025-08-06 11:33:21,CamUp,neginja_MSE_SkyViewFactor_reference_table,"24,25,25,26,26,27,27,29,29,32,32,36,36,40,41,43,44",9d4c5f0c12889fb034103b01efa54b21690d648acad08c427f81fc6d33241e03,b677f291bd6311850d8cb19c1c51cfff76b3a1e2deece82b67687ca72a30d9f8,REFERENCE_OR_CUSTOM_TABLE_NOT_MARKED_LENS_VERIFIED,542.0,240.0,240.0,True,Holmer_1992_Annular,120,None_MSE_Method_Assumed_Zenith,4.734267473675483,0.028331,95.02971008484647,0.0,0.0,95.02971008484647,0.0,0.0,DeepLabV3+_Xception65_ADE20K,C:\Users\pandya\OneDrive - UCL\Field experiment raw data\Complete Participantwise data\Final Data\ucm\P9\WalkG\ucm\CamUp\cam_20250806_113321.jpg,C:\Users\pandya\Documents\Github\docker\Paper3_Analysis\output\SVF Output\P9\WalkG\CamUp_SVF\cam_20250806_113321_svf.jpg,True,50.81457361,4.37613801,,,,,,,,,,,,,,,
P9,WalkG,cam_20250806_113322.jpg,2025-08-06 11:33:22,CamUp,neginja_MSE_SkyViewFactor_reference_table,"24,25,25,26,26,27,27,29,29,32,32,36,36,40,41,43,44",9d4c5f0c12889fb034103b01efa54b21690d648acad08c427f81fc6d33241e03,b677f291bd6311850d8cb19c1c51cfff76b3a1e2deece82b67687ca72a30d9f8,REFERENCE_OR_CUSTOM_TABLE_NOT_MARKED_LENS_VERIFIED,542.0,240.0,240.0,True,Holmer_1992_Annular,120,None_MSE_Method_Assumed_Zenith,3.0583423154520077,0.015306,96.57297625956942,0.0,0.0,96.57297625956942,0.0,0.0,DeepLabV3+_Xception65_ADE20K,C:\Users\pandya\OneDrive - UCL\Field experiment raw data\Complete Participantwise data\Final Data\ucm\P9\WalkG\ucm\CamUp\cam_20250806_113322.jpg,C:\Users\pandya\Documents\Github\docker\Paper3_Analysis\output\SVF Output\P9\WalkG\CamUp_SVF\cam_20250806_113322_svf.jpg,True,50.81455084,4.37610319,,,,,,,,,,,,,,,
P9,WalkG,cam_20250806_113323.jpg,2025-08-06 11:33:23,CamUp,neginja_MSE_SkyViewFactor_reference_table,"24,25,25,26,26,27,27,29,29,32,32,36,36,40,41,43,44",9d4c5f0c12889fb034103b01efa54b21690d648acad08c427f81fc6d33241e03,b677f291bd6311850d8cb19c1c51cfff76b3a1e2deece82b67687ca72a30d9f8,REFERENCE_OR_CUSTOM_TABLE_NOT_MARKED_LENS_VERIFIED,542.0,240.0,240.0,True,Holmer_1992_Annular,120,None_MSE_Method_Assumed_Zenith,1.220462648204958,0.001361,98.77953735179504,0.0,0.0,98.77953735179504,0.0,0.0,DeepLabV3+_Xception65_ADE20K,C:\Users\pandya\OneDrive - UCL\Field experiment raw data\Complete Participantwise data\Final Data\ucm\P9\WalkG\ucm\CamUp\cam_20250806_113323.jpg,C:\Users\pandya\Documents\Github\docker\Paper3_Analysis\output\SVF Output\P9\WalkG\CamUp_SVF\cam_20250806_113323_svf.jpg,True,50.81455084,4.37610319,,,,,,,,,,,,,,,
P9,WalkG,cam_20250806_113324.jpg,2025-08-06 11:33:24,CamUp,neginja_MSE_SkyViewFactor_reference_table,"24,25,25,26,26,27,27,29,29,32,32,36,36,40,41,43,44",9d4c5f0c12889fb034103b01efa54b21690d648acad08c427f81fc6d33241e03,b677f291bd6311850d8cb19c1c51cfff76b3a1e2deece82b67687ca72a30d9f8,REFERENCE_OR_CUSTOM_TABLE_NOT_MARKED_LENS_VERIFIED,542.0,240.0,240.0,True,Holmer_1992_Annular,120,None_MSE_Method_Assumed_Zenith,3.2401956720006635,0.016249,96.75869883647017,0.0,0.0,96.75869883647017,0.0,0.0,DeepLabV3+_Xception65_ADE20K,C:\Users\pandya\OneDrive - UCL\Field experiment raw data\Complete Participantwise data\Final Data\ucm\P9\WalkG\ucm\CamUp\cam_20250806_113324.jpg,C:\Users\pandya\Documents\Github\docker\Paper3_Analysis\output\SVF Output\P9\WalkG\CamUp_SVF\cam_20250806_113324_svf.jpg,True,50.81452364,4.37607486,,,,,,,,,,,,,,,
P9,WalkG,cam_20250806_113325.jpg,2025-08-06 11:33:25,CamUp,neginja_MSE_SkyViewFactor_reference_table,"24,25,25,26,26,27,27,29,29,32,32,36,36,40,41,43,44",9d4c5f0c12889fb034103b01efa54b21690d648acad08c427f81fc6d33241e03,b677f291bd6311850d8cb19c1c51cfff76b3a1e2deece82b67687ca72a30d9f8,REFERENCE_OR_CUSTOM_TABLE_NOT_MARKED_LENS_VERIFIED,542.0,240.0,240.0,True,Holmer_1992_Annular,120,None_MSE_Method_Assumed_Zenith,3.632092419091839,0.013119,96.32147693668297,0.006632949175026946,0.0,96.328109885858,0.0,0.0016582372937567365,DeepLabV3+_Xception65_ADE20K,C:\Users\pandya\OneDrive - UCL\Field experiment raw data\Complete Participantwise data\Final Data\ucm\P9\WalkG\ucm\CamUp\cam_20250806_113325.jpg,C:\Users\pandya\Documents\Github\docker\Paper3_Analysis\output\SVF Output\P9\WalkG\CamUp_SVF\cam_20250806_113325_svf.jpg,True,50.81452364,4.37607486,,,,,,,,,,,,,,,
P9,WalkG,cam_20250806_113326.jpg,2025-08-06 11:33:26,CamUp,neginja_MSE_SkyViewFactor_reference_table,"24,25,25,26,26,27,27,29,29,32,32,36,36,40,41,43,44",9d4c5f0c12889fb034103b01efa54b21690d648acad08c427f81fc6d33241e03,b677f291bd6311850d8cb19c1c51cfff76b3a1e2deece82b67687ca72a30d9f8,REFERENCE_OR_CUSTOM_TABLE_NOT_MARKED_LENS_VERIFIED,542.0,240.0,240.0,True,Holmer_1992_Annular,120,None_MSE_Method_Assumed_Zenith,4.4053837437470635,0.011061,95.21322167868888,0.0,0.0,95.21322167868888,0.0,0.0,DeepLabV3+_Xception65_ADE20K,C:\Users\pandya\OneDrive - UCL\Field experiment raw data\Complete Participantwise data\Final Data\ucm\P9\WalkG\ucm\CamUp\cam_20250806_113326.jpg,C:\Users\pandya\Documents\Github\docker\Paper3_Analysis\output\SVF Output\P9\WalkG\CamUp_SVF\cam_20250806_113326_svf.jpg,True,50.81452178,4.37603935,,,,,,,,,,,,,,,
P9,WalkG,cam_20250806_113327.jpg,2025-08-06 11:33:27,CamUp,neginja_MSE_SkyViewFactor_reference_table,"24,25,25,26,26,27,27,29,29,32,32,36,36,40,41,43,44",9d4c5f0c12889fb034103b01efa54b21690d648acad08c427f81fc6d33241e03,b677f291bd6311850d8cb19c1c51cfff76b3a1e2deece82b67687ca72a30d9f8,REFERENCE_OR_CUSTOM_TABLE_NOT_MARKED_LENS_VERIFIED,542.0,240.0,240.0,True,Holmer_1992_Annular,120,None_MSE_Method_Assumed_Zenith,7.206699278666777,0.019394,92.79164248403947,0.0,0.0,92.79164248403947,0.0,0.0,DeepLabV3+_Xception65_ADE20K,C:\Users\pandya\OneDrive - UCL\Field experiment raw data\Complete Participantwise data\Final Data\ucm\P9\WalkG\ucm\CamUp\cam_20250806_113327.jpg,C:\Users\pandya\Documents\Github\docker\Paper3_Analysis\output\SVF Output\P9\WalkG\CamUp_SVF\cam_20250806_113327_svf.jpg,True,50.81452178,4.37603935,,,,,,,,,,,,,,,
P9,WalkG,cam_20250806_113328.jpg,2025-08-06 11:33:28,CamUp,neginja_MSE_SkyViewFactor_reference_table,"24,25,25,26,26,27,27,29,29,32,32,36,36,40,41,43,44",9d4c5f0c12889fb034103b01efa54b21690d648acad08c427f81fc6d33241e03,b677f291bd6311850d8cb19c1c51cfff76b3a1e2deece82b67687ca72a30d9f8,REFERENCE_OR_CUSTOM_TABLE_NOT_MARKED_LENS_VERIFIED,542.0,240.0,240.0,True,Holmer_1992_Annular,120,None_MSE_Method_Assumed_Zenith,2.355802448663737,0.0035,97.64419755133626,0.0,0.0,97.64419755133626,0.0,0.0,DeepLabV3+_Xception65_ADE20K,C:\Users\pandya\OneDrive - UCL\Field experiment raw data\Complete Participantwise data\Final Data\ucm\P9\WalkG\ucm\CamUp\cam_20250806_113328.jpg,C:\Users\pandya\Documents\Github\docker\Paper3_Analysis\output\SVF Output\P9\WalkG\CamUp_SVF\cam_20250806_113328_svf.jpg,True,50.8145012,4.37601625,,,,,,,,,,,,,,,
P9,WalkG,cam_20250806_113329.jpg,2025-08-06 11:33:29,CamUp,neginja_MSE_SkyViewFactor_reference_table,"24,25,25,26,26,27,27,29,29,32,32,36,36,40,41,43,44",9d4c5f0c12889fb034103b01efa54b21690d648acad08c427f81fc6d33241e03,b677f291bd6311850d8cb19c1c51cfff76b3a1e2deece82b67687ca72a30d9f8,REFERENCE_OR_CUSTOM_TABLE_NOT_MARKED_LENS_VERIFIED,542.0,240.0,240.0,True,Holmer_1992_Annular,120,None_MSE_Method_Assumed_Zenith,2.708454246469336,0.016376,97.27219965177017,0.0,0.0,97.27219965177017,0.0,0.0,DeepLabV3+_Xception65_ADE20K,C:\Users\pandya\OneDrive - UCL\Field experiment raw data\Complete Participantwise data\Final Data\ucm\P9\WalkG\ucm\CamUp\cam_20250806_113329.jpg,C:\Users\pandya\Documents\Github\docker\Paper3_Analysis\output\SVF Output\P9\WalkG\CamUp_SVF\cam_20250806_113329_svf.jpg,True,50.8145012,4.37601625,,,,,,,,,,,,,,,
P9,WalkG,cam_20250806_113330.jpg,2025-08-06 11:33:30,CamUp,neginja_MSE_SkyViewFactor_reference_table,"24,25,25,26,26,27,27,29,29,32,32,36,36,40,41,43,44",9d4c5f0c12889fb034103b01efa54b21690d648acad08c427f81fc6d33241e03,b677f291bd6311850d8cb19c1c51cfff76b3a1e2deece82b67687ca72a30d9f8,REFERENCE_OR_CUSTOM_TABLE_NOT_MARKED_LENS_VERIFIED,542.0,240.0,240.0,True,Holmer_1992_Annular,120,None_MSE_Method_Assumed_Zenith,1.3923665809910732,0.014147,98.60763341900892,0.0,0.0,98.60763341900892,0.0,0.0,DeepLabV3+_Xception65_ADE20K,C:\Users\pandya\OneDrive - UCL\Field experiment raw data\Complete Participantwise data\Final Data\ucm\P9\WalkG\ucm\CamUp\cam_20250806_113330.jpg,C:\Users\pandya\Documents\Github\docker\Paper3_Analysis\output\SVF Output\P9\WalkG\CamUp_SVF\cam_20250806_113330_svf.jpg,True,50.8146,4.376106,,,,,,,,,,,,,,,
P9,WalkG,cam_20250806_113331.jpg,2025-08-06 11:33:31,CamUp,neginja_MSE_SkyViewFactor_reference_table,"24,25,25,26,26,27,27,29,29,32,32,36,36,40,41,43,44",9d4c5f0c12889fb034103b01efa54b21690d648acad08c427f81fc6d33241e03,b677f291bd6311850d8cb19c1c51cfff76b3a1e2deece82b67687ca72a30d9f8,REFERENCE_OR_CUSTOM_TABLE_NOT_MARKED_LENS_VERIFIED,542.0,240.0,240.0,True,Holmer_1992_Annular,120,None_MSE_Method_Assumed_Zenith,2.7609650941049666,0.023903,97.23903490589504,0.0,0.0,97.23903490589504,0.0,0.0,DeepLabV3+_Xception65_ADE20K,C:\Users\pandya\OneDrive - UCL\Field experiment raw data\Complete Participantwise data\Final Data\ucm\P9\WalkG\ucm\CamUp\cam_20250806_113331.jpg,C:\Users\pandya\Documents\Github\docker\Paper3_Analysis\output\SVF Output\P9\WalkG\CamUp_SVF\cam_20250806_113331_svf.jpg,True,50.814584,4.376093,,,,,,,,,,,,,,,
P9,WalkG,cam_20250806_113332.jpg,2025-08-06 11:33:32,CamUp,neginja_MSE_SkyViewFactor_reference_table,"24,25,25,26,26,27,27,29,29,32,32,36,36,40,41,43,44",9d4c5f0c12889fb034103b01efa54b21690d648acad08c427f81fc6d33241e03,b677f291bd6311850d8cb19c1c51cfff76b3a1e2deece82b67687ca72a30d9f8,REFERENCE_OR_CUSTOM_TABLE_NOT_MARKED_LENS_VERIFIED,542.0,240.0,240.0,True,Holmer_1992_Annular,120,None_MSE_Method_Assumed_Zenith,2.707901500704751,0.020876,97.29209849929525,0.0,0.0,97.29209849929525,0.0,0.0,DeepLabV3+_Xception65_ADE20K,C:\Users\pandya\OneDrive - UCL\Field experiment raw data\Complete Participantwise data\Final Data\ucm\P9\WalkG\ucm\CamUp\cam_20250806_113332.jpg,C:\Users\pandya\Documents\Github\docker\Paper3_Analysis\output\SVF Output\P9\WalkG\CamUp_SVF\cam_20250806_113332_svf.jpg,True,50.81446955,4.37595971,,,,,,,,,,,,,,,
P9,WalkG,cam_20250806_113333.jpg,2025-08-06 11:33:33,CamUp,neginja_MSE_SkyViewFactor_reference_table,"24,25,25,26,26,27,27,29,29,32,32,36,36,40,41,43,44",9d4c5f0c12889fb034103b01efa54b21690d648acad08c427f81fc6d33241e03,b677f291bd6311850d8cb19c1c51cfff76b3a1e2deece82b67687ca72a30d9f8,REFERENCE_OR_CUSTOM_TABLE_NOT_MARKED_LENS_VERIFIED,542.0,240.0,240.0,True,Holmer_1992_Annular,120,None_MSE_Method_Assumed_Zenith,1.4216621065141088,0.022799,98.5783378934859,0.0,0.0,98.5783378934859,0.0,0.0,DeepLabV3+_Xception65_ADE20K,C:\Users\pandya\OneDrive - UCL\Field experiment raw data\Complete Participantwise data\Final Data\ucm\P9\WalkG\ucm\CamUp\cam_20250806_113333.jpg,C:\Users\pandya\Documents\Github\docker\Paper3_Analysis\output\SVF Output\P9\WalkG\CamUp_SVF\cam_20250806_113333_svf.jpg,True,50.81454,4.376051,,,,,,,,,,,,,,,
P9,WalkG,cam_20250806_113334.jpg,2025-08-06 11:33:34,CamUp,neginja_MSE_SkyViewFactor_reference_table,"24,25,25,26,26,27,27,29,29,32,32,36,36,40,41,43,44",9d4c5f0c12889fb034103b01efa54b21690d648acad08c427f81fc6d33241e03,b677f291bd6311850d8cb19c1c51cfff76b3a1e2deece82b67687ca72a30d9f8,REFERENCE_OR_CUSTOM_TABLE_NOT_MARKED_LENS_VERIFIED,542.0,240.0,240.0,True,Holmer_1992_Annular,120,None_MSE_Method_Assumed_Zenith,1.5952242765939806,0.025416,98.40477572340602,0.0,0.0,98.40477572340602,0.0,0.0,DeepLabV3+_Xception65_ADE20K,C:\Users\pandya\OneDrive - UCL\Field experiment raw data\Complete Participantwise data\Final Data\ucm\P9\WalkG\ucm\CamUp\cam_20250806_113334.jpg,C:\Users\pandya\Documents\Github\docker\Paper3_Analysis\output\SVF Output\P9\WalkG\CamUp_SVF\cam_20250806_113334_svf.jpg,True,50.81454,4.376051,,,,,,,,,,,,,,,
P9,WalkG,cam_20250806_113335.jpg,2025-08-06 11:33:35,CamUp,neginja_MSE_SkyViewFactor_reference_table,"24,25,25,26,26,27,27,29,29,32,32,36,36,40,41,43,44",9d4c5f0c12889fb034103b01efa54b21690d648acad08c427f81fc6d33241e03,b677f291bd6311850d8cb19c1c51cfff76b3a1e2deece82b67687ca72a30d9f8,REFERENCE_OR_CUSTOM_TABLE_NOT_MARKED_LENS_VERIFIED,542.0,240.0,240.0,True,Holmer_1992_Annular,120,None_MSE_Method_Assumed_Zenith,2.856037365613686,0.020146,96.19379266506371,0.0,0.0,96.19379266506371,0.0,0.0,DeepLabV3+_Xception65_ADE20K,C:\Users\pandya\OneDrive - UCL\Field experiment raw data\Complete Participantwise data\Final Data\ucm\P9\WalkG\ucm\CamUp\cam_20250806_113335.jpg,C:\Users\pandya\Documents\Github\docker\Paper3_Analysis\output\SVF Output\P9\WalkG\CamUp_SVF\cam_20250806_113335_svf.jpg,True,50.81443434,4.37587914,,,,,,,,,,,,,,,
P9,WalkG,cam_20250806_113336.jpg,2025-08-06 11:33:36,CamUp,neginja_MSE_SkyViewFactor_reference_table,"24,25,25,26,26,27,27,29,29,32,32,36,36,40,41,43,44",9d4c5f0c12889fb034103b01efa54b21690d648acad08c427f81fc6d33241e03,b677f291bd6311850d8cb19c1c51cfff76b3a1e2deece82b67687ca72a30d9f8,REFERENCE_OR_CUSTOM_TABLE_NOT_MARKED_LENS_VERIFIED,542.0,240.0,240.0,True,Holmer_1992_Annular,120,None_MSE_Method_Assumed_Zenith,2.7344332974048586,0.005143,88.51947046955753,0.0,0.0,88.51947046955753,0.0,0.0,DeepLabV3+_Xception65_ADE20K,C:\Users\pandya\OneDrive - UCL\Field experiment raw data\Complete Participantwise data\Final Data\ucm\P9\WalkG\ucm\CamUp\cam_20250806_113336.jpg,C:\Users\pandya\Documents\Github\docker\Paper3_Analysis\output\SVF Output\P9\WalkG\CamUp_SVF\cam_20250806_113336_svf.jpg,True,50.814504,4.37603,,,,,,,,,,,,,,,
P9,WalkG,cam_20250806_113337.jpg,2025-08-06 11:33:37,CamUp,neginja_MSE_SkyViewFactor_reference_table,"24,25,25,26,26,27,27,29,29,32,32,36,36,40,41,43,44",9d4c5f0c12889fb034103b01efa54b21690d648acad08c427f81fc6d33241e03,b677f291bd6311850d8cb19c1c51cfff76b3a1e2deece82b67687ca72a30d9f8,REFERENCE_OR_CUSTOM_TABLE_NOT_MARKED_LENS_VERIFIED,542.0,240.0,240.0,True,Holmer_1992_Annular,120,None_MSE_Method_Assumed_Zenith,3.791835945057071,0.008259,84.96642069480143,0.0,0.0,84.96642069480143,0.0,0.0,DeepLabV3+_Xception65_ADE20K,C:\Users\pandya\OneDrive - UCL\Field experiment raw data\Complete Participantwise data\Final Data\ucm\P9\WalkG\ucm\CamUp\cam_20250806_113337.jpg,C:\Users\pandya\Documents\Github\docker\Paper3_Analysis\output\SVF Output\P9\WalkG\CamUp_SVF\cam_20250806_113337_svf.jpg,True,50.81444449,4.37588383,,,,,,,,,,,,,,,
P9,WalkG,cam_20250806_113338.jpg,2025-08-06 11:33:38,CamUp,neginja_MSE_SkyViewFactor_reference_table,"24,25,25,26,26,27,27,29,29,32,32,36,36,40,41,43,44",9d4c5f0c12889fb034103b01efa54b21690d648acad08c427f81fc6d33241e03,b677f291bd6311850d8cb19c1c51cfff76b3a1e2deece82b67687ca72a30d9f8,REFERENCE_OR_CUSTOM_TABLE_NOT_MARKED_LENS_VERIFIED,542.0,240.0,240.0,True,Holmer_1992_Annular,120,None_MSE_Method_Assumed_Zenith,1.9600364812204625,0.001446,86.81701351463394,0.0,0.0,86.81701351463394,0.0,0.0,DeepLabV3+_Xception65_ADE20K,C:\Users\pandya\OneDrive - UCL\Field experiment raw data\Complete Participantwise data\Final Data\ucm\P9\WalkG\ucm\CamUp\cam_20250806_113338.jpg,C:\Users\pandya\Documents\Github\docker\Paper3_Analysis\output\SVF Output\P9\WalkG\CamUp_SVF\cam_20250806_113338_svf.jpg,True,50.81442586,4.3758583,,,,,,,,,,,,,,,
P9,WalkG,cam_20250806_113339.jpg,2025-08-06 11:33:39,CamUp,neginja_MSE_SkyViewFactor_reference_table,"24,25,25,26,26,27,27,29,29,32,32,36,36,40,41,43,44",9d4c5f0c12889fb034103b01efa54b21690d648acad08c427f81fc6d33241e03,b677f291bd6311850d8cb19c1c51cfff76b3a1e2deece82b67687ca72a30d9f8,REFERENCE_OR_CUSTOM_TABLE_NOT_MARKED_LENS_VERIFIED,542.0,240.0,240.0,True,Holmer_1992_Annular,120,None_MSE_Method_Assumed_Zenith,3.660282453085703,0.005954,86.63681839537904,0.0,0.0,86.63681839537904,0.0,0.0,DeepLabV3+_Xception65_ADE20K,C:\Users\pandya\OneDrive - UCL\Field experiment raw data\Complete Participantwise data\Final Data\ucm\P9\WalkG\ucm\CamUp\cam_20250806_113339.jpg,C:\Users\pandya\Documents\Github\docker\Paper3_Analysis\output\SVF Output\P9\WalkG\CamUp_SVF\cam_20250806_113339_svf.jpg,True,50.814468,4.375994,,,,,,,,,,,,,,,
P9,WalkG,cam_20250806_113340.jpg,2025-08-06 11:33:40,CamUp,neginja_MSE_SkyViewFactor_reference_table,"24,25,25,26,26,27,27,29,29,32,32,36,36,40,41,43,44",9d4c5f0c12889fb034103b01efa54b21690d648acad08c427f81fc6d33241e03,b677f291bd6311850d8cb19c1c51cfff76b3a1e2deece82b67687ca72a30d9f8,REFERENCE_OR_CUSTOM_TABLE_NOT_MARKED_LENS_VERIFIED,542.0,240.0,240.0,True,Holmer_1992_Annular,120,None_MSE_Method_Assumed_Zenith,3.029046789928972,0.002785,91.82654837907305,0.0,0.0,91.82654837907305,0.0,0.0,DeepLabV3+_Xception65_ADE20K,C:\Users\pandya\OneDrive - UCL\Field experiment raw data\Complete Participantwise data\Final Data\ucm\P9\WalkG\ucm\CamUp\cam_20250806_113340.jpg,C:\Users\pandya\Documents\Github\docker\Paper3_Analysis\output\SVF Output\P9\WalkG\CamUp_SVF\cam_20250806_113340_svf.jpg,True,50.814468,4.375981,,,,,,,,,,,,,,,
P9,WalkG,cam_20250806_113341.jpg,2025-08-06 11:33:41,CamUp,neginja_MSE_SkyViewFactor_reference_table,"24,25,25,26,26,27,27,29,29,32,32,36,36,40,41,43,44",9d4c5f0c12889fb034103b01efa54b21690d648acad08c427f81fc6d33241e03,b677f291bd6311850d8cb19c1c51cfff76b3a1e2deece82b67687ca72a30d9f8,REFERENCE_OR_CUSTOM_TABLE_NOT_MARKED_LENS_VERIFIED,542.0,240.0,240.0,True,Holmer_1992_Annular,120,None_MSE_Method_Assumed_Zenith,3.644805571677307,0.00664,91.36003095376282,0.0,0.0,91.36003095376282,0.0,0.06854047480861178,DeepLabV3+_Xception65_ADE20K,C:\Users\pandya\OneDrive - UCL\Field experiment raw data\Complete Participantwise data\Final Data\ucm\P9\WalkG\ucm\CamUp\cam_20250806_113341.jpg,C:\Users\pandya\Documents\Github\docker\Paper3_Analysis\output\SVF Output\P9\WalkG\CamUp_SVF\cam_20250806_113341_svf.jpg,True,50.81437063,4.37582263,,,,,,,,,,,,,,,
P9,WalkG,cam_20250806_113342.jpg,2025-08-06 11:33:42,CamUp,neginja_MSE_SkyViewFactor_reference_table,"24,25,25,26,26,27,27,29,29,32,32,36,36,40,41,43,44",9d4c5f0c12889fb034103b01efa54b21690d648acad08c427f81fc6d33241e03,b677f291bd6311850d8cb19c1c51cfff76b3a1e2deece82b67687ca72a30d9f8,REFERENCE_OR_CUSTOM_TABLE_NOT_MARKED_LENS_VERIFIED,542.0,240.0,240.0,True,Holmer_1992_Annular,120,None_MSE_Method_Assumed_Zenith,8.799712572202417,0.043787,88.30168863831081,0.0,0.0,88.30168863831081,0.0,0.0,DeepLabV3+_Xception65_ADE20K,C:\Users\pandya\OneDrive - UCL\Field experiment raw data\Complete Participantwise data\Final Data\ucm\P9\WalkG\ucm\CamUp\cam_20250806_113342.jpg,C:\Users\pandya\Documents\Github\docker\Paper3_Analysis\output\SVF Output\P9\WalkG\CamUp_SVF\cam_20250806_113342_svf.jpg,True,50.814444,4.375952,,,,,,,,,,,,,,,
P9,WalkG,cam_20250806_113343.jpg,2025-08-06 11:33:43,CamUp,neginja_MSE_SkyViewFactor_reference_table,"24,25,25,26,26,27,27,29,29,32,32,36,36,40,41,43,44",9d4c5f0c12889fb034103b01efa54b21690d648acad08c427f81fc6d33241e03,b677f291bd6311850d8cb19c1c51cfff76b3a1e2deece82b67687ca72a30d9f8,REFERENCE_OR_CUSTOM_TABLE_NOT_MARKED_LENS_VERIFIED,542.0,240.0,240.0,True,Holmer_1992_Annular,120,None_MSE_Method_Assumed_Zenith,4.246192963546417,0.006925,85.42630517093663,0.0,0.0,85.42630517093663,0.0,0.0,DeepLabV3+_Xception65_ADE20K,C:\Users\pandya\OneDrive - UCL\Field experiment raw data\Complete Participantwise data\Final Data\ucm\P9\WalkG\ucm\CamUp\cam_20250806_113343.jpg,C:\Users\pandya\Documents\Github\docker\Paper3_Analysis\output\SVF Output\P9\WalkG\CamUp_SVF\cam_20250806_113343_svf.jpg,True,50.814436,4.375936,,,,,,,,,,,,,,,
P9,WalkG,cam_20250806_113344.jpg,2025-08-06 11:33:44,CamUp,neginja_MSE_SkyViewFactor_reference_table,"24,25,25,26,26,27,27,29,29,32,32,36,36,40,41,43,44",9d4c5f0c12889fb034103b01efa54b21690d648acad08c427f81fc6d33241e03,b677f291bd6311850d8cb19c1c51cfff76b3a1e2deece82b67687ca72a30d9f8,REFERENCE_OR_CUSTOM_TABLE_NOT_MARKED_LENS_VERIFIED,542.0,240.0,240.0,True,Holmer_1992_Annular,120,None_MSE_Method_Assumed_Zenith,5.3688196114197275,0.015219,83.51380482547053,0.0,0.0,83.51380482547053,0.0,0.0,DeepLabV3+_Xception65_ADE20K,C:\Users\pandya\OneDrive - UCL\Field experiment raw data\Complete Participantwise data\Final Data\ucm\P9\WalkG\ucm\CamUp\cam_20250806_113344.jpg,C:\Users\pandya\Documents\Github\docker\Paper3_Analysis\output\SVF Output\P9\WalkG\CamUp_SVF\cam_20250806_113344_svf.jpg,True,50.8143331,4.37575367,,,,,,,,,,,,,,,
P9,WalkG,cam_20250806_113345.jpg,2025-08-06 11:33:45,CamUp,neginja_MSE_SkyViewFactor_reference_table,"24,25,25,26,26,27,27,29,29,32,32,36,36,40,41,43,44",9d4c5f0c12889fb034103b01efa54b21690d648acad08c427f81fc6d33241e03,b677f291bd6311850d8cb19c1c51cfff76b3a1e2deece82b67687ca72a30d9f8,REFERENCE_OR_CUSTOM_TABLE_NOT_MARKED_LENS_VERIFIED,542.0,240.0,240.0,True,Holmer_1992_Annular,120,None_MSE_Method_Assumed_Zenith,12.002874277975845,0.063393,82.86156482325954,0.0,0.0,82.86156482325954,0.0,0.0,DeepLabV3+_Xception65_ADE20K,C:\Users\pandya\OneDrive - UCL\Field experiment raw data\Complete Participantwise data\Final Data\ucm\P9\WalkG\ucm\CamUp\cam_20250806_113345.jpg,C:\Users\pandya\Documents\Github\docker\Paper3_Analysis\output\SVF Output\P9\WalkG\CamUp_SVF\cam_20250806_113345_svf.jpg,True,50.8143331,4.37575367,,,,,,,,,,,,,,,
P9,WalkG,cam_20250806_113346.jpg,2025-08-06 11:33:46,CamUp,neginja_MSE_SkyViewFactor_reference_table,"24,25,25,26,26,27,27,29,29,32,32,36,36,40,41,43,44",9d4c5f0c12889fb034103b01efa54b21690d648acad08c427f81fc6d33241e03,b677f291bd6311850d8cb19c1c51cfff76b3a1e2deece82b67687ca72a30d9f8,REFERENCE_OR_CUSTOM_TABLE_NOT_MARKED_LENS_VERIFIED,542.0,240.0,240.0,True,Holmer_1992_Annular,120,None_MSE_Method_Assumed_Zenith,6.9458032777823835,0.031621,88.67921399552276,0.0,0.0,88.67921399552276,0.0,0.0,DeepLabV3+_Xception65_ADE20K,C:\Users\pandya\OneDrive - UCL\Field experiment raw data\Complete Participantwise data\Final Data\ucm\P9\WalkG\ucm\CamUp\cam_20250806_113346.jpg,C:\Users\pandya\Documents\Github\docker\Paper3_Analysis\output\SVF Output\P9\WalkG\CamUp_SVF\cam_20250806_113346_svf.jpg,True,50.814412,4.375906,,,,,,,,,,,,,,,
P9,WalkG,cam_20250806_113347.jpg,2025-08-06 11:33:47,CamUp,neginja_MSE_SkyViewFactor_reference_table,"24,25,25,26,26,27,27,29,29,32,32,36,36,40,41,43,44",9d4c5f0c12889fb034103b01efa54b21690d648acad08c427f81fc6d33241e03,b677f291bd6311850d8cb19c1c51cfff76b3a1e2deece82b67687ca72a30d9f8,REFERENCE_OR_CUSTOM_TABLE_NOT_MARKED_LENS_VERIFIED,542.0,240.0,240.0,True,Holmer_1992_Annular,120,None_MSE_Method_Assumed_Zenith,8.093856230826631,0.028545,87.49302158472211,0.0,0.0,87.49302158472211,0.0,0.0,DeepLabV3+_Xception65_ADE20K,C:\Users\pandya\OneDrive - UCL\Field experiment raw data\Complete Participantwise data\Final Data\ucm\P9\WalkG\ucm\CamUp\cam_20250806_113347.jpg,C:\Users\pandya\Documents\Github\docker\Paper3_Analysis\output\SVF Output\P9\WalkG\CamUp_SVF\cam_20250806_113347_svf.jpg,True,50.814404,4.37588,,,,,,,,,,,,,,,
P9,WalkG,cam_20250806_113348.jpg,2025-08-06 11:33:48,CamUp,neginja_MSE_SkyViewFactor_reference_table,"24,25,25,26,26,27,27,29,29,32,32,36,36,40,41,43,44",9d4c5f0c12889fb034103b01efa54b21690d648acad08c427f81fc6d33241e03,b677f291bd6311850d8cb19c1c51cfff76b3a1e2deece82b67687ca72a30d9f8,REFERENCE_OR_CUSTOM_TABLE_NOT_MARKED_LENS_VERIFIED,542.0,240.0,240.0,True,Holmer_1992_Annular,120,None_MSE_Method_Assumed_Zenith,10.162783627670454,0.035317,82.2806290246801,0.0,0.0,82.2806290246801,0.0,0.0,DeepLabV3+_Xception65_ADE20K,C:\Users\pandya\OneDrive - UCL\Field experiment raw data\Complete Participantwise data\Final Data\ucm\P9\WalkG\ucm\CamUp\cam_20250806_113348.jpg,C:\Users\pandya\Documents\Github\docker\Paper3_Analysis\output\SVF Output\P9\WalkG\CamUp_SVF\cam_20250806_113348_svf.jpg,True,50.814388,4.375851,,,,,,,,,,,,,,,
P9,WalkG,cam_20250806_113349.jpg,2025-08-06 11:33:49,CamUp,neginja_MSE_SkyViewFactor_reference_table,"24,25,25,26,26,27,27,29,29,32,32,36,36,40,41,43,44",9d4c5f0c12889fb034103b01efa54b21690d648acad08c427f81fc6d33241e03,b677f291bd6311850d8cb19c1c51cfff76b3a1e2deece82b67687ca72a30d9f8,REFERENCE_OR_CUSTOM_TABLE_NOT_MARKED_LENS_VERIFIED,542.0,240.0,240.0,True,Holmer_1992_Annular,120,None_MSE_Method_Assumed_Zenith,5.249979272033828,0.010725,83.83439736893015,0.0,0.0,83.83439736893015,0.0,1.1546859022192741,DeepLabV3+_Xception65_ADE20K,C:\Users\pandya\OneDrive - UCL\Field experiment raw data\Complete Participantwise data\Final Data\ucm\P9\WalkG\ucm\CamUp\cam_20250806_113349.jpg,C:\Users\pandya\Documents\Github\docker\Paper3_Analysis\output\SVF Output\P9\WalkG\CamUp_SVF\cam_20250806_113349_svf.jpg,True,50.8143405,4.37571739,,,,,,,,,,,,,,,
P9,WalkG,cam_20250806_113350.jpg,2025-08-06 11:33:50,CamUp,neginja_MSE_SkyViewFactor_reference_table,"24,25,25,26,26,27,27,29,29,32,32,36,36,40,41,43,44",9d4c5f0c12889fb034103b01efa54b21690d648acad08c427f81fc6d33241e03,b677f291bd6311850d8cb19c1c51cfff76b3a1e2deece82b67687ca72a30d9f8,REFERENCE_OR_CUSTOM_TABLE_NOT_MARKED_LENS_VERIFIED,542.0,240.0,240.0,True,Holmer_1992_Annular,120,None_MSE_Method_Assumed_Zenith,6.269242461929636,0.013715,77.75198297543045,0.0,0.0,77.75198297543045,0.0,1.800845701019816,DeepLabV3+_Xception65_ADE20K,C:\Users\pandya\OneDrive - UCL\Field experiment raw data\Complete Participantwise data\Final Data\ucm\P9\WalkG\ucm\CamUp\cam_20250806_113350.jpg,C:\Users\pandya\Documents\Github\docker\Paper3_Analysis\output\SVF Output\P9\WalkG\CamUp_SVF\cam_20250806_113350_svf.jpg,True,50.81433815,4.37569197,,,,,,,,,,,,,,,
P9,WalkG,cam_20250806_113351.jpg,2025-08-06 11:33:51,CamUp,neginja_MSE_SkyViewFactor_reference_table,"24,25,25,26,26,27,27,29,29,32,32,36,36,40,41,43,44",9d4c5f0c12889fb034103b01efa54b21690d648acad08c427f81fc6d33241e03,b677f291bd6311850d8cb19c1c51cfff76b3a1e2deece82b67687ca72a30d9f8,REFERENCE_OR_CUSTOM_TABLE_NOT_MARKED_LENS_VERIFIED,542.0,240.0,240.0,True,Holmer_1992_Annular,120,None_MSE_Method_Assumed_Zenith,9.871486609733852,0.025543,83.06442251886244,0.0,0.0,83.06442251886244,0.0,0.4499350523726612,DeepLabV3+_Xception65_ADE20K,C:\Users\pandya\OneDrive - UCL\Field experiment raw data\Complete Participantwise data\Final Data\ucm\P9\WalkG\ucm\CamUp\cam_20250806_113351.jpg,C:\Users\pandya\Documents\Github\docker\Paper3_Analysis\output\SVF Output\P9\WalkG\CamUp_SVF\cam_20250806_113351_svf.jpg,True,50.81433815,4.37569197,,,,,,,,,,,,,,,
P9,WalkG,cam_20250806_113352.jpg,2025-08-06 11:33:52,CamUp,neginja_MSE_SkyViewFactor_reference_table,"24,25,25,26,26,27,27,29,29,32,32,36,36,40,41,43,44",9d4c5f0c12889fb034103b01efa54b21690d648acad08c427f81fc6d33241e03,b677f291bd6311850d8cb19c1c51cfff76b3a1e2deece82b67687ca72a30d9f8,REFERENCE_OR_CUSTOM_TABLE_NOT_MARKED_LENS_VERIFIED,542.0,240.0,240.0,True,Holmer_1992_Annular,120,None_MSE_Method_Assumed_Zenith,5.722576900754498,0.012499,80.83464610452423,0.0,0.0,80.83464610452423,0.0,1.6952712599839703,DeepLabV3+_Xception65_ADE20K,C:\Users\pandya\OneDrive - UCL\Field experiment raw data\Complete Participantwise data\Final Data\ucm\P9\WalkG\ucm\CamUp\cam_20250806_113352.jpg,C:\Users\pandya\Documents\Github\docker\Paper3_Analysis\output\SVF Output\P9\WalkG\CamUp_SVF\cam_20250806_113352_svf.jpg,True,50.81431884,4.37567304,,,,,,,,,,,,,,,
P9,WalkG,cam_20250806_113353.jpg,2025-08-06 11:33:53,CamUp,neginja_MSE_SkyViewFactor_reference_table,"24,25,25,26,26,27,27,29,29,32,32,36,36,40,41,43,44",9d4c5f0c12889fb034103b01efa54b21690d648acad08c427f81fc6d33241e03,b677f291bd6311850d8cb19c1c51cfff76b3a1e2deece82b67687ca72a30d9f8,REFERENCE_OR_CUSTOM_TABLE_NOT_MARKED_LENS_VERIFIED,542.0,240.0,240.0,True,Holmer_1992_Annular,120,None_MSE_Method_Assumed_Zenith,10.696183290495537,0.02703,80.28963878064285,0.0,0.0,80.28963878064285,0.0,0.0812536273940801,DeepLabV3+_Xception65_ADE20K,C:\Users\pandya\OneDrive - UCL\Field experiment raw data\Complete Participantwise data\Final Data\ucm\P9\WalkG\ucm\CamUp\cam_20250806_113353.jpg,C:\Users\pandya\Documents\Github\docker\Paper3_Analysis\output\SVF Output\P9\WalkG\CamUp_SVF\cam_20250806_113353_svf.jpg,True,50.81429069,4.37562268,,,,,,,,,,,,,,,
P9,WalkG,cam_20250806_113354.jpg,2025-08-06 11:33:54,CamUp,neginja_MSE_SkyViewFactor_reference_table,"24,25,25,26,26,27,27,29,29,32,32,36,36,40,41,43,44",9d4c5f0c12889fb034103b01efa54b21690d648acad08c427f81fc6d33241e03,b677f291bd6311850d8cb19c1c51cfff76b3a1e2deece82b67687ca72a30d9f8,REFERENCE_OR_CUSTOM_TABLE_NOT_MARKED_LENS_VERIFIED,542.0,240.0,240.0,True,Holmer_1992_Annular,120,None_MSE_Method_Assumed_Zenith,13.993311776248515,0.04893,68.81021474172954,0.0,0.0,68.81021474172954,0.0,0.19014454301743913,DeepLabV3+_Xception65_ADE20K,C:\Users\pandya\OneDrive - UCL\Field experiment raw data\Complete Participantwise data\Final Data\ucm\P9\WalkG\ucm\CamUp\cam_20250806_113354.jpg,C:\Users\pandya\Documents\Github\docker\Paper3_Analysis\output\SVF Output\P9\WalkG\CamUp_SVF\cam_20250806_113354_svf.jpg,True,50.8142733,4.37561338,,,,,,,,,,,,,,,
P9,WalkG,cam_20250806_113355.jpg,2025-08-06 11:33:55,CamUp,neginja_MSE_SkyViewFactor_reference_table,"24,25,25,26,26,27,27,29,29,32,32,36,36,40,41,43,44",9d4c5f0c12889fb034103b01efa54b21690d648acad08c427f81fc6d33241e03,b677f291bd6311850d8cb19c1c51cfff76b3a1e2deece82b67687ca72a30d9f8,REFERENCE_OR_CUSTOM_TABLE_NOT_MARKED_LENS_VERIFIED,542.0,240.0,240.0,True,Holmer_1992_Annular,120,None_MSE_Method_Assumed_Zenith,7.764419755133627,0.018776,73.59809855456983,0.3482298316889147,0.0,73.94632838625874,0.0,3.747063538125639,DeepLabV3+_Xception65_ADE20K,C:\Users\pandya\OneDrive - UCL\Field experiment raw data\Complete Participantwise data\Final Data\ucm\P9\WalkG\ucm\CamUp\cam_20250806_113355.jpg,C:\Users\pandya\Documents\Github\docker\Paper3_Analysis\output\SVF Output\P9\WalkG\CamUp_SVF\cam_20250806_113355_svf.jpg,True,50.814364,4.375782,,,,,,,,,,,,,,,
P9,WalkG,cam_20250806_113356.jpg,2025-08-06 11:33:56,CamUp,neginja_MSE_SkyViewFactor_reference_table,"24,25,25,26,26,27,27,29,29,32,32,36,36,40,41,43,44",9d4c5f0c12889fb034103b01efa54b21690d648acad08c427f81fc6d33241e03,b677f291bd6311850d8cb19c1c51cfff76b3a1e2deece82b67687ca72a30d9f8,REFERENCE_OR_CUSTOM_TABLE_NOT_MARKED_LENS_VERIFIED,542.0,240.0,240.0,True,Holmer_1992_Annular,120,None_MSE_Method_Assumed_Zenith,9.54205013404085,0.029003,75.65154907000526,0.224414780421745,0.0,75.875963850427,0.0,0.2691871873531769,DeepLabV3+_Xception65_ADE20K,C:\Users\pandya\OneDrive - UCL\Field experiment raw data\Complete Participantwise data\Final Data\ucm\P9\WalkG\ucm\CamUp\cam_20250806_113356.jpg,C:\Users\pandya\Documents\Github\docker\Paper3_Analysis\output\SVF Output\P9\WalkG\CamUp_SVF\cam_20250806_113356_svf.jpg,True,50.814348,4.37575,,,,,,,,,,,,,,,
P9,WalkG,cam_20250806_113357.jpg,2025-08-06 11:33:57,CamUp,neginja_MSE_SkyViewFactor_reference_table,"24,25,25,26,26,27,27,29,29,32,32,36,36,40,41,43,44",9d4c5f0c12889fb034103b01efa54b21690d648acad08c427f81fc6d33241e03,b677f291bd6311850d8cb19c1c51cfff76b3a1e2deece82b67687ca72a30d9f8,REFERENCE_OR_CUSTOM_TABLE_NOT_MARKED_LENS_VERIFIED,542.0,240.0,240.0,True,Holmer_1992_Annular,120,None_MSE_Method_Assumed_Zenith,8.393444435232016,0.018704,69.19216206505817,0.04311416963767515,0.0,69.23527623469585,0.0,0.3487825774535003,DeepLabV3+_Xception65_ADE20K,C:\Users\pandya\OneDrive - UCL\Field experiment raw data\Complete Participantwise data\Final Data\ucm\P9\WalkG\ucm\CamUp\cam_20250806_113357.jpg,C:\Users\pandya\Documents\Github\docker\Paper3_Analysis\output\SVF Output\P9\WalkG\CamUp_SVF\cam_20250806_113357_svf.jpg,True,50.81434,4.375714,,,,,,,,,,,,,,,
P9,WalkG,cam_20250806_113358.jpg,2025-08-06 11:33:58,CamUp,neginja_MSE_SkyViewFactor_reference_table,"24,25,25,26,26,27,27,29,29,32,32,36,36,40,41,43,44",9d4c5f0c12889fb034103b01efa54b21690d648acad08c427f81fc6d33241e03,b677f291bd6311850d8cb19c1c51cfff76b3a1e2deece82b67687ca72a30d9f8,REFERENCE_OR_CUSTOM_TABLE_NOT_MARKED_LENS_VERIFIED,542.0,240.0,240.0,True,Holmer_1992_Annular,120,None_MSE_Method_Assumed_Zenith,7.467042533786585,0.015841,80.35596827239311,0.0011054915291711577,0.0,80.35707376392229,0.0,1.8903905148826796,DeepLabV3+_Xception65_ADE20K,C:\Users\pandya\OneDrive - UCL\Field experiment raw data\Complete Participantwise data\Final Data\ucm\P9\WalkG\ucm\CamUp\cam_20250806_113358.jpg,C:\Users\pandya\Documents\Github\docker\Paper3_Analysis\output\SVF Output\P9\WalkG\CamUp_SVF\cam_20250806_113358_svf.jpg,True,50.81434,4.375714,,,,,,,,,,,,,,,
P9,WalkG,cam_20250806_113359.jpg,2025-08-06 11:33:59,CamUp,neginja_MSE_SkyViewFactor_reference_table,"24,25,25,26,26,27,27,29,29,32,32,36,36,40,41,43,44",9d4c5f0c12889fb034103b01efa54b21690d648acad08c427f81fc6d33241e03,b677f291bd6311850d8cb19c1c51cfff76b3a1e2deece82b67687ca72a30d9f8,REFERENCE_OR_CUSTOM_TABLE_NOT_MARKED_LENS_VERIFIED,542.0,240.0,240.0,True,Holmer_1992_Annular,120,None_MSE_Method_Assumed_Zenith,12.723102009230855,0.036682,80.81861647735124,0.0,0.0,80.81861647735124,0.0,0.0,DeepLabV3+_Xception65_ADE20K,C:\Users\pandya\OneDrive - UCL\Field experiment raw data\Complete Participantwise data\Final Data\ucm\P9\WalkG\ucm\CamUp\cam_20250806_113359.jpg,C:\Users\pandya\Documents\Github\docker\Paper3_Analysis\output\SVF Output\P9\WalkG\CamUp_SVF\cam_20250806_113359_svf.jpg,True,50.81428862,4.37551509,,,,,,,,,,,,,,,
P9,WalkG,cam_20250806_113400.jpg,2025-08-06 11:34:00,CamUp,neginja_MSE_SkyViewFactor_reference_table,"24,25,25,26,26,27,27,29,29,32,32,36,36,40,41,43,44",9d4c5f0c12889fb034103b01efa54b21690d648acad08c427f81fc6d33241e03,b677f291bd6311850d8cb19c1c51cfff76b3a1e2deece82b67687ca72a30d9f8,REFERENCE_OR_CUSTOM_TABLE_NOT_MARKED_LENS_VERIFIED,542.0,240.0,240.0,True,Holmer_1992_Annular,120,None_MSE_Method_Assumed_Zenith,8.098830942707902,0.018067,88.84780145372136,0.0,0.0,88.84780145372136,0.0,0.0,DeepLabV3+_Xception65_ADE20K,C:\Users\pandya\OneDrive - UCL\Field experiment raw data\Complete Participantwise data\Final Data\ucm\P9\WalkG\ucm\CamUp\cam_20250806_113400.jpg,C:\Users\pandya\Documents\Github\docker\Paper3_Analysis\output\SVF Output\P9\WalkG\CamUp_SVF\cam_20250806_113400_svf.jpg,True,50.81428862,4.37551509,,,,,,,,,,,,,,,
P9,WalkG,cam_20250806_113401.jpg,2025-08-06 11:34:01,CamUp,neginja_MSE_SkyViewFactor_reference_table,"24,25,25,26,26,27,27,29,29,32,32,36,36,40,41,43,44",9d4c5f0c12889fb034103b01efa54b21690d648acad08c427f81fc6d33241e03,b677f291bd6311850d8cb19c1c51cfff76b3a1e2deece82b67687ca72a30d9f8,REFERENCE_OR_CUSTOM_TABLE_NOT_MARKED_LENS_VERIFIED,542.0,240.0,240.0,True,Holmer_1992_Annular,120,None_MSE_Method_Assumed_Zenith,6.848520023215323,0.020614,81.89370698947019,0.0,0.0,81.89370698947019,0.0,0.0,DeepLabV3+_Xception65_ADE20K,C:\Users\pandya\OneDrive - UCL\Field experiment raw data\Complete Participantwise data\Final Data\ucm\P9\WalkG\ucm\CamUp\cam_20250806_113401.jpg,C:\Users\pandya\Documents\Github\docker\Paper3_Analysis\output\SVF Output\P9\WalkG\CamUp_SVF\cam_20250806_113401_svf.jpg,True,50.8142276,4.37550067,,,,,,,,,,,,,,,
P9,WalkG,cam_20250806_113402.jpg,2025-08-06 11:34:02,CamUp,neginja_MSE_SkyViewFactor_reference_table,"24,25,25,26,26,27,27,29,29,32,32,36,36,40,41,43,44",9d4c5f0c12889fb034103b01efa54b21690d648acad08c427f81fc6d33241e03,b677f291bd6311850d8cb19c1c51cfff76b3a1e2deece82b67687ca72a30d9f8,REFERENCE_OR_CUSTOM_TABLE_NOT_MARKED_LENS_VERIFIED,542.0,240.0,240.0,True,Holmer_1992_Annular,120,None_MSE_Method_Assumed_Zenith,7.257551889008651,0.01889,91.01345935936766,0.035928474698062624,0.0,91.04938783406573,0.0,0.0005527457645855789,DeepLabV3+_Xception65_ADE20K,C:\Users\pandya\OneDrive - UCL\Field experiment raw data\Complete Participantwise data\Final Data\ucm\P9\WalkG\ucm\CamUp\cam_20250806_113402.jpg,C:\Users\pandya\Documents\Github\docker\Paper3_Analysis\output\SVF Output\P9\WalkG\CamUp_SVF\cam_20250806_113402_svf.jpg,True,50.8142377,4.37545938,,,,,,,,,,,,,,,
P9,WalkG,cam_20250806_113403.jpg,2025-08-06 11:34:03,CamUp,neginja_MSE_SkyViewFactor_reference_table,"24,25,25,26,26,27,27,29,29,32,32,36,36,40,41,43,44",9d4c5f0c12889fb034103b01efa54b21690d648acad08c427f81fc6d33241e03,b677f291bd6311850d8cb19c1c51cfff76b3a1e2deece82b67687ca72a30d9f8,REFERENCE_OR_CUSTOM_TABLE_NOT_MARKED_LENS_VERIFIED,542.0,240.0,240.0,True,Holmer_1992_Annular,120,None_MSE_Method_Assumed_Zenith,13.948539369317084,0.058064,68.43379487604676,0.0,0.0,68.43379487604676,0.0,0.007185694939612526,DeepLabV3+_Xception65_ADE20K,C:\Users\pandya\OneDrive - UCL\Field experiment raw data\Complete Participantwise data\Final Data\ucm\P9\WalkG\ucm\CamUp\cam_20250806_113403.jpg,C:\Users\pandya\Documents\Github\docker\Paper3_Analysis\output\SVF Output\P9\WalkG\CamUp_SVF\cam_20250806_113403_svf.jpg,True,50.8142377,4.37545938,,,,,,,,,,,,,,,
P9,WalkG,cam_20250806_113404.jpg,2025-08-06 11:34:04,CamUp,neginja_MSE_SkyViewFactor_reference_table,"24,25,25,26,26,27,27,29,29,32,32,36,36,40,41,43,44",9d4c5f0c12889fb034103b01efa54b21690d648acad08c427f81fc6d33241e03,b677f291bd6311850d8cb19c1c51cfff76b3a1e2deece82b67687ca72a30d9f8,REFERENCE_OR_CUSTOM_TABLE_NOT_MARKED_LENS_VERIFIED,542.0,240.0,240.0,True,Holmer_1992_Annular,120,None_MSE_Method_Assumed_Zenith,11.30088715695216,0.036519,77.55520548323798,0.4830997982477959,0.0005527457645855789,78.03885802725036,0.0,0.150899593731863,DeepLabV3+_Xception65_ADE20K,C:\Users\pandya\OneDrive - UCL\Field experiment raw data\Complete Participantwise data\Final Data\ucm\P9\WalkG\ucm\CamUp\cam_20250806_113404.jpg,C:\Users\pandya\Documents\Github\docker\Paper3_Analysis\output\SVF Output\P9\WalkG\CamUp_SVF\cam_20250806_113404_svf.jpg,True,50.81425105,4.37544749,,,,,,,,,,,,,,,
P9,WalkG,cam_20250806_113405.jpg,2025-08-06 11:34:05,CamUp,neginja_MSE_SkyViewFactor_reference_table,"24,25,25,26,26,27,27,29,29,32,32,36,36,40,41,43,44",9d4c5f0c12889fb034103b01efa54b21690d648acad08c427f81fc6d33241e03,b677f291bd6311850d8cb19c1c51cfff76b3a1e2deece82b67687ca72a30d9f8,REFERENCE_OR_CUSTOM_TABLE_NOT_MARKED_LENS_VERIFIED,542.0,240.0,240.0,True,Holmer_1992_Annular,120,None_MSE_Method_Assumed_Zenith,7.685929856562473,0.026527,71.98960837962579,0.0,0.0,71.98960837962579,0.0,0.04421966116684631,DeepLabV3+_Xception65_ADE20K,C:\Users\pandya\OneDrive - UCL\Field experiment raw data\Complete Participantwise data\Final Data\ucm\P9\WalkG\ucm\CamUp\cam_20250806_113405.jpg,C:\Users\pandya\Documents\Github\docker\Paper3_Analysis\output\SVF Output\P9\WalkG\CamUp_SVF\cam_20250806_113405_svf.jpg,True,50.81425481,4.37542827,,,,,,,,,,,,,,,
P9,WalkG,cam_20250806_113406.jpg,2025-08-06 11:34:06,CamUp,neginja_MSE_SkyViewFactor_reference_table,"24,25,25,26,26,27,27,29,29,32,32,36,36,40,41,43,44",9d4c5f0c12889fb034103b01efa54b21690d648acad08c427f81fc6d33241e03,b677f291bd6311850d8cb19c1c51cfff76b3a1e2deece82b67687ca72a30d9f8,REFERENCE_OR_CUSTOM_TABLE_NOT_MARKED_LENS_VERIFIED,542.0,240.0,240.0,True,Holmer_1992_Annular,120,None_MSE_Method_Assumed_Zenith,8.024210264488849,0.03746,87.91200287427797,0.011607661056297156,0.15863803443606111,88.08224856977034,0.0,0.2669762042948346,DeepLabV3+_Xception65_ADE20K,C:\Users\pandya\OneDrive - UCL\Field experiment raw data\Complete Participantwise data\Final Data\ucm\P9\WalkG\ucm\CamUp\cam_20250806_113406.jpg,C:\Users\pandya\Documents\Github\docker\Paper3_Analysis\output\SVF Output\P9\WalkG\CamUp_SVF\cam_20250806_113406_svf.jpg,True,50.81428,4.375528,,,,,,,,,,,,,,,
P9,WalkG,cam_20250806_113407.jpg,2025-08-06 11:34:07,CamUp,neginja_MSE_SkyViewFactor_reference_table,"24,25,25,26,26,27,27,29,29,32,32,36,36,40,41,43,44",9d4c5f0c12889fb034103b01efa54b21690d648acad08c427f81fc6d33241e03,b677f291bd6311850d8cb19c1c51cfff76b3a1e2deece82b67687ca72a30d9f8,REFERENCE_OR_CUSTOM_TABLE_NOT_MARKED_LENS_VERIFIED,542.0,240.0,240.0,True,Holmer_1992_Annular,120,None_MSE_Method_Assumed_Zenith,8.937346267584225,0.045248,90.3413205096316,0.0,0.0,90.3413205096316,0.0,0.11939308515048502,DeepLabV3+_Xception65_ADE20K,C:\Users\pandya\OneDrive - UCL\Field experiment raw data\Complete Participantwise data\Final Data\ucm\P9\WalkG\ucm\CamUp\cam_20250806_113407.jpg,C:\Users\pandya\Documents\Github\docker\Paper3_Analysis\output\SVF Output\P9\WalkG\CamUp_SVF\cam_20250806_113407_svf.jpg,True,50.81428,4.375528,,,,,,,,,,,,,,,
P9,WalkG,cam_20250806_113408.jpg,2025-08-06 11:34:08,CamUp,neginja_MSE_SkyViewFactor_reference_table,"24,25,25,26,26,27,27,29,29,32,32,36,36,40,41,43,44",9d4c5f0c12889fb034103b01efa54b21690d648acad08c427f81fc6d33241e03,b677f291bd6311850d8cb19c1c51cfff76b3a1e2deece82b67687ca72a30d9f8,REFERENCE_OR_CUSTOM_TABLE_NOT_MARKED_LENS_VERIFIED,542.0,240.0,240.0,True,Holmer_1992_Annular,120,None_MSE_Method_Assumed_Zenith,13.744576182185003,0.07633,86.21009866511898,0.0,0.0,86.21009866511898,0.0,0.037586711991819365,DeepLabV3+_Xception65_ADE20K,C:\Users\pandya\OneDrive - UCL\Field experiment raw data\Complete Participantwise data\Final Data\ucm\P9\WalkG\ucm\CamUp\cam_20250806_113408.jpg,C:\Users\pandya\Documents\Github\docker\Paper3_Analysis\output\SVF Output\P9\WalkG\CamUp_SVF\cam_20250806_113408_svf.jpg,True,50.81421644,4.37532153,,,,,,,,,,,,,,,
P9,WalkG,cam_20250806_113409.jpg,2025-08-06 11:34:09,CamUp,neginja_MSE_SkyViewFactor_reference_table,"24,25,25,26,26,27,27,29,29,32,32,36,36,40,41,43,44",9d4c5f0c12889fb034103b01efa54b21690d648acad08c427f81fc6d33241e03,b677f291bd6311850d8cb19c1c51cfff76b3a1e2deece82b67687ca72a30d9f8,REFERENCE_OR_CUSTOM_TABLE_NOT_MARKED_LENS_VERIFIED,542.0,240.0,240.0,True,Holmer_1992_Annular,120,None_MSE_Method_Assumed_Zenith,7.531161042478512,0.051146,86.12387032584363,0.0,0.0,86.12387032584363,0.0,1.339855733355443,DeepLabV3+_Xception65_ADE20K,C:\Users\pandya\OneDrive - UCL\Field experiment raw data\Complete Participantwise data\Final Data\ucm\P9\WalkG\ucm\CamUp\cam_20250806_113409.jpg,C:\Users\pandya\Documents\Github\docker\Paper3_Analysis\output\SVF Output\P9\WalkG\CamUp_SVF\cam_20250806_113409_svf.jpg,True,50.81421644,4.37532153,,,,,,,,,,,,,,,
P9,WalkG,cam_20250806_113410.jpg,2025-08-06 11:34:10,CamUp,neginja_MSE_SkyViewFactor_reference_table,"24,25,25,26,26,27,27,29,29,32,32,36,36,40,41,43,44",9d4c5f0c12889fb034103b01efa54b21690d648acad08c427f81fc6d33241e03,b677f291bd6311850d8cb19c1c51cfff76b3a1e2deece82b67687ca72a30d9f8,REFERENCE_OR_CUSTOM_TABLE_NOT_MARKED_LENS_VERIFIED,542.0,240.0,240.0,True,Holmer_1992_Annular,120,None_MSE_Method_Assumed_Zenith,4.815521101069563,0.055479,93.08625597656358,0.0,0.0,93.08625597656358,0.02819003399386452,1.6366802089378991,DeepLabV3+_Xception65_ADE20K,C:\Users\pandya\OneDrive - UCL\Field experiment raw data\Complete Participantwise data\Final Data\ucm\P9\WalkG\ucm\CamUp\cam_20250806_113410.jpg,C:\Users\pandya\Documents\Github\docker\Paper3_Analysis\output\SVF Output\P9\WalkG\CamUp_SVF\cam_20250806_113410_svf.jpg,True,50.81422773,4.37527953,,,,,,,,,,,,,,,
P9,WalkG,cam_20250806_113411.jpg,2025-08-06 11:34:11,CamUp,neginja_MSE_SkyViewFactor_reference_table,"24,25,25,26,26,27,27,29,29,32,32,36,36,40,41,43,44",9d4c5f0c12889fb034103b01efa54b21690d648acad08c427f81fc6d33241e03,b677f291bd6311850d8cb19c1c51cfff76b3a1e2deece82b67687ca72a30d9f8,REFERENCE_OR_CUSTOM_TABLE_NOT_MARKED_LENS_VERIFIED,542.0,240.0,240.0,True,Holmer_1992_Annular,120,None_MSE_Method_Assumed_Zenith,7.884365586048697,0.072063,87.3283033468756,0.0,0.0,87.3283033468756,0.0,0.9645413592018351,DeepLabV3+_Xception65_ADE20K,C:\Users\pandya\OneDrive - UCL\Field experiment raw data\Complete Participantwise data\Final Data\ucm\P9\WalkG\ucm\CamUp\cam_20250806_113411.jpg,C:\Users\pandya\Documents\Github\docker\Paper3_Analysis\output\SVF Output\P9\WalkG\CamUp_SVF\cam_20250806_113411_svf.jpg,True,50.81422773,4.37527953,,,,,,,,,,,,,,,
P9,WalkG,cam_20250806_113412.jpg,2025-08-06 11:34:12,CamUp,neginja_MSE_SkyViewFactor_reference_table,"24,25,25,26,26,27,27,29,29,32,32,36,36,40,41,43,44",9d4c5f0c12889fb034103b01efa54b21690d648acad08c427f81fc6d33241e03,b677f291bd6311850d8cb19c1c51cfff76b3a1e2deece82b67687ca72a30d9f8,REFERENCE_OR_CUSTOM_TABLE_NOT_MARKED_LENS_VERIFIED,542.0,240.0,240.0,True,Holmer_1992_Annular,120,None_MSE_Method_Assumed_Zenith,13.522372384821601,0.109105,79.9651770168311,0.0,0.0,79.9651770168311,0.0,0.06467125445651273,DeepLabV3+_Xception65_ADE20K,C:\Users\pandya\OneDrive - UCL\Field experiment raw data\Complete Participantwise data\Final Data\ucm\P9\WalkG\ucm\CamUp\cam_20250806_113412.jpg,C:\Users\pandya\Documents\Github\docker\Paper3_Analysis\output\SVF Output\P9\WalkG\CamUp_SVF\cam_20250806_113412_svf.jpg,True,50.81423125,4.37524645,,,,,,,,,,,,,,,
P9,WalkG,cam_20250806_113413.jpg,2025-08-06 11:34:13,CamUp,neginja_MSE_SkyViewFactor_reference_table,"24,25,25,26,26,27,27,29,29,32,32,36,36,40,41,43,44",9d4c5f0c12889fb034103b01efa54b21690d648acad08c427f81fc6d33241e03,b677f291bd6311850d8cb19c1c51cfff76b3a1e2deece82b67687ca72a30d9f8,REFERENCE_OR_CUSTOM_TABLE_NOT_MARKED_LENS_VERIFIED,542.0,240.0,240.0,True,Holmer_1992_Annular,120,None_MSE_Method_Assumed_Zenith,12.575518890086505,0.108399,75.12809883094272,0.12492054279634082,0.0,75.25301937373906,0.0,0.0,DeepLabV3+_Xception65_ADE20K,C:\Users\pandya\OneDrive - UCL\Field experiment raw data\Complete Participantwise data\Final Data\ucm\P9\WalkG\ucm\CamUp\cam_20250806_113413.jpg,C:\Users\pandya\Documents\Github\docker\Paper3_Analysis\output\SVF Output\P9\WalkG\CamUp_SVF\cam_20250806_113413_svf.jpg,True,50.81422879,4.37522772,,,,,,,,,,,,,,,
P9,WalkG,cam_20250806_113414.jpg,2025-08-06 11:34:14,CamUp,neginja_MSE_SkyViewFactor_reference_table,"24,25,25,26,26,27,27,29,29,32,32,36,36,40,41,43,44",9d4c5f0c12889fb034103b01efa54b21690d648acad08c427f81fc6d33241e03,b677f291bd6311850d8cb19c1c51cfff76b3a1e2deece82b67687ca72a30d9f8,REFERENCE_OR_CUSTOM_TABLE_NOT_MARKED_LENS_VERIFIED,542.0,240.0,240.0,True,Holmer_1992_Annular,120,None_MSE_Method_Assumed_Zenith,16.338612055385127,0.150595,73.63568526656165,0.0005527457645855789,0.0,73.63623801232623,0.0,0.006080203410441368,DeepLabV3+_Xception65_ADE20K,C:\Users\pandya\OneDrive - UCL\Field experiment raw data\Complete Participantwise data\Final Data\ucm\P9\WalkG\ucm\CamUp\cam_20250806_113414.jpg,C:\Users\pandya\Documents\Github\docker\Paper3_Analysis\output\SVF Output\P9\WalkG\CamUp_SVF\cam_20250806_113414_svf.jpg,True,50.81422033,4.37520802,,,,,,,,,,,,,,,
P9,WalkG,cam_20250806_113415.jpg,2025-08-06 11:34:15,CamUp,neginja_MSE_SkyViewFactor_reference_table,"24,25,25,26,26,27,27,29,29,32,32,36,36,40,41,43,44",9d4c5f0c12889fb034103b01efa54b21690d648acad08c427f81fc6d33241e03,b677f291bd6311850d8cb19c1c51cfff76b3a1e2deece82b67687ca72a30d9f8,REFERENCE_OR_CUSTOM_TABLE_NOT_MARKED_LENS_VERIFIED,542.0,240.0,240.0,True,Holmer_1992_Annular,120,None_MSE_Method_Assumed_Zenith,17.687311720973938,0.178516,72.3610535334273,0.0,0.0,72.3610535334273,0.0,0.0,DeepLabV3+_Xception65_ADE20K,C:\Users\pandya\OneDrive - UCL\Field experiment raw data\Complete Participantwise data\Final Data\ucm\P9\WalkG\ucm\CamUp\cam_20250806_113415.jpg,C:\Users\pandya\Documents\Github\docker\Paper3_Analysis\output\SVF Output\P9\WalkG\CamUp_SVF\cam_20250806_113415_svf.jpg,True,50.81420179,4.37517922,,,,,,,,,,,,,,,
P9,WalkG,cam_20250806_113416.jpg,2025-08-06 11:34:16,CamUp,neginja_MSE_SkyViewFactor_reference_table,"24,25,25,26,26,27,27,29,29,32,32,36,36,40,41,43,44",9d4c5f0c12889fb034103b01efa54b21690d648acad08c427f81fc6d33241e03,b677f291bd6311850d8cb19c1c51cfff76b3a1e2deece82b67687ca72a30d9f8,REFERENCE_OR_CUSTOM_TABLE_NOT_MARKED_LENS_VERIFIED,542.0,240.0,240.0,True,Holmer_1992_Annular,120,None_MSE_Method_Assumed_Zenith,19.592073625735843,0.198452,69.3331122350275,0.0,0.0,69.3331122350275,0.0,0.3791835945057071,DeepLabV3+_Xception65_ADE20K,C:\Users\pandya\OneDrive - UCL\Field experiment raw data\Complete Participantwise data\Final Data\ucm\P9\WalkG\ucm\CamUp\cam_20250806_113416.jpg,C:\Users\pandya\Documents\Github\docker\Paper3_Analysis\output\SVF Output\P9\WalkG\CamUp_SVF\cam_20250806_113416_svf.jpg,True,50.81419915,4.37515548,,,,,,,,,,,,,,,
P9,WalkG,cam_20250806_113417.jpg,2025-08-06 11:34:17,CamUp,neginja_MSE_SkyViewFactor_reference_table,"24,25,25,26,26,27,27,29,29,32,32,36,36,40,41,43,44",9d4c5f0c12889fb034103b01efa54b21690d648acad08c427f81fc6d33241e03,b677f291bd6311850d8cb19c1c51cfff76b3a1e2deece82b67687ca72a30d9f8,REFERENCE_OR_CUSTOM_TABLE_NOT_MARKED_LENS_VERIFIED,542.0,240.0,240.0,True,Holmer_1992_Annular,120,None_MSE_Method_Assumed_Zenith,15.110410966475971,0.210331,78.57999613077965,0.0,0.0,78.57999613077965,0.0,0.4416438659038775,DeepLabV3+_Xception65_ADE20K,C:\Users\pandya\OneDrive - UCL\Field experiment raw data\Complete Participantwise data\Final Data\ucm\P9\WalkG\ucm\CamUp\cam_20250806_113417.jpg,C:\Users\pandya\Documents\Github\docker\Paper3_Analysis\output\SVF Output\P9\WalkG\CamUp_SVF\cam_20250806_113417_svf.jpg,True,50.81419915,4.37515548,,,,,,,,,,,,,,,
P9,WalkG,cam_20250806_113418.jpg,2025-08-06 11:34:18,CamUp,neginja_MSE_SkyViewFactor_reference_table,"24,25,25,26,26,27,27,29,29,32,32,36,36,40,41,43,44",9d4c5f0c12889fb034103b01efa54b21690d648acad08c427f81fc6d33241e03,b677f291bd6311850d8cb19c1c51cfff76b3a1e2deece82b67687ca72a30d9f8,REFERENCE_OR_CUSTOM_TABLE_NOT_MARKED_LENS_VERIFIED,542.0,240.0,240.0,True,Holmer_1992_Annular,120,None_MSE_Method_Assumed_Zenith,19.508056269518832,0.254104,73.97009645413593,0.0,0.0,73.97009645413593,0.0,0.8081143078241162,DeepLabV3+_Xception65_ADE20K,C:\Users\pandya\OneDrive - UCL\Field experiment raw data\Complete Participantwise data\Final Data\ucm\P9\WalkG\ucm\CamUp\cam_20250806_113418.jpg,C:\Users\pandya\Documents\Github\docker\Paper3_Analysis\output\SVF Output\P9\WalkG\CamUp_SVF\cam_20250806_113418_svf.jpg,True,50.81418901,4.37511946,,,,,,,,,,,,,,,
P9,WalkG,cam_20250806_113419.jpg,2025-08-06 11:34:19,CamUp,neginja_MSE_SkyViewFactor_reference_table,"24,25,25,26,26,27,27,29,29,32,32,36,36,40,41,43,44",9d4c5f0c12889fb034103b01efa54b21690d648acad08c427f81fc6d33241e03,b677f291bd6311850d8cb19c1c51cfff76b3a1e2deece82b67687ca72a30d9f8,REFERENCE_OR_CUSTOM_TABLE_NOT_MARKED_LENS_VERIFIED,542.0,240.0,240.0,True,Holmer_1992_Annular,120,None_MSE_Method_Assumed_Zenith,25.566702595141365,0.309085,64.03449133571014,0.0,0.0,64.03449133571014,0.0,0.0,DeepLabV3+_Xception65_ADE20K,C:\Users\pandya\OneDrive - UCL\Field experiment raw data\Complete Participantwise data\Final Data\ucm\P9\WalkG\ucm\CamUp\cam_20250806_113419.jpg,C:\Users\pandya\Documents\Github\docker\Paper3_Analysis\output\SVF Output\P9\WalkG\CamUp_SVF\cam_20250806_113419_svf.jpg,True,50.81420698,4.37511359,,,,,,,,,,,,,,,
P9,WalkG,cam_20250806_113420.jpg,2025-08-06 11:34:20,CamUp,neginja_MSE_SkyViewFactor_reference_table,"24,25,25,26,26,27,27,29,29,32,32,36,36,40,41,43,44",9d4c5f0c12889fb034103b01efa54b21690d648acad08c427f81fc6d33241e03,b677f291bd6311850d8cb19c1c51cfff76b3a1e2deece82b67687ca72a30d9f8,REFERENCE_OR_CUSTOM_TABLE_NOT_MARKED_LENS_VERIFIED,542.0,240.0,240.0,True,Holmer_1992_Annular,120,None_MSE_Method_Assumed_Zenith,25.04988530525385,0.314417,66.3433103943841,0.0,0.0,66.3433103943841,0.0,1.5902495647127104,DeepLabV3+_Xception65_ADE20K,C:\Users\pandya\OneDrive - UCL\Field experiment raw data\Complete Participantwise data\Final Data\ucm\P9\WalkG\ucm\CamUp\cam_20250806_113420.jpg,C:\Users\pandya\Documents\Github\docker\Paper3_Analysis\output\SVF Output\P9\WalkG\CamUp_SVF\cam_20250806_113420_svf.jpg,True,50.81420698,4.37511359,,,,,,,,,,,,,,,
P9,WalkG,cam_20250806_113421.jpg,2025-08-06 11:34:21,CamUp,neginja_MSE_SkyViewFactor_reference_table,"24,25,25,26,26,27,27,29,29,32,32,36,36,40,41,43,44",9d4c5f0c12889fb034103b01efa54b21690d648acad08c427f81fc6d33241e03,b677f291bd6311850d8cb19c1c51cfff76b3a1e2deece82b67687ca72a30d9f8,REFERENCE_OR_CUSTOM_TABLE_NOT_MARKED_LENS_VERIFIED,542.0,240.0,240.0,True,Holmer_1992_Annular,120,None_MSE_Method_Assumed_Zenith,31.63972031064312,0.358272,64.48166265925988,0.0,0.0,64.48166265925988,0.016582372937567365,0.7893209518282066,DeepLabV3+_Xception65_ADE20K,C:\Users\pandya\OneDrive - UCL\Field experiment raw data\Complete Participantwise data\Final Data\ucm\P9\WalkG\ucm\CamUp\cam_20250806_113421.jpg,C:\Users\pandya\Documents\Github\docker\Paper3_Analysis\output\SVF Output\P9\WalkG\CamUp_SVF\cam_20250806_113421_svf.jpg,True,50.81420544,4.37509772,,,,,,,,,,,,,,,
P9,WalkG,cam_20250806_113422.jpg,2025-08-06 11:34:22,CamUp,neginja_MSE_SkyViewFactor_reference_table,"24,25,25,26,26,27,27,29,29,32,32,36,36,40,41,43,44",9d4c5f0c12889fb034103b01efa54b21690d648acad08c427f81fc6d33241e03,b677f291bd6311850d8cb19c1c51cfff76b3a1e2deece82b67687ca72a30d9f8,REFERENCE_OR_CUSTOM_TABLE_NOT_MARKED_LENS_VERIFIED,542.0,240.0,240.0,True,Holmer_1992_Annular,120,None_MSE_Method_Assumed_Zenith,33.834120996047865,0.355294,54.783738219605894,0.0,0.0,54.783738219605894,0.0,0.0,DeepLabV3+_Xception65_ADE20K,C:\Users\pandya\OneDrive - UCL\Field experiment raw data\Complete Participantwise data\Final Data\ucm\P9\WalkG\ucm\CamUp\cam_20250806_113422.jpg,C:\Users\pandya\Documents\Github\docker\Paper3_Analysis\output\SVF Output\P9\WalkG\CamUp_SVF\cam_20250806_113422_svf.jpg,True,50.81418706,4.37505595,,,,,,,,,,,,,,,
P9,WalkG,cam_20250806_113423.jpg,2025-08-06 11:34:23,CamUp,neginja_MSE_SkyViewFactor_reference_table,"24,25,25,26,26,27,27,29,29,32,32,36,36,40,41,43,44",9d4c5f0c12889fb034103b01efa54b21690d648acad08c427f81fc6d33241e03,b677f291bd6311850d8cb19c1c51cfff76b3a1e2deece82b67687ca72a30d9f8,REFERENCE_OR_CUSTOM_TABLE_NOT_MARKED_LENS_VERIFIED,542.0,240.0,240.0,True,Holmer_1992_Annular,120,None_MSE_Method_Assumed_Zenith,30.38940939115054,0.37681,62.09711743083769,0.022109830583423154,0.0,62.119227261421116,0.0,0.029295525523035677,DeepLabV3+_Xception65_ADE20K,C:\Users\pandya\OneDrive - UCL\Field experiment raw data\Complete Participantwise data\Final Data\ucm\P9\WalkG\ucm\CamUp\cam_20250806_113423.jpg,C:\Users\pandya\Documents\Github\docker\Paper3_Analysis\output\SVF Output\P9\WalkG\CamUp_SVF\cam_20250806_113423_svf.jpg,True,50.81418692,4.37503676,,,,,,,,,,,,,,,
P9,WalkG,cam_20250806_113424.jpg,2025-08-06 11:34:24,CamUp,neginja_MSE_SkyViewFactor_reference_table,"24,25,25,26,26,27,27,29,29,32,32,36,36,40,41,43,44",9d4c5f0c12889fb034103b01efa54b21690d648acad08c427f81fc6d33241e03,b677f291bd6311850d8cb19c1c51cfff76b3a1e2deece82b67687ca72a30d9f8,REFERENCE_OR_CUSTOM_TABLE_NOT_MARKED_LENS_VERIFIED,542.0,240.0,240.0,True,Holmer_1992_Annular,120,None_MSE_Method_Assumed_Zenith,46.74128734488572,0.46795,41.672608683635964,0.0,0.0,41.672608683635964,0.0,0.0,DeepLabV3+_Xception65_ADE20K,C:\Users\pandya\OneDrive - UCL\Field experiment raw data\Complete Participantwise data\Final Data\ucm\P9\WalkG\ucm\CamUp\cam_20250806_113424.jpg,C:\Users\pandya\Documents\Github\docker\Paper3_Analysis\output\SVF Output\P9\WalkG\CamUp_SVF\cam_20250806_113424_svf.jpg,True,50.81418692,4.37503676,,,,,,,,,,,,,,,
P9,WalkG,cam_20250806_113425.jpg,2025-08-06 11:34:25,CamUp,neginja_MSE_SkyViewFactor_reference_table,"24,25,25,26,26,27,27,29,29,32,32,36,36,40,41,43,44",9d4c5f0c12889fb034103b01efa54b21690d648acad08c427f81fc6d33241e03,b677f291bd6311850d8cb19c1c51cfff76b3a1e2deece82b67687ca72a30d9f8,REFERENCE_OR_CUSTOM_TABLE_NOT_MARKED_LENS_VERIFIED,542.0,240.0,240.0,True,Holmer_1992_Annular,120,None_MSE_Method_Assumed_Zenith,43.42315452007849,0.456579,41.14639471575049,4.062681369704005,0.0,45.20907608545449,0.0,0.0,DeepLabV3+_Xception65_ADE20K,C:\Users\pandya\OneDrive - UCL\Field experiment raw data\Complete Participantwise data\Final Data\ucm\P9\WalkG\ucm\CamUp\cam_20250806_113425.jpg,C:\Users\pandya\Documents\Github\docker\Paper3_Analysis\output\SVF Output\P9\WalkG\CamUp_SVF\cam_20250806_113425_svf.jpg,True,50.81418309,4.37499466,,,,,,,,,,,,,,,
P9,WalkG,cam_20250806_113426.jpg,2025-08-06 11:34:26,CamUp,neginja_MSE_SkyViewFactor_reference_table,"24,25,25,26,26,27,27,29,29,32,32,36,36,40,41,43,44",9d4c5f0c12889fb034103b01efa54b21690d648acad08c427f81fc6d33241e03,b677f291bd6311850d8cb19c1c51cfff76b3a1e2deece82b67687ca72a30d9f8,REFERENCE_OR_CUSTOM_TABLE_NOT_MARKED_LENS_VERIFIED,542.0,240.0,240.0,True,Holmer_1992_Annular,120,None_MSE_Method_Assumed_Zenith,34.059641267998785,0.451656,59.694884337948764,1.413370920045325,0.0,61.10825525799409,0.0,0.9081612912141059,DeepLabV3+_Xception65_ADE20K,C:\Users\pandya\OneDrive - UCL\Field experiment raw data\Complete Participantwise data\Final Data\ucm\P9\WalkG\ucm\CamUp\cam_20250806_113426.jpg,C:\Users\pandya\Documents\Github\docker\Paper3_Analysis\output\SVF Output\P9\WalkG\CamUp_SVF\cam_20250806_113426_svf.jpg,True,50.81418309,4.37499466,,,,,,,,,,,,,,,
P9,WalkG,cam_20250806_113427.jpg,2025-08-06 11:34:27,CamUp,neginja_MSE_SkyViewFactor_reference_table,"24,25,25,26,26,27,27,29,29,32,32,36,36,40,41,43,44",9d4c5f0c12889fb034103b01efa54b21690d648acad08c427f81fc6d33241e03,b677f291bd6311850d8cb19c1c51cfff76b3a1e2deece82b67687ca72a30d9f8,REFERENCE_OR_CUSTOM_TABLE_NOT_MARKED_LENS_VERIFIED,542.0,240.0,240.0,True,Holmer_1992_Annular,120,None_MSE_Method_Assumed_Zenith,26.006135477986902,0.421251,70.01962247464279,0.0,0.0,70.01962247464279,0.0,0.8667053588701876,DeepLabV3+_Xception65_ADE20K,C:\Users\pandya\OneDrive - UCL\Field experiment raw data\Complete Participantwise data\Final Data\ucm\P9\WalkG\ucm\CamUp\cam_20250806_113427.jpg,C:\Users\pandya\Documents\Github\docker\Paper3_Analysis\output\SVF Output\P9\WalkG\CamUp_SVF\cam_20250806_113427_svf.jpg,True,50.81418292,4.37497634,,,,,,,,,,,,,,,
P9,WalkG,cam_20250806_113428.jpg,2025-08-06 11:34:28,CamUp,neginja_MSE_SkyViewFactor_reference_table,"24,25,25,26,26,27,27,29,29,32,32,36,36,40,41,43,44",9d4c5f0c12889fb034103b01efa54b21690d648acad08c427f81fc6d33241e03,b677f291bd6311850d8cb19c1c51cfff76b3a1e2deece82b67687ca72a30d9f8,REFERENCE_OR_CUSTOM_TABLE_NOT_MARKED_LENS_VERIFIED,542.0,240.0,240.0,True,Holmer_1992_Annular,120,None_MSE_Method_Assumed_Zenith,39.35439294696405,0.482072,46.04372218997872,0.0,0.0,46.04372218997872,0.0,0.026531796700107784,DeepLabV3+_Xception65_ADE20K,C:\Users\pandya\OneDrive - UCL\Field experiment raw data\Complete Participantwise data\Final Data\ucm\P9\WalkG\ucm\CamUp\cam_20250806_113428.jpg,C:\Users\pandya\Documents\Github\docker\Paper3_Analysis\output\SVF Output\P9\WalkG\CamUp_SVF\cam_20250806_113428_svf.jpg,True,50.81418129,4.37493736,,,,,,,,,,,,,,,
P9,WalkG,cam_20250806_113429.jpg,2025-08-06 11:34:29,CamUp,neginja_MSE_SkyViewFactor_reference_table,"24,25,25,26,26,27,27,29,29,32,32,36,36,40,41,43,44",9d4c5f0c12889fb034103b01efa54b21690d648acad08c427f81fc6d33241e03,b677f291bd6311850d8cb19c1c51cfff76b3a1e2deece82b67687ca72a30d9f8,REFERENCE_OR_CUSTOM_TABLE_NOT_MARKED_LENS_VERIFIED,542.0,240.0,240.0,True,Holmer_1992_Annular,120,None_MSE_Method_Assumed_Zenith,59.55282867645026,0.635879,27.22659812619186,1.4360334963933339,0.0,28.662631622585195,0.0,0.08235911892325125,DeepLabV3+_Xception65_ADE20K,C:\Users\pandya\OneDrive - UCL\Field experiment raw data\Complete Participantwise data\Final Data\ucm\P9\WalkG\ucm\CamUp\cam_20250806_113429.jpg,C:\Users\pandya\Documents\Github\docker\Paper3_Analysis\output\SVF Output\P9\WalkG\CamUp_SVF\cam_20250806_113429_svf.jpg,True,50.8141812,4.37491869,,,,,,,,,,,,,,,
P9,WalkG,cam_20250806_113430.jpg,2025-08-06 11:34:30,CamUp,neginja_MSE_SkyViewFactor_reference_table,"24,25,25,26,26,27,27,29,29,32,32,36,36,40,41,43,44",9d4c5f0c12889fb034103b01efa54b21690d648acad08c427f81fc6d33241e03,b677f291bd6311850d8cb19c1c51cfff76b3a1e2deece82b67687ca72a30d9f8,REFERENCE_OR_CUSTOM_TABLE_NOT_MARKED_LENS_VERIFIED,542.0,240.0,240.0,True,Holmer_1992_Annular,120,None_MSE_Method_Assumed_Zenith,43.32587126551143,0.523693,51.077577868059585,1.4415609540391898,0.0,52.519138822098775,0.0,0.0,DeepLabV3+_Xception65_ADE20K,C:\Users\pandya\OneDrive - UCL\Field experiment raw data\Complete Participantwise data\Final Data\ucm\P9\WalkG\ucm\CamUp\cam_20250806_113430.jpg,C:\Users\pandya\Documents\Github\docker\Paper3_Analysis\output\SVF Output\P9\WalkG\CamUp_SVF\cam_20250806_113430_svf.jpg,True,50.8141812,4.37491869,,,,,,,,,,,,,,,
P9,WalkG,cam_20250806_113431.jpg,2025-08-06 11:34:31,CamUp,neginja_MSE_SkyViewFactor_reference_table,"24,25,25,26,26,27,27,29,29,32,32,36,36,40,41,43,44",9d4c5f0c12889fb034103b01efa54b21690d648acad08c427f81fc6d33241e03,b677f291bd6311850d8cb19c1c51cfff76b3a1e2deece82b67687ca72a30d9f8,REFERENCE_OR_CUSTOM_TABLE_NOT_MARKED_LENS_VERIFIED,542.0,240.0,240.0,True,Holmer_1992_Annular,120,None_MSE_Method_Assumed_Zenith,42.88256916231379,0.525812,53.66276980902634,0.18074786501948428,0.0,53.84351767404582,0.0,0.3377276621617887,DeepLabV3+_Xception65_ADE20K,C:\Users\pandya\OneDrive - UCL\Field experiment raw data\Complete Participantwise data\Final Data\ucm\P9\WalkG\ucm\CamUp\cam_20250806_113431.jpg,C:\Users\pandya\Documents\Github\docker\Paper3_Analysis\output\SVF Output\P9\WalkG\CamUp_SVF\cam_20250806_113431_svf.jpg,True,50.81418037,4.37488007,,,,,,,,,,,,,,,
P9,WalkG,cam_20250806_113432.jpg,2025-08-06 11:34:32,CamUp,neginja_MSE_SkyViewFactor_reference_table,"24,25,25,26,26,27,27,29,29,32,32,36,36,40,41,43,44",9d4c5f0c12889fb034103b01efa54b21690d648acad08c427f81fc6d33241e03,b677f291bd6311850d8cb19c1c51cfff76b3a1e2deece82b67687ca72a30d9f8,REFERENCE_OR_CUSTOM_TABLE_NOT_MARKED_LENS_VERIFIED,542.0,240.0,240.0,True,Holmer_1992_Annular,120,None_MSE_Method_Assumed_Zenith,39.19409667523423,0.517215,52.64240112760136,2.275654312798828,0.0,54.91805544040019,0.0,0.49581295083326427,DeepLabV3+_Xception65_ADE20K,C:\Users\pandya\OneDrive - UCL\Field experiment raw data\Complete Participantwise data\Final Data\ucm\P9\WalkG\ucm\CamUp\cam_20250806_113432.jpg,C:\Users\pandya\Documents\Github\docker\Paper3_Analysis\output\SVF Output\P9\WalkG\CamUp_SVF\cam_20250806_113432_svf.jpg,True,50.81418037,4.37488007,,,,,,,,,,,,,,,
P9,WalkG,cam_20250806_113433.jpg,2025-08-06 11:34:33,CamUp,neginja_MSE_SkyViewFactor_reference_table,"24,25,25,26,26,27,27,29,29,32,32,36,36,40,41,43,44",9d4c5f0c12889fb034103b01efa54b21690d648acad08c427f81fc6d33241e03,b677f291bd6311850d8cb19c1c51cfff76b3a1e2deece82b67687ca72a30d9f8,REFERENCE_OR_CUSTOM_TABLE_NOT_MARKED_LENS_VERIFIED,542.0,240.0,240.0,True,Holmer_1992_Annular,120,None_MSE_Method_Assumed_Zenith,31.04717685100738,0.462256,55.93068568112097,1.5559793273084046,0.0,57.48666500842938,0.0,1.899234447116049,DeepLabV3+_Xception65_ADE20K,C:\Users\pandya\OneDrive - UCL\Field experiment raw data\Complete Participantwise data\Final Data\ucm\P9\WalkG\ucm\CamUp\cam_20250806_113433.jpg,C:\Users\pandya\Documents\Github\docker\Paper3_Analysis\output\SVF Output\P9\WalkG\CamUp_SVF\cam_20250806_113433_svf.jpg,True,50.81417849,4.37484252,,,,,,,,,,,,,,,
P9,WalkG,cam_20250806_113434.jpg,2025-08-06 11:34:34,CamUp,neginja_MSE_SkyViewFactor_reference_table,"24,25,25,26,26,27,27,29,29,32,32,36,36,40,41,43,44",9d4c5f0c12889fb034103b01efa54b21690d648acad08c427f81fc6d33241e03,b677f291bd6311850d8cb19c1c51cfff76b3a1e2deece82b67687ca72a30d9f8,REFERENCE_OR_CUSTOM_TABLE_NOT_MARKED_LENS_VERIFIED,542.0,240.0,240.0,True,Holmer_1992_Annular,120,None_MSE_Method_Assumed_Zenith,27.36146809275074,0.433571,66.0442749357433,1.4387972252162617,0.0,67.48307216095957,0.0,0.7544979686593152,DeepLabV3+_Xception65_ADE20K,C:\Users\pandya\OneDrive - UCL\Field experiment raw data\Complete Participantwise data\Final Data\ucm\P9\WalkG\ucm\CamUp\cam_20250806_113434.jpg,C:\Users\pandya\Documents\Github\docker\Paper3_Analysis\output\SVF Output\P9\WalkG\CamUp_SVF\cam_20250806_113434_svf.jpg,True,50.81417849,4.37484252,,,,,,,,,,,,,,,
P9,WalkG,cam_20250806_113435.jpg,2025-08-06 11:34:35,CamUp,neginja_MSE_SkyViewFactor_reference_table,"24,25,25,26,26,27,27,29,29,32,32,36,36,40,41,43,44",9d4c5f0c12889fb034103b01efa54b21690d648acad08c427f81fc6d33241e03,b677f291bd6311850d8cb19c1c51cfff76b3a1e2deece82b67687ca72a30d9f8,REFERENCE_OR_CUSTOM_TABLE_NOT_MARKED_LENS_VERIFIED,542.0,240.0,240.0,True,Holmer_1992_Annular,120,None_MSE_Method_Assumed_Zenith,28.182848298924913,0.439029,61.10328054611281,4.032280352651798,0.0,65.13556089876461,0.0,0.014924135643810628,DeepLabV3+_Xception65_ADE20K,C:\Users\pandya\OneDrive - UCL\Field experiment raw data\Complete Participantwise data\Final Data\ucm\P9\WalkG\ucm\CamUp\cam_20250806_113435.jpg,C:\Users\pandya\Documents\Github\docker\Paper3_Analysis\output\SVF Output\P9\WalkG\CamUp_SVF\cam_20250806_113435_svf.jpg,True,50.81417675,4.3748027,,,,,,,,,,,,,,,
P9,WalkG,cam_20250806_113436.jpg,2025-08-06 11:34:36,CamUp,neginja_MSE_SkyViewFactor_reference_table,"24,25,25,26,26,27,27,29,29,32,32,36,36,40,41,43,44",9d4c5f0c12889fb034103b01efa54b21690d648acad08c427f81fc6d33241e03,b677f291bd6311850d8cb19c1c51cfff76b3a1e2deece82b67687ca72a30d9f8,REFERENCE_OR_CUSTOM_TABLE_NOT_MARKED_LENS_VERIFIED,542.0,240.0,240.0,True,Holmer_1992_Annular,120,None_MSE_Method_Assumed_Zenith,27.350413177459025,0.435868,57.613243788519476,3.7155570295442613,0.0,61.32880081806374,0.0,0.318934306165879,DeepLabV3+_Xception65_ADE20K,C:\Users\pandya\OneDrive - UCL\Field experiment raw data\Complete Participantwise data\Final Data\ucm\P9\WalkG\ucm\CamUp\cam_20250806_113436.jpg,C:\Users\pandya\Documents\Github\docker\Paper3_Analysis\output\SVF Output\P9\WalkG\CamUp_SVF\cam_20250806_113436_svf.jpg,True,50.81417675,4.3748027,,,,,,,,,,,,,,,
P9,WalkG,cam_20250806_113437.jpg,2025-08-06 11:34:37,CamUp,neginja_MSE_SkyViewFactor_reference_table,"24,25,25,26,26,27,27,29,29,32,32,36,36,40,41,43,44",9d4c5f0c12889fb034103b01efa54b21690d648acad08c427f81fc6d33241e03,b677f291bd6311850d8cb19c1c51cfff76b3a1e2deece82b67687ca72a30d9f8,REFERENCE_OR_CUSTOM_TABLE_NOT_MARKED_LENS_VERIFIED,542.0,240.0,240.0,True,Holmer_1992_Annular,120,None_MSE_Method_Assumed_Zenith,25.257717712738025,0.414696,66.5771218528038,2.3911781775972143,0.0,68.96830003040101,0.0,0.3051156620512395,DeepLabV3+_Xception65_ADE20K,C:\Users\pandya\OneDrive - UCL\Field experiment raw data\Complete Participantwise data\Final Data\ucm\P9\WalkG\ucm\CamUp\cam_20250806_113437.jpg,C:\Users\pandya\Documents\Github\docker\Paper3_Analysis\output\SVF Output\P9\WalkG\CamUp_SVF\cam_20250806_113437_svf.jpg,True,50.81417507,4.37476282,,,,,,,,,,,,,,,
P9,WalkG,cam_20250806_113438.jpg,2025-08-06 11:34:38,CamUp,neginja_MSE_SkyViewFactor_reference_table,"24,25,25,26,26,27,27,29,29,32,32,36,36,40,41,43,44",9d4c5f0c12889fb034103b01efa54b21690d648acad08c427f81fc6d33241e03,b677f291bd6311850d8cb19c1c51cfff76b3a1e2deece82b67687ca72a30d9f8,REFERENCE_OR_CUSTOM_TABLE_NOT_MARKED_LENS_VERIFIED,542.0,240.0,240.0,True,Holmer_1992_Annular,120,None_MSE_Method_Assumed_Zenith,28.968852776165605,0.437153,50.27830749246884,7.010474532238897,0.0,57.288782024707736,0.0,0.0652240002210983,DeepLabV3+_Xception65_ADE20K,C:\Users\pandya\OneDrive - UCL\Field experiment raw data\Complete Participantwise data\Final Data\ucm\P9\WalkG\ucm\CamUp\cam_20250806_113438.jpg,C:\Users\pandya\Documents\Github\docker\Paper3_Analysis\output\SVF Output\P9\WalkG\CamUp_SVF\cam_20250806_113438_svf.jpg,True,50.81417507,4.37476282,,,,,,,,,,,,,,,
P9,WalkG,cam_20250806_113439.jpg,2025-08-06 11:34:39,CamUp,neginja_MSE_SkyViewFactor_reference_table,"24,25,25,26,26,27,27,29,29,32,32,36,36,40,41,43,44",9d4c5f0c12889fb034103b01efa54b21690d648acad08c427f81fc6d33241e03,b677f291bd6311850d8cb19c1c51cfff76b3a1e2deece82b67687ca72a30d9f8,REFERENCE_OR_CUSTOM_TABLE_NOT_MARKED_LENS_VERIFIED,542.0,240.0,240.0,True,Holmer_1992_Annular,120,None_MSE_Method_Assumed_Zenith,26.4814968355305,0.426503,63.10145648508968,2.961059060884946,0.0,66.06251554597462,0.0,0.08788657656910703,DeepLabV3+_Xception65_ADE20K,C:\Users\pandya\OneDrive - UCL\Field experiment raw data\Complete Participantwise data\Final Data\ucm\P9\WalkG\ucm\CamUp\cam_20250806_113439.jpg,C:\Users\pandya\Documents\Github\docker\Paper3_Analysis\output\SVF Output\P9\WalkG\CamUp_SVF\cam_20250806_113439_svf.jpg,True,50.81416978,4.37472333,,,,,,,,,,,,,,,
P9,WalkG,cam_20250806_113440.jpg,2025-08-06 11:34:40,CamUp,neginja_MSE_SkyViewFactor_reference_table,"24,25,25,26,26,27,27,29,29,32,32,36,36,40,41,43,44",9d4c5f0c12889fb034103b01efa54b21690d648acad08c427f81fc6d33241e03,b677f291bd6311850d8cb19c1c51cfff76b3a1e2deece82b67687ca72a30d9f8,REFERENCE_OR_CUSTOM_TABLE_NOT_MARKED_LENS_VERIFIED,542.0,240.0,240.0,True,Holmer_1992_Annular,120,None_MSE_Method_Assumed_Zenith,26.08628361385181,0.420701,63.008595196639305,3.7127933007213327,0.0,66.72138849736064,0.0,0.02376806787717989,DeepLabV3+_Xception65_ADE20K,C:\Users\pandya\OneDrive - UCL\Field experiment raw data\Complete Participantwise data\Final Data\ucm\P9\WalkG\ucm\CamUp\cam_20250806_113440.jpg,C:\Users\pandya\Documents\Github\docker\Paper3_Analysis\output\SVF Output\P9\WalkG\CamUp_SVF\cam_20250806_113440_svf.jpg,True,50.81416983,4.37470249,,,,,,,,,,,,,,,
P9,WalkG,cam_20250806_113441.jpg,2025-08-06 11:34:41,CamUp,neginja_MSE_SkyViewFactor_reference_table,"24,25,25,26,26,27,27,29,29,32,32,36,36,40,41,43,44",9d4c5f0c12889fb034103b01efa54b21690d648acad08c427f81fc6d33241e03,b677f291bd6311850d8cb19c1c51cfff76b3a1e2deece82b67687ca72a30d9f8,REFERENCE_OR_CUSTOM_TABLE_NOT_MARKED_LENS_VERIFIED,542.0,240.0,240.0,True,Holmer_1992_Annular,120,None_MSE_Method_Assumed_Zenith,25.419119475997014,0.404746,68.65710416493933,0.6959069176132437,0.0,69.35301108255257,0.0,1.2176989193820302,DeepLabV3+_Xception65_ADE20K,C:\Users\pandya\OneDrive - UCL\Field experiment raw data\Complete Participantwise data\Final Data\ucm\P9\WalkG\ucm\CamUp\cam_20250806_113441.jpg,C:\Users\pandya\Documents\Github\docker\Paper3_Analysis\output\SVF Output\P9\WalkG\CamUp_SVF\cam_20250806_113441_svf.jpg,True,50.81416983,4.37470249,,,,,,,,,,,,,,,
P9,WalkG,cam_20250806_113442.jpg,2025-08-06 11:34:42,CamUp,neginja_MSE_SkyViewFactor_reference_table,"24,25,25,26,26,27,27,29,29,32,32,36,36,40,41,43,44",9d4c5f0c12889fb034103b01efa54b21690d648acad08c427f81fc6d33241e03,b677f291bd6311850d8cb19c1c51cfff76b3a1e2deece82b67687ca72a30d9f8,REFERENCE_OR_CUSTOM_TABLE_NOT_MARKED_LENS_VERIFIED,542.0,240.0,240.0,True,Holmer_1992_Annular,120,None_MSE_Method_Assumed_Zenith,26.909322057319734,0.418014,59.12168698007352,3.129093773318962,0.0,62.25078075339248,0.0,2.426553906530691,DeepLabV3+_Xception65_ADE20K,C:\Users\pandya\OneDrive - UCL\Field experiment raw data\Complete Participantwise data\Final Data\ucm\P9\WalkG\ucm\CamUp\cam_20250806_113442.jpg,C:\Users\pandya\Documents\Github\docker\Paper3_Analysis\output\SVF Output\P9\WalkG\CamUp_SVF\cam_20250806_113442_svf.jpg,True,50.81416994,4.37468369,,,,,,,,,,,,,,,
P9,WalkG,cam_20250806_113443.jpg,2025-08-06 11:34:43,CamUp,neginja_MSE_SkyViewFactor_reference_table,"24,25,25,26,26,27,27,29,29,32,32,36,36,40,41,43,44",9d4c5f0c12889fb034103b01efa54b21690d648acad08c427f81fc6d33241e03,b677f291bd6311850d8cb19c1c51cfff76b3a1e2deece82b67687ca72a30d9f8,REFERENCE_OR_CUSTOM_TABLE_NOT_MARKED_LENS_VERIFIED,542.0,240.0,240.0,True,Holmer_1992_Annular,120,None_MSE_Method_Assumed_Zenith,28.60404057153912,0.405991,56.58237293756737,11.44460105574441,0.0,68.02697399331178,0.0,0.8589669181659895,DeepLabV3+_Xception65_ADE20K,C:\Users\pandya\OneDrive - UCL\Field experiment raw data\Complete Participantwise data\Final Data\ucm\P9\WalkG\ucm\CamUp\cam_20250806_113443.jpg,C:\Users\pandya\Documents\Github\docker\Paper3_Analysis\output\SVF Output\P9\WalkG\CamUp_SVF\cam_20250806_113443_svf.jpg,True,50.81416712,4.3746441,,,,,,,,,,,,,,,
P9,WalkG,cam_20250806_113444.jpg,2025-08-06 11:34:44,CamUp,neginja_MSE_SkyViewFactor_reference_table,"24,25,25,26,26,27,27,29,29,32,32,36,36,40,41,43,44",9d4c5f0c12889fb034103b01efa54b21690d648acad08c427f81fc6d33241e03,b677f291bd6311850d8cb19c1c51cfff76b3a1e2deece82b67687ca72a30d9f8,REFERENCE_OR_CUSTOM_TABLE_NOT_MARKED_LENS_VERIFIED,542.0,240.0,240.0,True,Holmer_1992_Annular,120,None_MSE_Method_Assumed_Zenith,27.203935549843848,0.395333,65.36881961141972,3.6879197413149822,0.0,69.05673935273471,0.0,0.4654119337810574,DeepLabV3+_Xception65_ADE20K,C:\Users\pandya\OneDrive - UCL\Field experiment raw data\Complete Participantwise data\Final Data\ucm\P9\WalkG\ucm\CamUp\cam_20250806_113444.jpg,C:\Users\pandya\Documents\Github\docker\Paper3_Analysis\output\SVF Output\P9\WalkG\CamUp_SVF\cam_20250806_113444_svf.jpg,True,50.81416673,4.37462363,,,,,,,,,,,,,,,
P9,WalkG,cam_20250806_113445.jpg,2025-08-06 11:34:45,CamUp,neginja_MSE_SkyViewFactor_reference_table,"24,25,25,26,26,27,27,29,29,32,32,36,36,40,41,43,44",9d4c5f0c12889fb034103b01efa54b21690d648acad08c427f81fc6d33241e03,b677f291bd6311850d8cb19c1c51cfff76b3a1e2deece82b67687ca72a30d9f8,REFERENCE_OR_CUSTOM_TABLE_NOT_MARKED_LENS_VERIFIED,542.0,240.0,240.0,True,Holmer_1992_Annular,120,None_MSE_Method_Assumed_Zenith,22.247464278804962,0.333055,74.34154160793743,0.02432081364176547,0.0,74.3658624215792,0.0,0.6323411546859022,DeepLabV3+_Xception65_ADE20K,C:\Users\pandya\OneDrive - UCL\Field experiment raw data\Complete Participantwise data\Final Data\ucm\P9\WalkG\ucm\CamUp\cam_20250806_113445.jpg,C:\Users\pandya\Documents\Github\docker\Paper3_Analysis\output\SVF Output\P9\WalkG\CamUp_SVF\cam_20250806_113445_svf.jpg,True,50.81416583,4.37460241,,,,,,,,,,,,,,,
P9,WalkG,cam_20250806_113446.jpg,2025-08-06 11:34:46,CamUp,neginja_MSE_SkyViewFactor_reference_table,"24,25,25,26,26,27,27,29,29,32,32,36,36,40,41,43,44",9d4c5f0c12889fb034103b01efa54b21690d648acad08c427f81fc6d33241e03,b677f291bd6311850d8cb19c1c51cfff76b3a1e2deece82b67687ca72a30d9f8,REFERENCE_OR_CUSTOM_TABLE_NOT_MARKED_LENS_VERIFIED,542.0,240.0,240.0,True,Holmer_1992_Annular,120,None_MSE_Method_Assumed_Zenith,21.59577702235857,0.319747,73.69869828372441,0.0011054915291711577,0.0,73.69980377525359,0.0,0.9634358676726639,DeepLabV3+_Xception65_ADE20K,C:\Users\pandya\OneDrive - UCL\Field experiment raw data\Complete Participantwise data\Final Data\ucm\P9\WalkG\ucm\CamUp\cam_20250806_113446.jpg,C:\Users\pandya\Documents\Github\docker\Paper3_Analysis\output\SVF Output\P9\WalkG\CamUp_SVF\cam_20250806_113446_svf.jpg,True,50.81416385,4.37458132,,,,,,,,,,,,,,,
P9,WalkG,cam_20250806_113447.jpg,2025-08-06 11:34:47,CamUp,neginja_MSE_SkyViewFactor_reference_table,"24,25,25,26,26,27,27,29,29,32,32,36,36,40,41,43,44",9d4c5f0c12889fb034103b01efa54b21690d648acad08c427f81fc6d33241e03,b677f291bd6311850d8cb19c1c51cfff76b3a1e2deece82b67687ca72a30d9f8,REFERENCE_OR_CUSTOM_TABLE_NOT_MARKED_LENS_VERIFIED,542.0,240.0,240.0,True,Holmer_1992_Annular,120,None_MSE_Method_Assumed_Zenith,21.945665091341237,0.310329,74.60243760882183,0.008291186468783683,0.0,74.61072879529061,0.0,0.5510875272918221,DeepLabV3+_Xception65_ADE20K,C:\Users\pandya\OneDrive - UCL\Field experiment raw data\Complete Participantwise data\Final Data\ucm\P9\WalkG\ucm\CamUp\cam_20250806_113447.jpg,C:\Users\pandya\Documents\Github\docker\Paper3_Analysis\output\SVF Output\P9\WalkG\CamUp_SVF\cam_20250806_113447_svf.jpg,True,50.81416385,4.37458132,,,,,,,,,,,,,,,
P9,WalkG,cam_20250806_113448.jpg,2025-08-06 11:34:48,CamUp,neginja_MSE_SkyViewFactor_reference_table,"24,25,25,26,26,27,27,29,29,32,32,36,36,40,41,43,44",9d4c5f0c12889fb034103b01efa54b21690d648acad08c427f81fc6d33241e03,b677f291bd6311850d8cb19c1c51cfff76b3a1e2deece82b67687ca72a30d9f8,REFERENCE_OR_CUSTOM_TABLE_NOT_MARKED_LENS_VERIFIED,542.0,240.0,240.0,True,Holmer_1992_Annular,120,None_MSE_Method_Assumed_Zenith,19.951911118481057,0.286109,76.49890832711495,0.05251084763562999,0.0,76.55141917475058,0.0,0.8655998673410165,DeepLabV3+_Xception65_ADE20K,C:\Users\pandya\OneDrive - UCL\Field experiment raw data\Complete Participantwise data\Final Data\ucm\P9\WalkG\ucm\CamUp\cam_20250806_113448.jpg,C:\Users\pandya\Documents\Github\docker\Paper3_Analysis\output\SVF Output\P9\WalkG\CamUp_SVF\cam_20250806_113448_svf.jpg,True,50.8141633,4.37454264,,,,,,,,,,,,,,,
P9,WalkG,cam_20250806_113449.jpg,2025-08-06 11:34:49,CamUp,neginja_MSE_SkyViewFactor_reference_table,"24,25,25,26,26,27,27,29,29,32,32,36,36,40,41,43,44",9d4c5f0c12889fb034103b01efa54b21690d648acad08c427f81fc6d33241e03,b677f291bd6311850d8cb19c1c51cfff76b3a1e2deece82b67687ca72a30d9f8,REFERENCE_OR_CUSTOM_TABLE_NOT_MARKED_LENS_VERIFIED,542.0,240.0,240.0,True,Holmer_1992_Annular,120,None_MSE_Method_Assumed_Zenith,20.891026172511953,0.297863,75.9174197827709,0.00994942376254042,0.0,75.92736920653344,0.0,0.3686814249785811,DeepLabV3+_Xception65_ADE20K,C:\Users\pandya\OneDrive - UCL\Field experiment raw data\Complete Participantwise data\Final Data\ucm\P9\WalkG\ucm\CamUp\cam_20250806_113449.jpg,C:\Users\pandya\Documents\Github\docker\Paper3_Analysis\output\SVF Output\P9\WalkG\CamUp_SVF\cam_20250806_113449_svf.jpg,True,50.81416319,4.37452292,,,,,,,,,,,,,,,
P9,WalkG,cam_20250806_113450.jpg,2025-08-06 11:34:50,CamUp,neginja_MSE_SkyViewFactor_reference_table,"24,25,25,26,26,27,27,29,29,32,32,36,36,40,41,43,44",9d4c5f0c12889fb034103b01efa54b21690d648acad08c427f81fc6d33241e03,b677f291bd6311850d8cb19c1c51cfff76b3a1e2deece82b67687ca72a30d9f8,REFERENCE_OR_CUSTOM_TABLE_NOT_MARKED_LENS_VERIFIED,542.0,240.0,240.0,True,Holmer_1992_Annular,120,None_MSE_Method_Assumed_Zenith,19.767294033109472,0.298288,78.24613768896997,0.2940607467595279,0.0,78.5401984357295,0.0,0.38968576403283306,DeepLabV3+_Xception65_ADE20K,C:\Users\pandya\OneDrive - UCL\Field experiment raw data\Complete Participantwise data\Final Data\ucm\P9\WalkG\ucm\CamUp\cam_20250806_113450.jpg,C:\Users\pandya\Documents\Github\docker\Paper3_Analysis\output\SVF Output\P9\WalkG\CamUp_SVF\cam_20250806_113450_svf.jpg,True,50.81416319,4.37452292,,,,,,,,,,,,,,,
P9,WalkG,cam_20250806_113451.jpg,2025-08-06 11:34:51,CamUp,neginja_MSE_SkyViewFactor_reference_table,"24,25,25,26,26,27,27,29,29,32,32,36,36,40,41,43,44",9d4c5f0c12889fb034103b01efa54b21690d648acad08c427f81fc6d33241e03,b677f291bd6311850d8cb19c1c51cfff76b3a1e2deece82b67687ca72a30d9f8,REFERENCE_OR_CUSTOM_TABLE_NOT_MARKED_LENS_VERIFIED,542.0,240.0,240.0,True,Holmer_1992_Annular,120,None_MSE_Method_Assumed_Zenith,19.62358013431722,0.306076,78.11624243429235,0.0,0.0,78.11624243429235,0.0,0.1332117292651245,DeepLabV3+_Xception65_ADE20K,C:\Users\pandya\OneDrive - UCL\Field experiment raw data\Complete Participantwise data\Final Data\ucm\P9\WalkG\ucm\CamUp\cam_20250806_113451.jpg,C:\Users\pandya\Documents\Github\docker\Paper3_Analysis\output\SVF Output\P9\WalkG\CamUp_SVF\cam_20250806_113451_svf.jpg,True,50.81416775,4.37447938,,,,,,,,,,,,,,,
P9,WalkG,cam_20250806_113452.jpg,2025-08-06 11:34:52,CamUp,neginja_MSE_SkyViewFactor_reference_table,"24,25,25,26,26,27,27,29,29,32,32,36,36,40,41,43,44",9d4c5f0c12889fb034103b01efa54b21690d648acad08c427f81fc6d33241e03,b677f291bd6311850d8cb19c1c51cfff76b3a1e2deece82b67687ca72a30d9f8,REFERENCE_OR_CUSTOM_TABLE_NOT_MARKED_LENS_VERIFIED,542.0,240.0,240.0,True,Holmer_1992_Annular,120,None_MSE_Method_Assumed_Zenith,19.839150982505597,0.318877,75.35527734018737,0.04366691540226073,0.0,75.39894425558963,0.0,1.2149351905591024,DeepLabV3+_Xception65_ADE20K,C:\Users\pandya\OneDrive - UCL\Field experiment raw data\Complete Participantwise data\Final Data\ucm\P9\WalkG\ucm\CamUp\cam_20250806_113452.jpg,C:\Users\pandya\Documents\Github\docker\Paper3_Analysis\output\SVF Output\P9\WalkG\CamUp_SVF\cam_20250806_113452_svf.jpg,True,50.81416691,4.37445812,,,,,,,,,,,,,,,
P9,WalkG,cam_20250806_113453.jpg,2025-08-06 11:34:53,CamUp,neginja_MSE_SkyViewFactor_reference_table,"24,25,25,26,26,27,27,29,29,32,32,36,36,40,41,43,44",9d4c5f0c12889fb034103b01efa54b21690d648acad08c427f81fc6d33241e03,b677f291bd6311850d8cb19c1c51cfff76b3a1e2deece82b67687ca72a30d9f8,REFERENCE_OR_CUSTOM_TABLE_NOT_MARKED_LENS_VERIFIED,542.0,240.0,240.0,True,Holmer_1992_Annular,120,None_MSE_Method_Assumed_Zenith,22.109830583423154,0.330212,70.9808473592571,0.36039023850979746,0.0,71.34123759776689,0.0016582372937567365,0.8230384434679269,DeepLabV3+_Xception65_ADE20K,C:\Users\pandya\OneDrive - UCL\Field experiment raw data\Complete Participantwise data\Final Data\ucm\P9\WalkG\ucm\CamUp\cam_20250806_113453.jpg,C:\Users\pandya\Documents\Github\docker\Paper3_Analysis\output\SVF Output\P9\WalkG\CamUp_SVF\cam_20250806_113453_svf.jpg,True,50.81417087,4.37444168,,,,,,,,,,,,,,,
P9,WalkG,cam_20250806_113454.jpg,2025-08-06 11:34:54,CamUp,neginja_MSE_SkyViewFactor_reference_table,"24,25,25,26,26,27,27,29,29,32,32,36,36,40,41,43,44",9d4c5f0c12889fb034103b01efa54b21690d648acad08c427f81fc6d33241e03,b677f291bd6311850d8cb19c1c51cfff76b3a1e2deece82b67687ca72a30d9f8,REFERENCE_OR_CUSTOM_TABLE_NOT_MARKED_LENS_VERIFIED,542.0,240.0,240.0,True,Holmer_1992_Annular,120,None_MSE_Method_Assumed_Zenith,24.388801370809496,0.331243,73.208412790537,0.3443606113368156,0.0,73.55277340187381,0.12934250891302546,0.17577315313821407,DeepLabV3+_Xception65_ADE20K,C:\Users\pandya\OneDrive - UCL\Field experiment raw data\Complete Participantwise data\Final Data\ucm\P9\WalkG\ucm\CamUp\cam_20250806_113454.jpg,C:\Users\pandya\Documents\Github\docker\Paper3_Analysis\output\SVF Output\P9\WalkG\CamUp_SVF\cam_20250806_113454_svf.jpg,True,50.81417087,4.37444168,,,,,,,,,,,,,,,
P9,WalkG,cam_20250806_113455.jpg,2025-08-06 11:34:55,CamUp,neginja_MSE_SkyViewFactor_reference_table,"24,25,25,26,26,27,27,29,29,32,32,36,36,40,41,43,44",9d4c5f0c12889fb034103b01efa54b21690d648acad08c427f81fc6d33241e03,b677f291bd6311850d8cb19c1c51cfff76b3a1e2deece82b67687ca72a30d9f8,REFERENCE_OR_CUSTOM_TABLE_NOT_MARKED_LENS_VERIFIED,542.0,240.0,240.0,True,Holmer_1992_Annular,120,None_MSE_Method_Assumed_Zenith,20.481994306718626,0.293237,75.72948622281181,0.0,0.0,75.72948622281181,0.0,0.7058563413757841,DeepLabV3+_Xception65_ADE20K,C:\Users\pandya\OneDrive - UCL\Field experiment raw data\Complete Participantwise data\Final Data\ucm\P9\WalkG\ucm\CamUp\cam_20250806_113455.jpg,C:\Users\pandya\Documents\Github\docker\Paper3_Analysis\output\SVF Output\P9\WalkG\CamUp_SVF\cam_20250806_113455_svf.jpg,True,50.81417423,4.3743987,,,,,,,,,,,,,,,
P9,WalkG,cam_20250806_113456.jpg,2025-08-06 11:34:56,CamUp,neginja_MSE_SkyViewFactor_reference_table,"24,25,25,26,26,27,27,29,29,32,32,36,36,40,41,43,44",9d4c5f0c12889fb034103b01efa54b21690d648acad08c427f81fc6d33241e03,b677f291bd6311850d8cb19c1c51cfff76b3a1e2deece82b67687ca72a30d9f8,REFERENCE_OR_CUSTOM_TABLE_NOT_MARKED_LENS_VERIFIED,542.0,240.0,240.0,True,Holmer_1992_Annular,120,None_MSE_Method_Assumed_Zenith,23.506066384766328,0.314449,69.20763894646657,0.0,0.0,69.20763894646657,0.0,0.5649061714064616,DeepLabV3+_Xception65_ADE20K,C:\Users\pandya\OneDrive - UCL\Field experiment raw data\Complete Participantwise data\Final Data\ucm\P9\WalkG\ucm\CamUp\cam_20250806_113456.jpg,C:\Users\pandya\Documents\Github\docker\Paper3_Analysis\output\SVF Output\P9\WalkG\CamUp_SVF\cam_20250806_113456_svf.jpg,True,50.81417145,4.37438128,,,,,,,,,,,,,,,
P9,WalkG,cam_20250806_113457.jpg,2025-08-06 11:34:57,CamUp,neginja_MSE_SkyViewFactor_reference_table,"24,25,25,26,26,27,27,29,29,32,32,36,36,40,41,43,44",9d4c5f0c12889fb034103b01efa54b21690d648acad08c427f81fc6d33241e03,b677f291bd6311850d8cb19c1c51cfff76b3a1e2deece82b67687ca72a30d9f8,REFERENCE_OR_CUSTOM_TABLE_NOT_MARKED_LENS_VERIFIED,542.0,240.0,240.0,True,Holmer_1992_Annular,120,None_MSE_Method_Assumed_Zenith,26.323964292623607,0.342519,69.07055799684935,0.32888372992841947,0.0,69.39944172677777,0.0,0.22165105159881712,DeepLabV3+_Xception65_ADE20K,C:\Users\pandya\OneDrive - UCL\Field experiment raw data\Complete Participantwise data\Final Data\ucm\P9\WalkG\ucm\CamUp\cam_20250806_113457.jpg,C:\Users\pandya\Documents\Github\docker\Paper3_Analysis\output\SVF Output\P9\WalkG\CamUp_SVF\cam_20250806_113457_svf.jpg,True,50.81417214,4.37435767,,,,,,,,,,,,,,,
P9,WalkG,cam_20250806_113458.jpg,2025-08-06 11:34:58,CamUp,neginja_MSE_SkyViewFactor_reference_table,"24,25,25,26,26,27,27,29,29,32,32,36,36,40,41,43,44",9d4c5f0c12889fb034103b01efa54b21690d648acad08c427f81fc6d33241e03,b677f291bd6311850d8cb19c1c51cfff76b3a1e2deece82b67687ca72a30d9f8,REFERENCE_OR_CUSTOM_TABLE_NOT_MARKED_LENS_VERIFIED,542.0,240.0,240.0,True,Holmer_1992_Annular,120,None_MSE_Method_Assumed_Zenith,31.0311472238344,0.379874,59.425144404831,0.045325152696017466,0.0,59.47046955752702,0.0,0.0,DeepLabV3+_Xception65_ADE20K,C:\Users\pandya\OneDrive - UCL\Field experiment raw data\Complete Participantwise data\Final Data\ucm\P9\WalkG\ucm\CamUp\cam_20250806_113458.jpg,C:\Users\pandya\Documents\Github\docker\Paper3_Analysis\output\SVF Output\P9\WalkG\CamUp_SVF\cam_20250806_113458_svf.jpg,True,50.81417146,4.37433589,,,,,,,,,,,,,,,
P9,WalkG,cam_20250806_113459.jpg,2025-08-06 11:34:59,CamUp,neginja_MSE_SkyViewFactor_reference_table,"24,25,25,26,26,27,27,29,29,32,32,36,36,40,41,43,44",9d4c5f0c12889fb034103b01efa54b21690d648acad08c427f81fc6d33241e03,b677f291bd6311850d8cb19c1c51cfff76b3a1e2deece82b67687ca72a30d9f8,REFERENCE_OR_CUSTOM_TABLE_NOT_MARKED_LENS_VERIFIED,542.0,240.0,240.0,True,Holmer_1992_Annular,120,None_MSE_Method_Assumed_Zenith,30.024597186524062,0.369369,60.92695464721002,0.0022109830583423155,0.0,60.92916563026836,0.0,0.004421966116684631,DeepLabV3+_Xception65_ADE20K,C:\Users\pandya\OneDrive - UCL\Field experiment raw data\Complete Participantwise data\Final Data\ucm\P9\WalkG\ucm\CamUp\cam_20250806_113459.jpg,C:\Users\pandya\Documents\Github\docker\Paper3_Analysis\output\SVF Output\P9\WalkG\CamUp_SVF\cam_20250806_113459_svf.jpg,True,50.81417529,4.3743174,,,,,,,,,,,,,,,
P9,WalkG,cam_20250806_113500.jpg,2025-08-06 11:35:00,CamUp,neginja_MSE_SkyViewFactor_reference_table,"24,25,25,26,26,27,27,29,29,32,32,36,36,40,41,43,44",9d4c5f0c12889fb034103b01efa54b21690d648acad08c427f81fc6d33241e03,b677f291bd6311850d8cb19c1c51cfff76b3a1e2deece82b67687ca72a30d9f8,REFERENCE_OR_CUSTOM_TABLE_NOT_MARKED_LENS_VERIFIED,542.0,240.0,240.0,True,Holmer_1992_Annular,120,None_MSE_Method_Assumed_Zenith,34.17516513279717,0.457619,59.38092474366415,0.04753613575435978,0.0,59.428460879418516,0.0,0.1122073902108725,DeepLabV3+_Xception65_ADE20K,C:\Users\pandya\OneDrive - UCL\Field experiment raw data\Complete Participantwise data\Final Data\ucm\P9\WalkG\ucm\CamUp\cam_20250806_113500.jpg,C:\Users\pandya\Documents\Github\docker\Paper3_Analysis\output\SVF Output\P9\WalkG\CamUp_SVF\cam_20250806_113500_svf.jpg,True,50.81417681,4.37429494,,,,,,,,,,,,,,,
P9,WalkG,cam_20250806_113501.jpg,2025-08-06 11:35:01,CamUp,neginja_MSE_SkyViewFactor_reference_table,"24,25,25,26,26,27,27,29,29,32,32,36,36,40,41,43,44",9d4c5f0c12889fb034103b01efa54b21690d648acad08c427f81fc6d33241e03,b677f291bd6311850d8cb19c1c51cfff76b3a1e2deece82b67687ca72a30d9f8,REFERENCE_OR_CUSTOM_TABLE_NOT_MARKED_LENS_VERIFIED,542.0,240.0,240.0,True,Holmer_1992_Annular,120,None_MSE_Method_Assumed_Zenith,38.62311030041732,0.498091,51.33349915706271,0.0016582372937567365,0.0,51.335157394356465,0.0,0.0,DeepLabV3+_Xception65_ADE20K,C:\Users\pandya\OneDrive - UCL\Field experiment raw data\Complete Participantwise data\Final Data\ucm\P9\WalkG\ucm\CamUp\cam_20250806_113501.jpg,C:\Users\pandya\Documents\Github\docker\Paper3_Analysis\output\SVF Output\P9\WalkG\CamUp_SVF\cam_20250806_113501_svf.jpg,True,50.81418042,4.37427749,,,,,,,,,,,,,,,
P9,WalkG,cam_20250806_113502.jpg,2025-08-06 11:35:02,CamUp,neginja_MSE_SkyViewFactor_reference_table,"24,25,25,26,26,27,27,29,29,32,32,36,36,40,41,43,44",9d4c5f0c12889fb034103b01efa54b21690d648acad08c427f81fc6d33241e03,b677f291bd6311850d8cb19c1c51cfff76b3a1e2deece82b67687ca72a30d9f8,REFERENCE_OR_CUSTOM_TABLE_NOT_MARKED_LENS_VERIFIED,542.0,240.0,240.0,True,Holmer_1992_Annular,120,None_MSE_Method_Assumed_Zenith,41.383522648757705,0.55067,47.023187684824364,0.0,0.0,47.023187684824364,0.0,0.0,DeepLabV3+_Xception65_ADE20K,C:\Users\pandya\OneDrive - UCL\Field experiment raw data\Complete Participantwise data\Final Data\ucm\P9\WalkG\ucm\CamUp\cam_20250806_113502.jpg,C:\Users\pandya\Documents\Github\docker\Paper3_Analysis\output\SVF Output\P9\WalkG\CamUp_SVF\cam_20250806_113502_svf.jpg,True,50.81418042,4.37427749,,,,,,,,,,,,,,,
P9,WalkG,cam_20250806_113503.jpg,2025-08-06 11:35:03,CamUp,neginja_MSE_SkyViewFactor_reference_table,"24,25,25,26,26,27,27,29,29,32,32,36,36,40,41,43,44",9d4c5f0c12889fb034103b01efa54b21690d648acad08c427f81fc6d33241e03,b677f291bd6311850d8cb19c1c51cfff76b3a1e2deece82b67687ca72a30d9f8,REFERENCE_OR_CUSTOM_TABLE_NOT_MARKED_LENS_VERIFIED,542.0,240.0,240.0,True,Holmer_1992_Annular,120,None_MSE_Method_Assumed_Zenith,37.77962026365973,0.510056,35.830638697730976,0.09451952574413398,0.0,35.92515822347511,0.0,0.2824530857032308,DeepLabV3+_Xception65_ADE20K,C:\Users\pandya\OneDrive - UCL\Field experiment raw data\Complete Participantwise data\Final Data\ucm\P9\WalkG\ucm\CamUp\cam_20250806_113503.jpg,C:\Users\pandya\Documents\Github\docker\Paper3_Analysis\output\SVF Output\P9\WalkG\CamUp_SVF\cam_20250806_113503_svf.jpg,True,50.81418708,4.37424076,,,,,,,,,,,,,,,
P9,WalkG,cam_20250806_113504.jpg,2025-08-06 11:35:04,CamUp,neginja_MSE_SkyViewFactor_reference_table,"24,25,25,26,26,27,27,29,29,32,32,36,36,40,41,43,44",9d4c5f0c12889fb034103b01efa54b21690d648acad08c427f81fc6d33241e03,b677f291bd6311850d8cb19c1c51cfff76b3a1e2deece82b67687ca72a30d9f8,REFERENCE_OR_CUSTOM_TABLE_NOT_MARKED_LENS_VERIFIED,542.0,240.0,240.0,True,Holmer_1992_Annular,120,None_MSE_Method_Assumed_Zenith,32.08357515960534,0.477152,46.06970124091424,0.0,0.0,46.06970124091424,0.0,1.4459829201558743,DeepLabV3+_Xception65_ADE20K,C:\Users\pandya\OneDrive - UCL\Field experiment raw data\Complete Participantwise data\Final Data\ucm\P9\WalkG\ucm\CamUp\cam_20250806_113504.jpg,C:\Users\pandya\Documents\Github\docker\Paper3_Analysis\output\SVF Output\P9\WalkG\CamUp_SVF\cam_20250806_113504_svf.jpg,True,50.81418708,4.37424076,,,,,,,,,,,,,,,
P9,WalkG,cam_20250806_113505.jpg,2025-08-06 11:35:05,CamUp,neginja_MSE_SkyViewFactor_reference_table,"24,25,25,26,26,27,27,29,29,32,32,36,36,40,41,43,44",9d4c5f0c12889fb034103b01efa54b21690d648acad08c427f81fc6d33241e03,b677f291bd6311850d8cb19c1c51cfff76b3a1e2deece82b67687ca72a30d9f8,REFERENCE_OR_CUSTOM_TABLE_NOT_MARKED_LENS_VERIFIED,542.0,240.0,240.0,True,Holmer_1992_Annular,120,None_MSE_Method_Assumed_Zenith,33.295746621341515,0.479551,28.42660918110715,0.0,0.0,28.42660918110715,0.0,0.8799712572202415,DeepLabV3+_Xception65_ADE20K,C:\Users\pandya\OneDrive - UCL\Field experiment raw data\Complete Participantwise data\Final Data\ucm\P9\WalkG\ucm\CamUp\cam_20250806_113505.jpg,C:\Users\pandya\Documents\Github\docker\Paper3_Analysis\output\SVF Output\P9\WalkG\CamUp_SVF\cam_20250806_113505_svf.jpg,True,50.81418606,4.3742082,,,,,,,,,,,,,,,
P9,WalkG,cam_20250806_113506.jpg,2025-08-06 11:35:06,CamUp,neginja_MSE_SkyViewFactor_reference_table,"24,25,25,26,26,27,27,29,29,32,32,36,36,40,41,43,44",9d4c5f0c12889fb034103b01efa54b21690d648acad08c427f81fc6d33241e03,b677f291bd6311850d8cb19c1c51cfff76b3a1e2deece82b67687ca72a30d9f8,REFERENCE_OR_CUSTOM_TABLE_NOT_MARKED_LENS_VERIFIED,542.0,240.0,240.0,True,Holmer_1992_Annular,120,None_MSE_Method_Assumed_Zenith,40.36702318768482,0.564762,30.936074952325676,0.0,0.0,30.936074952325676,0.0,0.0,DeepLabV3+_Xception65_ADE20K,C:\Users\pandya\OneDrive - UCL\Field experiment raw data\Complete Participantwise data\Final Data\ucm\P9\WalkG\ucm\CamUp\cam_20250806_113506.jpg,C:\Users\pandya\Documents\Github\docker\Paper3_Analysis\output\SVF Output\P9\WalkG\CamUp_SVF\cam_20250806_113506_svf.jpg,True,50.81418549,4.37418825,,,,,,,,,,,,,,,
P9,WalkG,cam_20250806_113507.jpg,2025-08-06 11:35:07,CamUp,neginja_MSE_SkyViewFactor_reference_table,"24,25,25,26,26,27,27,29,29,32,32,36,36,40,41,43,44",9d4c5f0c12889fb034103b01efa54b21690d648acad08c427f81fc6d33241e03,b677f291bd6311850d8cb19c1c51cfff76b3a1e2deece82b67687ca72a30d9f8,REFERENCE_OR_CUSTOM_TABLE_NOT_MARKED_LENS_VERIFIED,542.0,240.0,240.0,True,Holmer_1992_Annular,120,None_MSE_Method_Assumed_Zenith,44.96199872868474,0.610012,38.016748196666946,0.02045159328966642,0.0,38.03719978995661,0.0,0.0,DeepLabV3+_Xception65_ADE20K,C:\Users\pandya\OneDrive - UCL\Field experiment raw data\Complete Participantwise data\Final Data\ucm\P9\WalkG\ucm\CamUp\cam_20250806_113507.jpg,C:\Users\pandya\Documents\Github\docker\Paper3_Analysis\output\SVF Output\P9\WalkG\CamUp_SVF\cam_20250806_113507_svf.jpg,True,50.81418516,4.37416508,,,,,,,,,,,,,,,
P9,WalkG,cam_20250806_113508.jpg,2025-08-06 11:35:08,CamUp,neginja_MSE_SkyViewFactor_reference_table,"24,25,25,26,26,27,27,29,29,32,32,36,36,40,41,43,44",9d4c5f0c12889fb034103b01efa54b21690d648acad08c427f81fc6d33241e03,b677f291bd6311850d8cb19c1c51cfff76b3a1e2deece82b67687ca72a30d9f8,REFERENCE_OR_CUSTOM_TABLE_NOT_MARKED_LENS_VERIFIED,542.0,240.0,240.0,True,Holmer_1992_Annular,120,None_MSE_Method_Assumed_Zenith,43.63319791062101,0.609108,31.695547632866262,0.9059503081557637,0.0,32.601497941022025,0.0,0.0,DeepLabV3+_Xception65_ADE20K,C:\Users\pandya\OneDrive - UCL\Field experiment raw data\Complete Participantwise data\Final Data\ucm\P9\WalkG\ucm\CamUp\cam_20250806_113508.jpg,C:\Users\pandya\Documents\Github\docker\Paper3_Analysis\output\SVF Output\P9\WalkG\CamUp_SVF\cam_20250806_113508_svf.jpg,True,50.81418446,4.37414094,,,,,,,,,,,,,,,
P9,WalkG,cam_20250806_113509.jpg,2025-08-06 11:35:09,CamUp,neginja_MSE_SkyViewFactor_reference_table,"24,25,25,26,26,27,27,29,29,32,32,36,36,40,41,43,44",9d4c5f0c12889fb034103b01efa54b21690d648acad08c427f81fc6d33241e03,b677f291bd6311850d8cb19c1c51cfff76b3a1e2deece82b67687ca72a30d9f8,REFERENCE_OR_CUSTOM_TABLE_NOT_MARKED_LENS_VERIFIED,542.0,240.0,240.0,True,Holmer_1992_Annular,120,None_MSE_Method_Assumed_Zenith,39.48484094740624,0.569816,25.193599204046098,2.4260011607661056,0.0,27.619600364812204,0.0,0.0,DeepLabV3+_Xception65_ADE20K,C:\Users\pandya\OneDrive - UCL\Field experiment raw data\Complete Participantwise data\Final Data\ucm\P9\WalkG\ucm\CamUp\cam_20250806_113509.jpg,C:\Users\pandya\Documents\Github\docker\Paper3_Analysis\output\SVF Output\P9\WalkG\CamUp_SVF\cam_20250806_113509_svf.jpg,True,50.81418411,4.37412435,,,,,,,,,,,,,,,
P9,WalkG,cam_20250806_113510.jpg,2025-08-06 11:35:10,CamUp,neginja_MSE_SkyViewFactor_reference_table,"24,25,25,26,26,27,27,29,29,32,32,36,36,40,41,43,44",9d4c5f0c12889fb034103b01efa54b21690d648acad08c427f81fc6d33241e03,b677f291bd6311850d8cb19c1c51cfff76b3a1e2deece82b67687ca72a30d9f8,REFERENCE_OR_CUSTOM_TABLE_NOT_MARKED_LENS_VERIFIED,542.0,240.0,240.0,True,Holmer_1992_Annular,120,None_MSE_Method_Assumed_Zenith,39.03545864079817,0.571437,24.410358455628334,8.370229113119422,0.0,32.780587568747755,0.0,0.05251084763562999,DeepLabV3+_Xception65_ADE20K,C:\Users\pandya\OneDrive - UCL\Field experiment raw data\Complete Participantwise data\Final Data\ucm\P9\WalkG\ucm\CamUp\cam_20250806_113510.jpg,C:\Users\pandya\Documents\Github\docker\Paper3_Analysis\output\SVF Output\P9\WalkG\CamUp_SVF\cam_20250806_113510_svf.jpg,True,50.81418273,4.37410603,,,,,,,,,,,,,,,
P9,WalkG,cam_20250806_113511.jpg,2025-08-06 11:35:11,CamUp,neginja_MSE_SkyViewFactor_reference_table,"24,25,25,26,26,27,27,29,29,32,32,36,36,40,41,43,44",9d4c5f0c12889fb034103b01efa54b21690d648acad08c427f81fc6d33241e03,b677f291bd6311850d8cb19c1c51cfff76b3a1e2deece82b67687ca72a30d9f8,REFERENCE_OR_CUSTOM_TABLE_NOT_MARKED_LENS_VERIFIED,542.0,240.0,240.0,True,Holmer_1992_Annular,120,None_MSE_Method_Assumed_Zenith,37.91670121327695,0.573335,25.955282867645025,1.6123593952961337,0.0,27.56764226294116,0.0,0.4206395268496256,DeepLabV3+_Xception65_ADE20K,C:\Users\pandya\OneDrive - UCL\Field experiment raw data\Complete Participantwise data\Final Data\ucm\P9\WalkG\ucm\CamUp\cam_20250806_113511.jpg,C:\Users\pandya\Documents\Github\docker\Paper3_Analysis\output\SVF Output\P9\WalkG\CamUp_SVF\cam_20250806_113511_svf.jpg,True,50.81418168,4.37408803,,,,,,,,,,,,,,,
P9,WalkG,cam_20250806_113512.jpg,2025-08-06 11:35:12,CamUp,neginja_MSE_SkyViewFactor_reference_table,"24,25,25,26,26,27,27,29,29,32,32,36,36,40,41,43,44",9d4c5f0c12889fb034103b01efa54b21690d648acad08c427f81fc6d33241e03,b677f291bd6311850d8cb19c1c51cfff76b3a1e2deece82b67687ca72a30d9f8,REFERENCE_OR_CUSTOM_TABLE_NOT_MARKED_LENS_VERIFIED,542.0,240.0,240.0,True,Holmer_1992_Annular,120,None_MSE_Method_Assumed_Zenith,38.08749965453389,0.577583,32.13000580383053,0.0,0.0,32.13000580383053,0.0,0.2266257634800873,DeepLabV3+_Xception65_ADE20K,C:\Users\pandya\OneDrive - UCL\Field experiment raw data\Complete Participantwise data\Final Data\ucm\P9\WalkG\ucm\CamUp\cam_20250806_113512.jpg,C:\Users\pandya\Documents\Github\docker\Paper3_Analysis\output\SVF Output\P9\WalkG\CamUp_SVF\cam_20250806_113512_svf.jpg,True,50.8141804,4.37406888,,,,,,,,,,,,,,,
P9,WalkG,cam_20250806_113513.jpg,2025-08-06 11:35:13,CamUp,neginja_MSE_SkyViewFactor_reference_table,"24,25,25,26,26,27,27,29,29,32,32,36,36,40,41,43,44",9d4c5f0c12889fb034103b01efa54b21690d648acad08c427f81fc6d33241e03,b677f291bd6311850d8cb19c1c51cfff76b3a1e2deece82b67687ca72a30d9f8,REFERENCE_OR_CUSTOM_TABLE_NOT_MARKED_LENS_VERIFIED,542.0,240.0,240.0,True,Holmer_1992_Annular,120,None_MSE_Method_Assumed_Zenith,40.33551667910344,0.602933,17.62429870381118,0.17411491584445735,0.0,17.798413619655637,0.0,0.0,DeepLabV3+_Xception65_ADE20K,C:\Users\pandya\OneDrive - UCL\Field experiment raw data\Complete Participantwise data\Final Data\ucm\P9\WalkG\ucm\CamUp\cam_20250806_113513.jpg,C:\Users\pandya\Documents\Github\docker\Paper3_Analysis\output\SVF Output\P9\WalkG\CamUp_SVF\cam_20250806_113513_svf.jpg,True,50.8141804,4.37406888,,,,,,,,,,,,,,,
P9,WalkG,cam_20250806_113514.jpg,2025-08-06 11:35:14,CamUp,neginja_MSE_SkyViewFactor_reference_table,"24,25,25,26,26,27,27,29,29,32,32,36,36,40,41,43,44",9d4c5f0c12889fb034103b01efa54b21690d648acad08c427f81fc6d33241e03,b677f291bd6311850d8cb19c1c51cfff76b3a1e2deece82b67687ca72a30d9f8,REFERENCE_OR_CUSTOM_TABLE_NOT_MARKED_LENS_VERIFIED,542.0,240.0,240.0,True,Holmer_1992_Annular,120,None_MSE_Method_Assumed_Zenith,38.9304369455269,0.592138,28.286764502667,0.0005527457645855789,0.0,28.287317248431588,0.0,0.003316474587513473,DeepLabV3+_Xception65_ADE20K,C:\Users\pandya\OneDrive - UCL\Field experiment raw data\Complete Participantwise data\Final Data\ucm\P9\WalkG\ucm\CamUp\cam_20250806_113514.jpg,C:\Users\pandya\Documents\Github\docker\Paper3_Analysis\output\SVF Output\P9\WalkG\CamUp_SVF\cam_20250806_113514_svf.jpg,True,50.81419088,4.37402888,,,,,,,,,,,,,,,
P9,WalkG,cam_20250806_113515.jpg,2025-08-06 11:35:15,CamUp,neginja_MSE_SkyViewFactor_reference_table,"24,25,25,26,26,27,27,29,29,32,32,36,36,40,41,43,44",9d4c5f0c12889fb034103b01efa54b21690d648acad08c427f81fc6d33241e03,b677f291bd6311850d8cb19c1c51cfff76b3a1e2deece82b67687ca72a30d9f8,REFERENCE_OR_CUSTOM_TABLE_NOT_MARKED_LENS_VERIFIED,542.0,240.0,240.0,True,Holmer_1992_Annular,120,None_MSE_Method_Assumed_Zenith,38.08749965453389,0.594435,17.325263245170383,0.2061741701904209,0.0,17.531437415360806,0.0,0.0,DeepLabV3+_Xception65_ADE20K,C:\Users\pandya\OneDrive - UCL\Field experiment raw data\Complete Participantwise data\Final Data\ucm\P9\WalkG\ucm\CamUp\cam_20250806_113515.jpg,C:\Users\pandya\Documents\Github\docker\Paper3_Analysis\output\SVF Output\P9\WalkG\CamUp_SVF\cam_20250806_113515_svf.jpg,True,50.81419157,4.37400633,,,,,,,,,,,,,,,
P9,WalkG,cam_20250806_113516.jpg,2025-08-06 11:35:16,CamUp,neginja_MSE_SkyViewFactor_reference_table,"24,25,25,26,26,27,27,29,29,32,32,36,36,40,41,43,44",9d4c5f0c12889fb034103b01efa54b21690d648acad08c427f81fc6d33241e03,b677f291bd6311850d8cb19c1c51cfff76b3a1e2deece82b67687ca72a30d9f8,REFERENCE_OR_CUSTOM_TABLE_NOT_MARKED_LENS_VERIFIED,542.0,240.0,240.0,True,Holmer_1992_Annular,120,None_MSE_Method_Assumed_Zenith,43.62545946991681,0.627502,29.642649863195423,0.016582372937567365,0.0,29.65923223613299,0.0,0.007185694939612526,DeepLabV3+_Xception65_ADE20K,C:\Users\pandya\OneDrive - UCL\Field experiment raw data\Complete Participantwise data\Final Data\ucm\P9\WalkG\ucm\CamUp\cam_20250806_113516.jpg,C:\Users\pandya\Documents\Github\docker\Paper3_Analysis\output\SVF Output\P9\WalkG\CamUp_SVF\cam_20250806_113516_svf.jpg,True,50.81419157,4.37400633,,,,,,,,,,,,,,,
P9,WalkG,cam_20250806_113517.jpg,2025-08-06 11:35:17,CamUp,neginja_MSE_SkyViewFactor_reference_table,"24,25,25,26,26,27,27,29,29,32,32,36,36,40,41,43,44",9d4c5f0c12889fb034103b01efa54b21690d648acad08c427f81fc6d33241e03,b677f291bd6311850d8cb19c1c51cfff76b3a1e2deece82b67687ca72a30d9f8,REFERENCE_OR_CUSTOM_TABLE_NOT_MARKED_LENS_VERIFIED,542.0,240.0,240.0,True,Holmer_1992_Annular,120,None_MSE_Method_Assumed_Zenith,43.11582787496891,0.625741,21.333775529945,0.18461708537158333,0.0,21.518392615316586,0.0,1.2580493601967775,DeepLabV3+_Xception65_ADE20K,C:\Users\pandya\OneDrive - UCL\Field experiment raw data\Complete Participantwise data\Final Data\ucm\P9\WalkG\ucm\CamUp\cam_20250806_113517.jpg,C:\Users\pandya\Documents\Github\docker\Paper3_Analysis\output\SVF Output\P9\WalkG\CamUp_SVF\cam_20250806_113517_svf.jpg,True,50.81419109,4.37396686,,,,,,,,,,,,,,,
P9,WalkG,cam_20250806_113518.jpg,2025-08-06 11:35:18,CamUp,neginja_MSE_SkyViewFactor_reference_table,"24,25,25,26,26,27,27,29,29,32,32,36,36,40,41,43,44",9d4c5f0c12889fb034103b01efa54b21690d648acad08c427f81fc6d33241e03,b677f291bd6311850d8cb19c1c51cfff76b3a1e2deece82b67687ca72a30d9f8,REFERENCE_OR_CUSTOM_TABLE_NOT_MARKED_LENS_VERIFIED,542.0,240.0,240.0,True,Holmer_1992_Annular,120,None_MSE_Method_Assumed_Zenith,46.4853660558826,0.650255,18.206339993919794,0.2940607467595279,0.0,18.50040074067932,0.0,0.05748555951690021,DeepLabV3+_Xception65_ADE20K,C:\Users\pandya\OneDrive - UCL\Field experiment raw data\Complete Participantwise data\Final Data\ucm\P9\WalkG\ucm\CamUp\cam_20250806_113518.jpg,C:\Users\pandya\Documents\Github\docker\Paper3_Analysis\output\SVF Output\P9\WalkG\CamUp_SVF\cam_20250806_113518_svf.jpg,True,50.81419147,4.3739475,,,,,,,,,,,,,,,
P9,WalkG,cam_20250806_113519.jpg,2025-08-06 11:35:19,CamUp,neginja_MSE_SkyViewFactor_reference_table,"24,25,25,26,26,27,27,29,29,32,32,36,36,40,41,43,44",9d4c5f0c12889fb034103b01efa54b21690d648acad08c427f81fc6d33241e03,b677f291bd6311850d8cb19c1c51cfff76b3a1e2deece82b67687ca72a30d9f8,REFERENCE_OR_CUSTOM_TABLE_NOT_MARKED_LENS_VERIFIED,542.0,240.0,240.0,True,Holmer_1992_Annular,120,None_MSE_Method_Assumed_Zenith,54.15913550562419,0.701595,23.012464416991403,0.518475527181273,0.0,23.530939944172676,0.0,1.320509631594948,DeepLabV3+_Xception65_ADE20K,C:\Users\pandya\OneDrive - UCL\Field experiment raw data\Complete Participantwise data\Final Data\ucm\P9\WalkG\ucm\CamUp\cam_20250806_113519.jpg,C:\Users\pandya\Documents\Github\docker\Paper3_Analysis\output\SVF Output\P9\WalkG\CamUp_SVF\cam_20250806_113519_svf.jpg,True,50.81419372,4.37392895,,,,,,,,,,,,,,,
P9,WalkG,cam_20250806_113520.jpg,2025-08-06 11:35:20,CamUp,neginja_MSE_SkyViewFactor_reference_table,"24,25,25,26,26,27,27,29,29,32,32,36,36,40,41,43,44",9d4c5f0c12889fb034103b01efa54b21690d648acad08c427f81fc6d33241e03,b677f291bd6311850d8cb19c1c51cfff76b3a1e2deece82b67687ca72a30d9f8,REFERENCE_OR_CUSTOM_TABLE_NOT_MARKED_LENS_VERIFIED,542.0,240.0,240.0,True,Holmer_1992_Annular,120,None_MSE_Method_Assumed_Zenith,50.13348810214742,0.676599,14.802531575601801,0.13652820385263797,0.0,14.939059779454439,0.0,0.20949064477793441,DeepLabV3+_Xception65_ADE20K,C:\Users\pandya\OneDrive - UCL\Field experiment raw data\Complete Participantwise data\Final Data\ucm\P9\WalkG\ucm\CamUp\cam_20250806_113520.jpg,C:\Users\pandya\Documents\Github\docker\Paper3_Analysis\output\SVF Output\P9\WalkG\CamUp_SVF\cam_20250806_113520_svf.jpg,True,50.81419372,4.37392895,,,,,,,,,,,,,,,
P9,WalkG,cam_20250806_113521.jpg,2025-08-06 11:35:21,CamUp,neginja_MSE_SkyViewFactor_reference_table,"24,25,25,26,26,27,27,29,29,32,32,36,36,40,41,43,44",9d4c5f0c12889fb034103b01efa54b21690d648acad08c427f81fc6d33241e03,b677f291bd6311850d8cb19c1c51cfff76b3a1e2deece82b67687ca72a30d9f8,REFERENCE_OR_CUSTOM_TABLE_NOT_MARKED_LENS_VERIFIED,542.0,240.0,240.0,True,Holmer_1992_Annular,120,None_MSE_Method_Assumed_Zenith,54.40068540474808,0.702703,11.189785258270458,0.10778542409418787,0.0,11.297570682364645,0.0,0.7318353923113063,DeepLabV3+_Xception65_ADE20K,C:\Users\pandya\OneDrive - UCL\Field experiment raw data\Complete Participantwise data\Final Data\ucm\P9\WalkG\ucm\CamUp\cam_20250806_113521.jpg,C:\Users\pandya\Documents\Github\docker\Paper3_Analysis\output\SVF Output\P9\WalkG\CamUp_SVF\cam_20250806_113521_svf.jpg,True,50.8141899,4.37389127,,,,,,,,,,,,,,,
P9,WalkG,cam_20250806_113522.jpg,2025-08-06 11:35:22,CamUp,neginja_MSE_SkyViewFactor_reference_table,"24,25,25,26,26,27,27,29,29,32,32,36,36,40,41,43,44",9d4c5f0c12889fb034103b01efa54b21690d648acad08c427f81fc6d33241e03,b677f291bd6311850d8cb19c1c51cfff76b3a1e2deece82b67687ca72a30d9f8,REFERENCE_OR_CUSTOM_TABLE_NOT_MARKED_LENS_VERIFIED,542.0,240.0,240.0,True,Holmer_1992_Annular,120,None_MSE_Method_Assumed_Zenith,49.60119393085151,0.672362,26.8800265317967,0.3764198656827792,0.0,27.256446397479483,0.0,0.13431722079429567,DeepLabV3+_Xception65_ADE20K,C:\Users\pandya\OneDrive - UCL\Field experiment raw data\Complete Participantwise data\Final Data\ucm\P9\WalkG\ucm\CamUp\cam_20250806_113522.jpg,C:\Users\pandya\Documents\Github\docker\Paper3_Analysis\output\SVF Output\P9\WalkG\CamUp_SVF\cam_20250806_113522_svf.jpg,True,50.81418676,4.37387125,,,,,,,,,,,,,,,
P9,WalkG,cam_20250806_113523.jpg,2025-08-06 11:35:23,CamUp,neginja_MSE_SkyViewFactor_reference_table,"24,25,25,26,26,27,27,29,29,32,32,36,36,40,41,43,44",9d4c5f0c12889fb034103b01efa54b21690d648acad08c427f81fc6d33241e03,b677f291bd6311850d8cb19c1c51cfff76b3a1e2deece82b67687ca72a30d9f8,REFERENCE_OR_CUSTOM_TABLE_NOT_MARKED_LENS_VERIFIED,542.0,240.0,240.0,True,Holmer_1992_Annular,120,None_MSE_Method_Assumed_Zenith,48.10214741729541,0.663592,16.760909819528507,0.08733383080452146,0.0,16.84824365033303,0.0,0.17964237349031312,DeepLabV3+_Xception65_ADE20K,C:\Users\pandya\OneDrive - UCL\Field experiment raw data\Complete Participantwise data\Final Data\ucm\P9\WalkG\ucm\CamUp\cam_20250806_113523.jpg,C:\Users\pandya\Documents\Github\docker\Paper3_Analysis\output\SVF Output\P9\WalkG\CamUp_SVF\cam_20250806_113523_svf.jpg,True,50.8141841,4.37385151,,,,,,,,,,,,,,,
P9,WalkG,cam_20250806_113524.jpg,2025-08-06 11:35:24,CamUp,neginja_MSE_SkyViewFactor_reference_table,"24,25,25,26,26,27,27,29,29,32,32,36,36,40,41,43,44",9d4c5f0c12889fb034103b01efa54b21690d648acad08c427f81fc6d33241e03,b677f291bd6311850d8cb19c1c51cfff76b3a1e2deece82b67687ca72a30d9f8,REFERENCE_OR_CUSTOM_TABLE_NOT_MARKED_LENS_VERIFIED,542.0,240.0,240.0,True,Holmer_1992_Annular,120,None_MSE_Method_Assumed_Zenith,46.96459663377829,0.649185,19.642926236077717,0.037586711991819365,0.0,19.680512948069534,0.0,0.47370312024984107,DeepLabV3+_Xception65_ADE20K,C:\Users\pandya\OneDrive - UCL\Field experiment raw data\Complete Participantwise data\Final Data\ucm\P9\WalkG\ucm\CamUp\cam_20250806_113524.jpg,C:\Users\pandya\Documents\Github\docker\Paper3_Analysis\output\SVF Output\P9\WalkG\CamUp_SVF\cam_20250806_113524_svf.jpg,True,50.81417999,4.37383262,,,,,,,,,,,,,,,
P9,WalkG,cam_20250806_113525.jpg,2025-08-06 11:35:25,CamUp,neginja_MSE_SkyViewFactor_reference_table,"24,25,25,26,26,27,27,29,29,32,32,36,36,40,41,43,44",9d4c5f0c12889fb034103b01efa54b21690d648acad08c427f81fc6d33241e03,b677f291bd6311850d8cb19c1c51cfff76b3a1e2deece82b67687ca72a30d9f8,REFERENCE_OR_CUSTOM_TABLE_NOT_MARKED_LENS_VERIFIED,542.0,240.0,240.0,True,Holmer_1992_Annular,120,None_MSE_Method_Assumed_Zenith,56.16283890224692,0.668198,33.43780228284,0.0,0.0,33.43780228284,0.0,0.22607301771550176,DeepLabV3+_Xception65_ADE20K,C:\Users\pandya\OneDrive - UCL\Field experiment raw data\Complete Participantwise data\Final Data\ucm\P9\WalkG\ucm\CamUp\cam_20250806_113525.jpg,C:\Users\pandya\Documents\Github\docker\Paper3_Analysis\output\SVF Output\P9\WalkG\CamUp_SVF\cam_20250806_113525_svf.jpg,True,50.81417999,4.37383262,,,,,,,,,,,,,,,
P9,WalkG,cam_20250806_113526.jpg,2025-08-06 11:35:26,CamUp,neginja_MSE_SkyViewFactor_reference_table,"24,25,25,26,26,27,27,29,29,32,32,36,36,40,41,43,44",9d4c5f0c12889fb034103b01efa54b21690d648acad08c427f81fc6d33241e03,b677f291bd6311850d8cb19c1c51cfff76b3a1e2deece82b67687ca72a30d9f8,REFERENCE_OR_CUSTOM_TABLE_NOT_MARKED_LENS_VERIFIED,542.0,240.0,240.0,True,Holmer_1992_Annular,120,None_MSE_Method_Assumed_Zenith,55.387336594533345,0.653589,34.75886466019954,1.4404554625100185,0.0,36.19932012270956,0.0,0.15863803443606111,DeepLabV3+_Xception65_ADE20K,C:\Users\pandya\OneDrive - UCL\Field experiment raw data\Complete Participantwise data\Final Data\ucm\P9\WalkG\ucm\CamUp\cam_20250806_113526.jpg,C:\Users\pandya\Documents\Github\docker\Paper3_Analysis\output\SVF Output\P9\WalkG\CamUp_SVF\cam_20250806_113526_svf.jpg,True,50.81416652,4.37379905,,,,,,,,,,,,,,,
P9,WalkG,cam_20250806_113527.jpg,2025-08-06 11:35:27,CamUp,neginja_MSE_SkyViewFactor_reference_table,"24,25,25,26,26,27,27,29,29,32,32,36,36,40,41,43,44",9d4c5f0c12889fb034103b01efa54b21690d648acad08c427f81fc6d33241e03,b677f291bd6311850d8cb19c1c51cfff76b3a1e2deece82b67687ca72a30d9f8,REFERENCE_OR_CUSTOM_TABLE_NOT_MARKED_LENS_VERIFIED,542.0,240.0,240.0,True,Holmer_1992_Annular,120,None_MSE_Method_Assumed_Zenith,49.701240914241495,0.60522,36.463532598181466,0.003316474587513473,0.0,36.46684907276898,0.0,0.23104772959677194,DeepLabV3+_Xception65_ADE20K,C:\Users\pandya\OneDrive - UCL\Field experiment raw data\Complete Participantwise data\Final Data\ucm\P9\WalkG\ucm\CamUp\cam_20250806_113527.jpg,C:\Users\pandya\Documents\Github\docker\Paper3_Analysis\output\SVF Output\P9\WalkG\CamUp_SVF\cam_20250806_113527_svf.jpg,True,50.81416134,4.37378217,,,,,,,,,,,,,,,
P9,WalkG,cam_20250806_113528.jpg,2025-08-06 11:35:28,CamUp,neginja_MSE_SkyViewFactor_reference_table,"24,25,25,26,26,27,27,29,29,32,32,36,36,40,41,43,44",9d4c5f0c12889fb034103b01efa54b21690d648acad08c427f81fc6d33241e03,b677f291bd6311850d8cb19c1c51cfff76b3a1e2deece82b67687ca72a30d9f8,REFERENCE_OR_CUSTOM_TABLE_NOT_MARKED_LENS_VERIFIED,542.0,240.0,240.0,True,Holmer_1992_Annular,120,None_MSE_Method_Assumed_Zenith,51.75248044661858,0.607892,39.663930575131964,0.0,0.0,39.663930575131964,0.0,0.0005527457645855789,DeepLabV3+_Xception65_ADE20K,C:\Users\pandya\OneDrive - UCL\Field experiment raw data\Complete Participantwise data\Final Data\ucm\P9\WalkG\ucm\CamUp\cam_20250806_113528.jpg,C:\Users\pandya\Documents\Github\docker\Paper3_Analysis\output\SVF Output\P9\WalkG\CamUp_SVF\cam_20250806_113528_svf.jpg,True,50.81416134,4.37378217,,,,,,,,,,,,,,,
P9,WalkG,cam_20250806_113529.jpg,2025-08-06 11:35:29,CamUp,neginja_MSE_SkyViewFactor_reference_table,"24,25,25,26,26,27,27,29,29,32,32,36,36,40,41,43,44",9d4c5f0c12889fb034103b01efa54b21690d648acad08c427f81fc6d33241e03,b677f291bd6311850d8cb19c1c51cfff76b3a1e2deece82b67687ca72a30d9f8,REFERENCE_OR_CUSTOM_TABLE_NOT_MARKED_LENS_VERIFIED,542.0,240.0,240.0,True,Holmer_1992_Annular,120,None_MSE_Method_Assumed_Zenith,48.61067352071415,0.602971,39.23002514993229,0.0,0.0,39.23002514993229,0.0,0.2924025094657712,DeepLabV3+_Xception65_ADE20K,C:\Users\pandya\OneDrive - UCL\Field experiment raw data\Complete Participantwise data\Final Data\ucm\P9\WalkG\ucm\CamUp\cam_20250806_113529.jpg,C:\Users\pandya\Documents\Github\docker\Paper3_Analysis\output\SVF Output\P9\WalkG\CamUp_SVF\cam_20250806_113529_svf.jpg,True,50.81414877,4.37375096,,,,,,,,,,,,,,,
P9,WalkG,cam_20250806_113530.jpg,2025-08-06 11:35:30,CamUp,neginja_MSE_SkyViewFactor_reference_table,"24,25,25,26,26,27,27,29,29,32,32,36,36,40,41,43,44",9d4c5f0c12889fb034103b01efa54b21690d648acad08c427f81fc6d33241e03,b677f291bd6311850d8cb19c1c51cfff76b3a1e2deece82b67687ca72a30d9f8,REFERENCE_OR_CUSTOM_TABLE_NOT_MARKED_LENS_VERIFIED,542.0,240.0,240.0,True,Holmer_1992_Annular,120,None_MSE_Method_Assumed_Zenith,53.734626758422465,0.608577,34.36088770969793,0.0,0.0,34.36088770969793,0.0,0.6793245446756764,DeepLabV3+_Xception65_ADE20K,C:\Users\pandya\OneDrive - UCL\Field experiment raw data\Complete Participantwise data\Final Data\ucm\P9\WalkG\ucm\CamUp\cam_20250806_113530.jpg,C:\Users\pandya\Documents\Github\docker\Paper3_Analysis\output\SVF Output\P9\WalkG\CamUp_SVF\cam_20250806_113530_svf.jpg,True,50.81414877,4.37375096,,,,,,,,,,,,,,,
P9,WalkG,cam_20250806_113531.jpg,2025-08-06 11:35:31,CamUp,neginja_MSE_SkyViewFactor_reference_table,"24,25,25,26,26,27,27,29,29,32,32,36,36,40,41,43,44",9d4c5f0c12889fb034103b01efa54b21690d648acad08c427f81fc6d33241e03,b677f291bd6311850d8cb19c1c51cfff76b3a1e2deece82b67687ca72a30d9f8,REFERENCE_OR_CUSTOM_TABLE_NOT_MARKED_LENS_VERIFIED,542.0,240.0,240.0,True,Holmer_1992_Annular,120,None_MSE_Method_Assumed_Zenith,47.24152226183567,0.555683,41.44598292015587,0.0,0.0,41.44598292015587,0.0,0.7030926125528563,DeepLabV3+_Xception65_ADE20K,C:\Users\pandya\OneDrive - UCL\Field experiment raw data\Complete Participantwise data\Final Data\ucm\P9\WalkG\ucm\CamUp\cam_20250806_113531.jpg,C:\Users\pandya\Documents\Github\docker\Paper3_Analysis\output\SVF Output\P9\WalkG\CamUp_SVF\cam_20250806_113531_svf.jpg,True,50.81413865,4.37371867,,,,,,,,,,,,,,,
P9,WalkG,cam_20250806_113532.jpg,2025-08-06 11:35:32,CamUp,neginja_MSE_SkyViewFactor_reference_table,"24,25,25,26,26,27,27,29,29,32,32,36,36,40,41,43,44",9d4c5f0c12889fb034103b01efa54b21690d648acad08c427f81fc6d33241e03,b677f291bd6311850d8cb19c1c51cfff76b3a1e2deece82b67687ca72a30d9f8,REFERENCE_OR_CUSTOM_TABLE_NOT_MARKED_LENS_VERIFIED,542.0,240.0,240.0,True,Holmer_1992_Annular,120,None_MSE_Method_Assumed_Zenith,42.428212143824446,0.514031,31.196970953210073,0.0,0.0,31.196970953210073,0.0,0.7611309178343421,DeepLabV3+_Xception65_ADE20K,C:\Users\pandya\OneDrive - UCL\Field experiment raw data\Complete Participantwise data\Final Data\ucm\P9\WalkG\ucm\CamUp\cam_20250806_113532.jpg,C:\Users\pandya\Documents\Github\docker\Paper3_Analysis\output\SVF Output\P9\WalkG\CamUp_SVF\cam_20250806_113532_svf.jpg,True,50.81413865,4.37371867,,,,,,,,,,,,,,,
P9,WalkG,cam_20250806_113533.jpg,2025-08-06 11:35:33,CamUp,neginja_MSE_SkyViewFactor_reference_table,"24,25,25,26,26,27,27,29,29,32,32,36,36,40,41,43,44",9d4c5f0c12889fb034103b01efa54b21690d648acad08c427f81fc6d33241e03,b677f291bd6311850d8cb19c1c51cfff76b3a1e2deece82b67687ca72a30d9f8,REFERENCE_OR_CUSTOM_TABLE_NOT_MARKED_LENS_VERIFIED,542.0,240.0,240.0,True,Holmer_1992_Annular,120,None_MSE_Method_Assumed_Zenith,34.15526628527209,0.438953,32.00784898985711,0.0,0.0,32.00784898985711,0.0,0.6411850869192715,DeepLabV3+_Xception65_ADE20K,C:\Users\pandya\OneDrive - UCL\Field experiment raw data\Complete Participantwise data\Final Data\ucm\P9\WalkG\ucm\CamUp\cam_20250806_113533.jpg,C:\Users\pandya\Documents\Github\docker\Paper3_Analysis\output\SVF Output\P9\WalkG\CamUp_SVF\cam_20250806_113533_svf.jpg,True,50.81413215,4.37370005,,,,,,,,,,,,,,,
P9,WalkG,cam_20250806_113534.jpg,2025-08-06 11:35:34,CamUp,neginja_MSE_SkyViewFactor_reference_table,"24,25,25,26,26,27,27,29,29,32,32,36,36,40,41,43,44",9d4c5f0c12889fb034103b01efa54b21690d648acad08c427f81fc6d33241e03,b677f291bd6311850d8cb19c1c51cfff76b3a1e2deece82b67687ca72a30d9f8,REFERENCE_OR_CUSTOM_TABLE_NOT_MARKED_LENS_VERIFIED,542.0,240.0,240.0,True,Holmer_1992_Annular,120,None_MSE_Method_Assumed_Zenith,37.206422905784486,0.433093,44.73150374485256,0.0,0.0,44.73150374485256,0.0,0.24486637371141143,DeepLabV3+_Xception65_ADE20K,C:\Users\pandya\OneDrive - UCL\Field experiment raw data\Complete Participantwise data\Final Data\ucm\P9\WalkG\ucm\CamUp\cam_20250806_113534.jpg,C:\Users\pandya\Documents\Github\docker\Paper3_Analysis\output\SVF Output\P9\WalkG\CamUp_SVF\cam_20250806_113534_svf.jpg,True,50.81412201,4.37366128,,,,,,,,,,,,,,,
P9,WalkG,cam_20250806_113535.jpg,2025-08-06 11:35:35,CamUp,neginja_MSE_SkyViewFactor_reference_table,"24,25,25,26,26,27,27,29,29,32,32,36,36,40,41,43,44",9d4c5f0c12889fb034103b01efa54b21690d648acad08c427f81fc6d33241e03,b677f291bd6311850d8cb19c1c51cfff76b3a1e2deece82b67687ca72a30d9f8,REFERENCE_OR_CUSTOM_TABLE_NOT_MARKED_LENS_VERIFIED,542.0,240.0,240.0,True,Holmer_1992_Annular,120,None_MSE_Method_Assumed_Zenith,39.47212779482077,0.419231,51.316364038360554,0.0,0.0,51.316364038360554,0.0,0.08235911892325125,DeepLabV3+_Xception65_ADE20K,C:\Users\pandya\OneDrive - UCL\Field experiment raw data\Complete Participantwise data\Final Data\ucm\P9\WalkG\ucm\CamUp\cam_20250806_113535.jpg,C:\Users\pandya\Documents\Github\docker\Paper3_Analysis\output\SVF Output\P9\WalkG\CamUp_SVF\cam_20250806_113535_svf.jpg,True,50.81412201,4.37366128,,,,,,,,,,,,,,,
P9,WalkG,cam_20250806_113536.jpg,2025-08-06 11:35:36,CamUp,neginja_MSE_SkyViewFactor_reference_table,"24,25,25,26,26,27,27,29,29,32,32,36,36,40,41,43,44",9d4c5f0c12889fb034103b01efa54b21690d648acad08c427f81fc6d33241e03,b677f291bd6311850d8cb19c1c51cfff76b3a1e2deece82b67687ca72a30d9f8,REFERENCE_OR_CUSTOM_TABLE_NOT_MARKED_LENS_VERIFIED,542.0,240.0,240.0,True,Holmer_1992_Annular,120,None_MSE_Method_Assumed_Zenith,42.95829533206202,0.452745,50.964817732084136,0.0,0.0,50.964817732084136,0.0,0.0022109830583423155,DeepLabV3+_Xception65_ADE20K,C:\Users\pandya\OneDrive - UCL\Field experiment raw data\Complete Participantwise data\Final Data\ucm\P9\WalkG\ucm\CamUp\cam_20250806_113536.jpg,C:\Users\pandya\Documents\Github\docker\Paper3_Analysis\output\SVF Output\P9\WalkG\CamUp_SVF\cam_20250806_113536_svf.jpg,True,50.81412248,4.3736429,,,,,,,,,,,,,,,
P9,WalkG,cam_20250806_113537.jpg,2025-08-06 11:35:37,CamUp,neginja_MSE_SkyViewFactor_reference_table,"24,25,25,26,26,27,27,29,29,32,32,36,36,40,41,43,44",9d4c5f0c12889fb034103b01efa54b21690d648acad08c427f81fc6d33241e03,b677f291bd6311850d8cb19c1c51cfff76b3a1e2deece82b67687ca72a30d9f8,REFERENCE_OR_CUSTOM_TABLE_NOT_MARKED_LENS_VERIFIED,542.0,240.0,240.0,True,Holmer_1992_Annular,120,None_MSE_Method_Assumed_Zenith,44.29594008235912,0.481901,40.690932205731976,0.0,0.0,40.690932205731976,0.0,0.8141945112345577,DeepLabV3+_Xception65_ADE20K,C:\Users\pandya\OneDrive - UCL\Field experiment raw data\Complete Participantwise data\Final Data\ucm\P9\WalkG\ucm\CamUp\cam_20250806_113537.jpg,C:\Users\pandya\Documents\Github\docker\Paper3_Analysis\output\SVF Output\P9\WalkG\CamUp_SVF\cam_20250806_113537_svf.jpg,True,50.81411353,4.37360563,,,,,,,,,,,,,,,
P9,WalkG,cam_20250806_113538.jpg,2025-08-06 11:35:38,CamUp,neginja_MSE_SkyViewFactor_reference_table,"24,25,25,26,26,27,27,29,29,32,32,36,36,40,41,43,44",9d4c5f0c12889fb034103b01efa54b21690d648acad08c427f81fc6d33241e03,b677f291bd6311850d8cb19c1c51cfff76b3a1e2deece82b67687ca72a30d9f8,REFERENCE_OR_CUSTOM_TABLE_NOT_MARKED_LENS_VERIFIED,542.0,240.0,240.0,True,Holmer_1992_Annular,120,None_MSE_Method_Assumed_Zenith,45.04656883066633,0.478532,44.51924937125169,0.0,0.0,44.51924937125169,0.0,0.10667993256501672,DeepLabV3+_Xception65_ADE20K,C:\Users\pandya\OneDrive - UCL\Field experiment raw data\Complete Participantwise data\Final Data\ucm\P9\WalkG\ucm\CamUp\cam_20250806_113538.jpg,C:\Users\pandya\Documents\Github\docker\Paper3_Analysis\output\SVF Output\P9\WalkG\CamUp_SVF\cam_20250806_113538_svf.jpg,True,50.8141116,4.3735866,,,,,,,,,,,,,,,
P9,WalkG,cam_20250806_113539.jpg,2025-08-06 11:35:39,CamUp,neginja_MSE_SkyViewFactor_reference_table,"24,25,25,26,26,27,27,29,29,32,32,36,36,40,41,43,44",9d4c5f0c12889fb034103b01efa54b21690d648acad08c427f81fc6d33241e03,b677f291bd6311850d8cb19c1c51cfff76b3a1e2deece82b67687ca72a30d9f8,REFERENCE_OR_CUSTOM_TABLE_NOT_MARKED_LENS_VERIFIED,542.0,240.0,240.0,True,Holmer_1992_Annular,120,None_MSE_Method_Assumed_Zenith,38.48879307962303,0.435948,59.798247795926265,0.0,0.0,59.798247795926265,0.0,0.0,DeepLabV3+_Xception65_ADE20K,C:\Users\pandya\OneDrive - UCL\Field experiment raw data\Complete Participantwise data\Final Data\ucm\P9\WalkG\ucm\CamUp\cam_20250806_113539.jpg,C:\Users\pandya\Documents\Github\docker\Paper3_Analysis\output\SVF Output\P9\WalkG\CamUp_SVF\cam_20250806_113539_svf.jpg,True,50.8141116,4.3735866,,,,,,,,,,,,,,,
P9,WalkG,cam_20250806_113540.jpg,2025-08-06 11:35:40,CamUp,neginja_MSE_SkyViewFactor_reference_table,"24,25,25,26,26,27,27,29,29,32,32,36,36,40,41,43,44",9d4c5f0c12889fb034103b01efa54b21690d648acad08c427f81fc6d33241e03,b677f291bd6311850d8cb19c1c51cfff76b3a1e2deece82b67687ca72a30d9f8,REFERENCE_OR_CUSTOM_TABLE_NOT_MARKED_LENS_VERIFIED,542.0,240.0,240.0,True,Holmer_1992_Annular,120,None_MSE_Method_Assumed_Zenith,38.07036453583174,0.434154,58.09413260370893,0.0,0.0,58.09413260370893,0.0,0.1072326783296023,DeepLabV3+_Xception65_ADE20K,C:\Users\pandya\OneDrive - UCL\Field experiment raw data\Complete Participantwise data\Final Data\ucm\P9\WalkG\ucm\CamUp\cam_20250806_113540.jpg,C:\Users\pandya\Documents\Github\docker\Paper3_Analysis\output\SVF Output\P9\WalkG\CamUp_SVF\cam_20250806_113540_svf.jpg,True,50.81411041,4.3735466,,,,,,,,,,,,,,,
P9,WalkG,cam_20250806_113541.jpg,2025-08-06 11:35:41,CamUp,neginja_MSE_SkyViewFactor_reference_table,"24,25,25,26,26,27,27,29,29,32,32,36,36,40,41,43,44",9d4c5f0c12889fb034103b01efa54b21690d648acad08c427f81fc6d33241e03,b677f291bd6311850d8cb19c1c51cfff76b3a1e2deece82b67687ca72a30d9f8,REFERENCE_OR_CUSTOM_TABLE_NOT_MARKED_LENS_VERIFIED,542.0,240.0,240.0,True,Holmer_1992_Annular,120,None_MSE_Method_Assumed_Zenith,46.28803581792555,0.436589,46.73354890418152,0.0,0.0,46.73354890418152,0.0,0.0,DeepLabV3+_Xception65_ADE20K,C:\Users\pandya\OneDrive - UCL\Field experiment raw data\Complete Participantwise data\Final Data\ucm\P9\WalkG\ucm\CamUp\cam_20250806_113541.jpg,C:\Users\pandya\Documents\Github\docker\Paper3_Analysis\output\SVF Output\P9\WalkG\CamUp_SVF\cam_20250806_113541_svf.jpg,True,50.81411041,4.3735466,,,,,,,,,,,,,,,
P9,WalkG,cam_20250806_113542.jpg,2025-08-06 11:35:42,CamUp,neginja_MSE_SkyViewFactor_reference_table,"24,25,25,26,26,27,27,29,29,32,32,36,36,40,41,43,44",9d4c5f0c12889fb034103b01efa54b21690d648acad08c427f81fc6d33241e03,b677f291bd6311850d8cb19c1c51cfff76b3a1e2deece82b67687ca72a30d9f8,REFERENCE_OR_CUSTOM_TABLE_NOT_MARKED_LENS_VERIFIED,542.0,240.0,240.0,True,Holmer_1992_Annular,120,None_MSE_Method_Assumed_Zenith,32.23779122792472,0.370913,65.45670618798883,0.0055274576458557885,0.0,65.46223364563468,0.0,0.0022109830583423155,DeepLabV3+_Xception65_ADE20K,C:\Users\pandya\OneDrive - UCL\Field experiment raw data\Complete Participantwise data\Final Data\ucm\P9\WalkG\ucm\CamUp\cam_20250806_113542.jpg,C:\Users\pandya\Documents\Github\docker\Paper3_Analysis\output\SVF Output\P9\WalkG\CamUp_SVF\cam_20250806_113542_svf.jpg,True,50.8141085,4.37350987,,,,,,,,,,,,,,,
P9,WalkG,cam_20250806_113543.jpg,2025-08-06 11:35:43,CamUp,neginja_MSE_SkyViewFactor_reference_table,"24,25,25,26,26,27,27,29,29,32,32,36,36,40,41,43,44",9d4c5f0c12889fb034103b01efa54b21690d648acad08c427f81fc6d33241e03,b677f291bd6311850d8cb19c1c51cfff76b3a1e2deece82b67687ca72a30d9f8,REFERENCE_OR_CUSTOM_TABLE_NOT_MARKED_LENS_VERIFIED,542.0,240.0,240.0,True,Holmer_1992_Annular,120,None_MSE_Method_Assumed_Zenith,29.636016914020395,0.32751,65.83478429096537,0.0,0.0,65.83478429096537,0.9142414946245474,0.22883674653842967,DeepLabV3+_Xception65_ADE20K,C:\Users\pandya\OneDrive - UCL\Field experiment raw data\Complete Participantwise data\Final Data\ucm\P9\WalkG\ucm\CamUp\cam_20250806_113543.jpg,C:\Users\pandya\Documents\Github\docker\Paper3_Analysis\output\SVF Output\P9\WalkG\CamUp_SVF\cam_20250806_113543_svf.jpg,True,50.81410418,4.37349102,,,,,,,,,,,,,,,
P9,WalkG,cam_20250806_113544.jpg,2025-08-06 11:35:44,CamUp,neginja_MSE_SkyViewFactor_reference_table,"24,25,25,26,26,27,27,29,29,32,32,36,36,40,41,43,44",9d4c5f0c12889fb034103b01efa54b21690d648acad08c427f81fc6d33241e03,b677f291bd6311850d8cb19c1c51cfff76b3a1e2deece82b67687ca72a30d9f8,REFERENCE_OR_CUSTOM_TABLE_NOT_MARKED_LENS_VERIFIED,542.0,240.0,240.0,True,Holmer_1992_Annular,120,None_MSE_Method_Assumed_Zenith,28.551529723903492,0.307486,67.95953901003233,0.0,0.0,67.95953901003233,0.602492883398281,0.003869220352099052,DeepLabV3+_Xception65_ADE20K,C:\Users\pandya\OneDrive - UCL\Field experiment raw data\Complete Participantwise data\Final Data\ucm\P9\WalkG\ucm\CamUp\cam_20250806_113544.jpg,C:\Users\pandya\Documents\Github\docker\Paper3_Analysis\output\SVF Output\P9\WalkG\CamUp_SVF\cam_20250806_113544_svf.jpg,True,50.81410377,4.37347369,,,,,,,,,,,,,,,
P9,WalkG,cam_20250806_113545.jpg,2025-08-06 11:35:45,CamUp,neginja_MSE_SkyViewFactor_reference_table,"24,25,25,26,26,27,27,29,29,32,32,36,36,40,41,43,44",9d4c5f0c12889fb034103b01efa54b21690d648acad08c427f81fc6d33241e03,b677f291bd6311850d8cb19c1c51cfff76b3a1e2deece82b67687ca72a30d9f8,REFERENCE_OR_CUSTOM_TABLE_NOT_MARKED_LENS_VERIFIED,542.0,240.0,240.0,True,Holmer_1992_Annular,120,None_MSE_Method_Assumed_Zenith,29.05563386120554,0.313576,66.08020341044136,0.1315534919713678,0.0,66.21175690241273,0.0,0.5787248155211011,DeepLabV3+_Xception65_ADE20K,C:\Users\pandya\OneDrive - UCL\Field experiment raw data\Complete Participantwise data\Final Data\ucm\P9\WalkG\ucm\CamUp\cam_20250806_113545.jpg,C:\Users\pandya\Documents\Github\docker\Paper3_Analysis\output\SVF Output\P9\WalkG\CamUp_SVF\cam_20250806_113545_svf.jpg,True,50.81410377,4.37347369,,,,,,,,,,,,,,,
P9,WalkG,cam_20250806_113546.jpg,2025-08-06 11:35:46,CamUp,neginja_MSE_SkyViewFactor_reference_table,"24,25,25,26,26,27,27,29,29,32,32,36,36,40,41,43,44",9d4c5f0c12889fb034103b01efa54b21690d648acad08c427f81fc6d33241e03,b677f291bd6311850d8cb19c1c51cfff76b3a1e2deece82b67687ca72a30d9f8,REFERENCE_OR_CUSTOM_TABLE_NOT_MARKED_LENS_VERIFIED,542.0,240.0,240.0,True,Holmer_1992_Annular,120,None_MSE_Method_Assumed_Zenith,26.040405715391206,0.306249,71.27048613989996,0.5870160019898848,0.0,71.85750214188984,0.0,0.05693281375231462,DeepLabV3+_Xception65_ADE20K,C:\Users\pandya\OneDrive - UCL\Field experiment raw data\Complete Participantwise data\Final Data\ucm\P9\WalkG\ucm\CamUp\cam_20250806_113546.jpg,C:\Users\pandya\Documents\Github\docker\Paper3_Analysis\output\SVF Output\P9\WalkG\CamUp_SVF\cam_20250806_113546_svf.jpg,True,50.81410138,4.37343766,,,,,,,,,,,,,,,
P9,WalkG,cam_20250806_113547.jpg,2025-08-06 11:35:47,CamUp,neginja_MSE_SkyViewFactor_reference_table,"24,25,25,26,26,27,27,29,29,32,32,36,36,40,41,43,44",9d4c5f0c12889fb034103b01efa54b21690d648acad08c427f81fc6d33241e03,b677f291bd6311850d8cb19c1c51cfff76b3a1e2deece82b67687ca72a30d9f8,REFERENCE_OR_CUSTOM_TABLE_NOT_MARKED_LENS_VERIFIED,542.0,240.0,240.0,True,Holmer_1992_Annular,120,None_MSE_Method_Assumed_Zenith,26.352154326617473,0.300749,68.44484979133847,0.7611309178343421,0.0,69.2059807091728,0.0,0.0,DeepLabV3+_Xception65_ADE20K,C:\Users\pandya\OneDrive - UCL\Field experiment raw data\Complete Participantwise data\Final Data\ucm\P9\WalkG\ucm\CamUp\cam_20250806_113547.jpg,C:\Users\pandya\Documents\Github\docker\Paper3_Analysis\output\SVF Output\P9\WalkG\CamUp_SVF\cam_20250806_113547_svf.jpg,True,50.81410051,4.37341945,,,,,,,,,,,,,,,
P9,WalkG,cam_20250806_113548.jpg,2025-08-06 11:35:48,CamUp,neginja_MSE_SkyViewFactor_reference_table,"24,25,25,26,26,27,27,29,29,32,32,36,36,40,41,43,44",9d4c5f0c12889fb034103b01efa54b21690d648acad08c427f81fc6d33241e03,b677f291bd6311850d8cb19c1c51cfff76b3a1e2deece82b67687ca72a30d9f8,REFERENCE_OR_CUSTOM_TABLE_NOT_MARKED_LENS_VERIFIED,542.0,240.0,240.0,True,Holmer_1992_Annular,120,None_MSE_Method_Assumed_Zenith,28.662631622585195,0.31933,64.99958544067657,4.270513777188182,0.0,69.27009921786475,0.0,0.0,DeepLabV3+_Xception65_ADE20K,C:\Users\pandya\OneDrive - UCL\Field experiment raw data\Complete Participantwise data\Final Data\ucm\P9\WalkG\ucm\CamUp\cam_20250806_113548.jpg,C:\Users\pandya\Documents\Github\docker\Paper3_Analysis\output\SVF Output\P9\WalkG\CamUp_SVF\cam_20250806_113548_svf.jpg,True,50.81410051,4.37341945,,,,,,,,,,,,,,,
P9,WalkG,cam_20250806_113549.jpg,2025-08-06 11:35:49,CamUp,neginja_MSE_SkyViewFactor_reference_table,"24,25,25,26,26,27,27,29,29,32,32,36,36,40,41,43,44",9d4c5f0c12889fb034103b01efa54b21690d648acad08c427f81fc6d33241e03,b677f291bd6311850d8cb19c1c51cfff76b3a1e2deece82b67687ca72a30d9f8,REFERENCE_OR_CUSTOM_TABLE_NOT_MARKED_LENS_VERIFIED,542.0,240.0,240.0,True,Holmer_1992_Annular,120,None_MSE_Method_Assumed_Zenith,29.981483016886383,0.318326,60.27360915346986,3.396622723378382,0.0,63.67023187684825,0.0,0.22883674653842967,DeepLabV3+_Xception65_ADE20K,C:\Users\pandya\OneDrive - UCL\Field experiment raw data\Complete Participantwise data\Final Data\ucm\P9\WalkG\ucm\CamUp\cam_20250806_113549.jpg,C:\Users\pandya\Documents\Github\docker\Paper3_Analysis\output\SVF Output\P9\WalkG\CamUp_SVF\cam_20250806_113549_svf.jpg,True,50.81409893,4.37338294,,,,,,,,,,,,,,,
P9,WalkG,cam_20250806_113550.jpg,2025-08-06 11:35:50,CamUp,neginja_MSE_SkyViewFactor_reference_table,"24,25,25,26,26,27,27,29,29,32,32,36,36,40,41,43,44",9d4c5f0c12889fb034103b01efa54b21690d648acad08c427f81fc6d33241e03,b677f291bd6311850d8cb19c1c51cfff76b3a1e2deece82b67687ca72a30d9f8,REFERENCE_OR_CUSTOM_TABLE_NOT_MARKED_LENS_VERIFIED,542.0,240.0,240.0,True,Holmer_1992_Annular,120,None_MSE_Method_Assumed_Zenith,26.318989580742336,0.335214,67.88768206063621,0.1962247464278805,0.0,68.0839068070641,0.0,0.0,DeepLabV3+_Xception65_ADE20K,C:\Users\pandya\OneDrive - UCL\Field experiment raw data\Complete Participantwise data\Final Data\ucm\P9\WalkG\ucm\CamUp\cam_20250806_113550.jpg,C:\Users\pandya\Documents\Github\docker\Paper3_Analysis\output\SVF Output\P9\WalkG\CamUp_SVF\cam_20250806_113550_svf.jpg,True,50.81409893,4.37338294,,,,,,,,,,,,,,,
P9,WalkG,cam_20250806_113551.jpg,2025-08-06 11:35:51,CamUp,neginja_MSE_SkyViewFactor_reference_table,"24,25,25,26,26,27,27,29,29,32,32,36,36,40,41,43,44",9d4c5f0c12889fb034103b01efa54b21690d648acad08c427f81fc6d33241e03,b677f291bd6311850d8cb19c1c51cfff76b3a1e2deece82b67687ca72a30d9f8,REFERENCE_OR_CUSTOM_TABLE_NOT_MARKED_LENS_VERIFIED,542.0,240.0,240.0,True,Holmer_1992_Annular,120,None_MSE_Method_Assumed_Zenith,24.21358096343587,0.315167,70.43749827266949,0.0,0.0,70.43749827266949,0.0,0.013265898350053892,DeepLabV3+_Xception65_ADE20K,C:\Users\pandya\OneDrive - UCL\Field experiment raw data\Complete Participantwise data\Final Data\ucm\P9\WalkG\ucm\CamUp\cam_20250806_113551.jpg,C:\Users\pandya\Documents\Github\docker\Paper3_Analysis\output\SVF Output\P9\WalkG\CamUp_SVF\cam_20250806_113551_svf.jpg,True,50.81409625,4.37334649,,,,,,,,,,,,,,,
P9,WalkG,cam_20250806_113552.jpg,2025-08-06 11:35:52,CamUp,neginja_MSE_SkyViewFactor_reference_table,"24,25,25,26,26,27,27,29,29,32,32,36,36,40,41,43,44",9d4c5f0c12889fb034103b01efa54b21690d648acad08c427f81fc6d33241e03,b677f291bd6311850d8cb19c1c51cfff76b3a1e2deece82b67687ca72a30d9f8,REFERENCE_OR_CUSTOM_TABLE_NOT_MARKED_LENS_VERIFIED,542.0,240.0,240.0,True,Holmer_1992_Annular,120,None_MSE_Method_Assumed_Zenith,26.586518530801754,0.339261,66.03377276621617,3.0981400105021697,0.0,69.13191277671834,0.0,0.017687864466738524,DeepLabV3+_Xception65_ADE20K,C:\Users\pandya\OneDrive - UCL\Field experiment raw data\Complete Participantwise data\Final Data\ucm\P9\WalkG\ucm\CamUp\cam_20250806_113552.jpg,C:\Users\pandya\Documents\Github\docker\Paper3_Analysis\output\SVF Output\P9\WalkG\CamUp_SVF\cam_20250806_113552_svf.jpg,True,50.81409248,4.3733298,,,,,,,,,,,,,,,
P9,WalkG,cam_20250806_113553.jpg,2025-08-06 11:35:53,CamUp,neginja_MSE_SkyViewFactor_reference_table,"24,25,25,26,26,27,27,29,29,32,32,36,36,40,41,43,44",9d4c5f0c12889fb034103b01efa54b21690d648acad08c427f81fc6d33241e03,b677f291bd6311850d8cb19c1c51cfff76b3a1e2deece82b67687ca72a30d9f8,REFERENCE_OR_CUSTOM_TABLE_NOT_MARKED_LENS_VERIFIED,542.0,240.0,240.0,True,Holmer_1992_Annular,120,None_MSE_Method_Assumed_Zenith,26.80043114169638,0.344127,62.63493905977946,6.176381173479259,0.0,68.81132023325873,0.0,0.07240969516071083,DeepLabV3+_Xception65_ADE20K,C:\Users\pandya\OneDrive - UCL\Field experiment raw data\Complete Participantwise data\Final Data\ucm\P9\WalkG\ucm\CamUp\cam_20250806_113553.jpg,C:\Users\pandya\Documents\Github\docker\Paper3_Analysis\output\SVF Output\P9\WalkG\CamUp_SVF\cam_20250806_113553_svf.jpg,True,50.81408797,4.37331077,,,,,,,,,,,,,,,
P9,WalkG,cam_20250806_113554.jpg,2025-08-06 11:35:54,CamUp,neginja_MSE_SkyViewFactor_reference_table,"24,25,25,26,26,27,27,29,29,32,32,36,36,40,41,43,44",9d4c5f0c12889fb034103b01efa54b21690d648acad08c427f81fc6d33241e03,b677f291bd6311850d8cb19c1c51cfff76b3a1e2deece82b67687ca72a30d9f8,REFERENCE_OR_CUSTOM_TABLE_NOT_MARKED_LENS_VERIFIED,542.0,240.0,240.0,True,Holmer_1992_Annular,120,None_MSE_Method_Assumed_Zenith,33.64342370726584,0.374697,59.81648840615759,0.3449133571014012,0.0,60.16140176325899,0.0,0.1044689495066744,DeepLabV3+_Xception65_ADE20K,C:\Users\pandya\OneDrive - UCL\Field experiment raw data\Complete Participantwise data\Final Data\ucm\P9\WalkG\ucm\CamUp\cam_20250806_113554.jpg,C:\Users\pandya\Documents\Github\docker\Paper3_Analysis\output\SVF Output\P9\WalkG\CamUp_SVF\cam_20250806_113554_svf.jpg,True,50.81408797,4.37331077,,,,,,,,,,,,,,,
P9,WalkG,cam_20250806_113555.jpg,2025-08-06 11:35:55,CamUp,neginja_MSE_SkyViewFactor_reference_table,"24,25,25,26,26,27,27,29,29,32,32,36,36,40,41,43,44",9d4c5f0c12889fb034103b01efa54b21690d648acad08c427f81fc6d33241e03,b677f291bd6311850d8cb19c1c51cfff76b3a1e2deece82b67687ca72a30d9f8,REFERENCE_OR_CUSTOM_TABLE_NOT_MARKED_LENS_VERIFIED,542.0,240.0,240.0,True,Holmer_1992_Annular,120,None_MSE_Method_Assumed_Zenith,28.350883011358924,0.335565,62.373490313130475,1.4808059033247658,0.0,63.85429621645524,0.0,0.2061741701904209,DeepLabV3+_Xception65_ADE20K,C:\Users\pandya\OneDrive - UCL\Field experiment raw data\Complete Participantwise data\Final Data\ucm\P9\WalkG\ucm\CamUp\cam_20250806_113555.jpg,C:\Users\pandya\Documents\Github\docker\Paper3_Analysis\output\SVF Output\P9\WalkG\CamUp_SVF\cam_20250806_113555_svf.jpg,True,50.8140841,4.3732713,,,,,,,,,,,,,,,
P9,WalkG,cam_20250806_113556.jpg,2025-08-06 11:35:56,CamUp,neginja_MSE_SkyViewFactor_reference_table,"24,25,25,26,26,27,27,29,29,32,32,36,36,40,41,43,44",9d4c5f0c12889fb034103b01efa54b21690d648acad08c427f81fc6d33241e03,b677f291bd6311850d8cb19c1c51cfff76b3a1e2deece82b67687ca72a30d9f8,REFERENCE_OR_CUSTOM_TABLE_NOT_MARKED_LENS_VERIFIED,542.0,240.0,240.0,True,Holmer_1992_Annular,120,None_MSE_Method_Assumed_Zenith,23.70063289390045,0.313955,73.20233258712655,0.38471105215156287,0.0,73.58704363927811,0.0,1.2619185805488766,DeepLabV3+_Xception65_ADE20K,C:\Users\pandya\OneDrive - UCL\Field experiment raw data\Complete Participantwise data\Final Data\ucm\P9\WalkG\ucm\CamUp\cam_20250806_113556.jpg,C:\Users\pandya\Documents\Github\docker\Paper3_Analysis\output\SVF Output\P9\WalkG\CamUp_SVF\cam_20250806_113556_svf.jpg,True,50.8140841,4.3732713,,,,,,,,,,,,,,,
P9,WalkG,cam_20250806_113557.jpg,2025-08-06 11:35:57,CamUp,neginja_MSE_SkyViewFactor_reference_table,"24,25,25,26,26,27,27,29,29,32,32,36,36,40,41,43,44",9d4c5f0c12889fb034103b01efa54b21690d648acad08c427f81fc6d33241e03,b677f291bd6311850d8cb19c1c51cfff76b3a1e2deece82b67687ca72a30d9f8,REFERENCE_OR_CUSTOM_TABLE_NOT_MARKED_LENS_VERIFIED,542.0,240.0,240.0,True,Holmer_1992_Annular,120,None_MSE_Method_Assumed_Zenith,18.57336318160462,0.273147,79.31348976038471,0.0,0.0,79.31348976038471,0.0,0.33883315369095984,DeepLabV3+_Xception65_ADE20K,C:\Users\pandya\OneDrive - UCL\Field experiment raw data\Complete Participantwise data\Final Data\ucm\P9\WalkG\ucm\CamUp\cam_20250806_113557.jpg,C:\Users\pandya\Documents\Github\docker\Paper3_Analysis\output\SVF Output\P9\WalkG\CamUp_SVF\cam_20250806_113557_svf.jpg,True,50.81408068,4.37323346,,,,,,,,,,,,,,,
P9,WalkG,cam_20250806_113558.jpg,2025-08-06 11:35:58,CamUp,neginja_MSE_SkyViewFactor_reference_table,"24,25,25,26,26,27,27,29,29,32,32,36,36,40,41,43,44",9d4c5f0c12889fb034103b01efa54b21690d648acad08c427f81fc6d33241e03,b677f291bd6311850d8cb19c1c51cfff76b3a1e2deece82b67687ca72a30d9f8,REFERENCE_OR_CUSTOM_TABLE_NOT_MARKED_LENS_VERIFIED,542.0,240.0,240.0,True,Holmer_1992_Annular,120,None_MSE_Method_Assumed_Zenith,22.54760522897493,0.274484,74.32772296382278,0.40129342508913024,0.0,74.72901638891192,0.0,0.0005527457645855789,DeepLabV3+_Xception65_ADE20K,C:\Users\pandya\OneDrive - UCL\Field experiment raw data\Complete Participantwise data\Final Data\ucm\P9\WalkG\ucm\CamUp\cam_20250806_113558.jpg,C:\Users\pandya\Documents\Github\docker\Paper3_Analysis\output\SVF Output\P9\WalkG\CamUp_SVF\cam_20250806_113558_svf.jpg,True,50.8140802,4.37321811,,,,,,,,,,,,,,,
P9,WalkG,cam_20250806_113559.jpg,2025-08-06 11:35:59,CamUp,neginja_MSE_SkyViewFactor_reference_table,"24,25,25,26,26,27,27,29,29,32,32,36,36,40,41,43,44",9d4c5f0c12889fb034103b01efa54b21690d648acad08c427f81fc6d33241e03,b677f291bd6311850d8cb19c1c51cfff76b3a1e2deece82b67687ca72a30d9f8,REFERENCE_OR_CUSTOM_TABLE_NOT_MARKED_LENS_VERIFIED,542.0,240.0,240.0,True,Holmer_1992_Annular,120,None_MSE_Method_Assumed_Zenith,21.467540004974712,0.257955,76.55749937816103,0.40682088273498607,0.0,76.96432026089602,0.0,0.006632949175026946,DeepLabV3+_Xception65_ADE20K,C:\Users\pandya\OneDrive - UCL\Field experiment raw data\Complete Participantwise data\Final Data\ucm\P9\WalkG\ucm\CamUp\cam_20250806_113559.jpg,C:\Users\pandya\Documents\Github\docker\Paper3_Analysis\output\SVF Output\P9\WalkG\CamUp_SVF\cam_20250806_113559_svf.jpg,True,50.8140802,4.37321811,,,,,,,,,,,,,,,
P9,WalkG,cam_20250806_113600.jpg,2025-08-06 11:36:00,CamUp,neginja_MSE_SkyViewFactor_reference_table,"24,25,25,26,26,27,27,29,29,32,32,36,36,40,41,43,44",9d4c5f0c12889fb034103b01efa54b21690d648acad08c427f81fc6d33241e03,b677f291bd6311850d8cb19c1c51cfff76b3a1e2deece82b67687ca72a30d9f8,REFERENCE_OR_CUSTOM_TABLE_NOT_MARKED_LENS_VERIFIED,542.0,240.0,240.0,True,Holmer_1992_Annular,120,None_MSE_Method_Assumed_Zenith,18.073681010419257,0.224646,78.47331619821463,1.7295414973882761,0.0,80.20285769560292,0.0,0.2863223060553298,DeepLabV3+_Xception65_ADE20K,C:\Users\pandya\OneDrive - UCL\Field experiment raw data\Complete Participantwise data\Final Data\ucm\P9\WalkG\ucm\CamUp\cam_20250806_113600.jpg,C:\Users\pandya\Documents\Github\docker\Paper3_Analysis\output\SVF Output\P9\WalkG\CamUp_SVF\cam_20250806_113600_svf.jpg,True,50.81407398,4.37320003,,,,,,,,,,,,,,,
P9,WalkG,cam_20250806_113601.jpg,2025-08-06 11:36:01,CamUp,neginja_MSE_SkyViewFactor_reference_table,"24,25,25,26,26,27,27,29,29,32,32,36,36,40,41,43,44",9d4c5f0c12889fb034103b01efa54b21690d648acad08c427f81fc6d33241e03,b677f291bd6311850d8cb19c1c51cfff76b3a1e2deece82b67687ca72a30d9f8,REFERENCE_OR_CUSTOM_TABLE_NOT_MARKED_LENS_VERIFIED,542.0,240.0,240.0,True,Holmer_1992_Annular,120,None_MSE_Method_Assumed_Zenith,14.630627642815686,0.195187,76.93613022690214,1.485780615206036,0.0,78.42191084210818,0.0,2.2690213636238012,DeepLabV3+_Xception65_ADE20K,C:\Users\pandya\OneDrive - UCL\Field experiment raw data\Complete Participantwise data\Final Data\ucm\P9\WalkG\ucm\CamUp\cam_20250806_113601.jpg,C:\Users\pandya\Documents\Github\docker\Paper3_Analysis\output\SVF Output\P9\WalkG\CamUp_SVF\cam_20250806_113601_svf.jpg,True,50.81406552,4.37316658,,,,,,,,,,,,,,,
P9,WalkG,cam_20250806_113602.jpg,2025-08-06 11:36:02,CamUp,neginja_MSE_SkyViewFactor_reference_table,"24,25,25,26,26,27,27,29,29,32,32,36,36,40,41,43,44",9d4c5f0c12889fb034103b01efa54b21690d648acad08c427f81fc6d33241e03,b677f291bd6311850d8cb19c1c51cfff76b3a1e2deece82b67687ca72a30d9f8,REFERENCE_OR_CUSTOM_TABLE_NOT_MARKED_LENS_VERIFIED,542.0,240.0,240.0,True,Holmer_1992_Annular,120,None_MSE_Method_Assumed_Zenith,12.880634552137742,0.162958,74.58309150706133,2.594035873200122,0.0,77.17712738026145,0.0,1.6687394632838626,DeepLabV3+_Xception65_ADE20K,C:\Users\pandya\OneDrive - UCL\Field experiment raw data\Complete Participantwise data\Final Data\ucm\P9\WalkG\ucm\CamUp\cam_20250806_113602.jpg,C:\Users\pandya\Documents\Github\docker\Paper3_Analysis\output\SVF Output\P9\WalkG\CamUp_SVF\cam_20250806_113602_svf.jpg,True,50.81406552,4.37316658,,,,,,,,,,,,,,,
P9,WalkG,cam_20250806_113603.jpg,2025-08-06 11:36:03,CamUp,neginja_MSE_SkyViewFactor_reference_table,"24,25,25,26,26,27,27,29,29,32,32,36,36,40,41,43,44",9d4c5f0c12889fb034103b01efa54b21690d648acad08c427f81fc6d33241e03,b677f291bd6311850d8cb19c1c51cfff76b3a1e2deece82b67687ca72a30d9f8,REFERENCE_OR_CUSTOM_TABLE_NOT_MARKED_LENS_VERIFIED,542.0,240.0,240.0,True,Holmer_1992_Annular,120,None_MSE_Method_Assumed_Zenith,13.4112704861399,0.156049,79.59539010032336,0.9872039355498439,0.0,80.5825940358732,0.0,0.8175109858220712,DeepLabV3+_Xception65_ADE20K,C:\Users\pandya\OneDrive - UCL\Field experiment raw data\Complete Participantwise data\Final Data\ucm\P9\WalkG\ucm\CamUp\cam_20250806_113603.jpg,C:\Users\pandya\Documents\Github\docker\Paper3_Analysis\output\SVF Output\P9\WalkG\CamUp_SVF\cam_20250806_113603_svf.jpg,True,50.81406047,4.37312549,,,,,,,,,,,,,,,
P9,WalkG,cam_20250806_113604.jpg,2025-08-06 11:36:04,CamUp,neginja_MSE_SkyViewFactor_reference_table,"24,25,25,26,26,27,27,29,29,32,32,36,36,40,41,43,44",9d4c5f0c12889fb034103b01efa54b21690d648acad08c427f81fc6d33241e03,b677f291bd6311850d8cb19c1c51cfff76b3a1e2deece82b67687ca72a30d9f8,REFERENCE_OR_CUSTOM_TABLE_NOT_MARKED_LENS_VERIFIED,542.0,240.0,240.0,True,Holmer_1992_Annular,120,None_MSE_Method_Assumed_Zenith,15.947268054058537,0.158596,74.57424757482795,0.16748196666943038,0.0,74.74172954149738,0.0,0.49802393389160654,DeepLabV3+_Xception65_ADE20K,C:\Users\pandya\OneDrive - UCL\Field experiment raw data\Complete Participantwise data\Final Data\ucm\P9\WalkG\ucm\CamUp\cam_20250806_113604.jpg,C:\Users\pandya\Documents\Github\docker\Paper3_Analysis\output\SVF Output\P9\WalkG\CamUp_SVF\cam_20250806_113604_svf.jpg,True,50.81406047,4.37312549,,,,,,,,,,,,,,,
P9,WalkG,cam_20250806_113605.jpg,2025-08-06 11:36:05,CamUp,neginja_MSE_SkyViewFactor_reference_table,"24,25,25,26,26,27,27,29,29,32,32,36,36,40,41,43,44",9d4c5f0c12889fb034103b01efa54b21690d648acad08c427f81fc6d33241e03,b677f291bd6311850d8cb19c1c51cfff76b3a1e2deece82b67687ca72a30d9f8,REFERENCE_OR_CUSTOM_TABLE_NOT_MARKED_LENS_VERIFIED,542.0,240.0,240.0,True,Holmer_1992_Annular,120,None_MSE_Method_Assumed_Zenith,19.384241218251667,0.184734,66.87118259956333,1.867727938534671,0.0,68.738910538098,0.0,0.014371389879225052,DeepLabV3+_Xception65_ADE20K,C:\Users\pandya\OneDrive - UCL\Field experiment raw data\Complete Participantwise data\Final Data\ucm\P9\WalkG\ucm\CamUp\cam_20250806_113605.jpg,C:\Users\pandya\Documents\Github\docker\Paper3_Analysis\output\SVF Output\P9\WalkG\CamUp_SVF\cam_20250806_113605_svf.jpg,True,50.81405684,4.37308768,,,,,,,,,,,,,,,
P9,WalkG,cam_20250806_113606.jpg,2025-08-06 11:36:06,CamUp,neginja_MSE_SkyViewFactor_reference_table,"24,25,25,26,26,27,27,29,29,32,32,36,36,40,41,43,44",9d4c5f0c12889fb034103b01efa54b21690d648acad08c427f81fc6d33241e03,b677f291bd6311850d8cb19c1c51cfff76b3a1e2deece82b67687ca72a30d9f8,REFERENCE_OR_CUSTOM_TABLE_NOT_MARKED_LENS_VERIFIED,542.0,240.0,240.0,True,Holmer_1992_Annular,120,None_MSE_Method_Assumed_Zenith,21.927424481109913,0.215485,59.747947931348975,1.7085371583340243,0.0,61.456485089683,0.0,0.20506867866124978,DeepLabV3+_Xception65_ADE20K,C:\Users\pandya\OneDrive - UCL\Field experiment raw data\Complete Participantwise data\Final Data\ucm\P9\WalkG\ucm\CamUp\cam_20250806_113606.jpg,C:\Users\pandya\Documents\Github\docker\Paper3_Analysis\output\SVF Output\P9\WalkG\CamUp_SVF\cam_20250806_113606_svf.jpg,True,50.81405684,4.37308768,,,,,,,,,,,,,,,
P9,WalkG,cam_20250806_113607.jpg,2025-08-06 11:36:07,CamUp,neginja_MSE_SkyViewFactor_reference_table,"24,25,25,26,26,27,27,29,29,32,32,36,36,40,41,43,44",9d4c5f0c12889fb034103b01efa54b21690d648acad08c427f81fc6d33241e03,b677f291bd6311850d8cb19c1c51cfff76b3a1e2deece82b67687ca72a30d9f8,REFERENCE_OR_CUSTOM_TABLE_NOT_MARKED_LENS_VERIFIED,542.0,240.0,240.0,True,Holmer_1992_Annular,120,None_MSE_Method_Assumed_Zenith,30.634828510626537,0.261012,47.52121161871597,1.6140176325898905,0.0,49.13522925130586,0.0,0.5698808832877318,DeepLabV3+_Xception65_ADE20K,C:\Users\pandya\OneDrive - UCL\Field experiment raw data\Complete Participantwise data\Final Data\ucm\P9\WalkG\ucm\CamUp\cam_20250806_113607.jpg,C:\Users\pandya\Documents\Github\docker\Paper3_Analysis\output\SVF Output\P9\WalkG\CamUp_SVF\cam_20250806_113607_svf.jpg,True,50.81404548,4.37305053,,,,,,,,,,,,,,,
P9,WalkG,cam_20250806_113608.jpg,2025-08-06 11:36:08,CamUp,neginja_MSE_SkyViewFactor_reference_table,"24,25,25,26,26,27,27,29,29,32,32,36,36,40,41,43,44",9d4c5f0c12889fb034103b01efa54b21690d648acad08c427f81fc6d33241e03,b677f291bd6311850d8cb19c1c51cfff76b3a1e2deece82b67687ca72a30d9f8,REFERENCE_OR_CUSTOM_TABLE_NOT_MARKED_LENS_VERIFIED,542.0,240.0,240.0,True,Holmer_1992_Annular,120,None_MSE_Method_Assumed_Zenith,36.491169886410745,0.322618,41.18785064809441,0.32777823839924825,0.0,41.51562888649366,0.0,0.8562031893430617,DeepLabV3+_Xception65_ADE20K,C:\Users\pandya\OneDrive - UCL\Field experiment raw data\Complete Participantwise data\Final Data\ucm\P9\WalkG\ucm\CamUp\cam_20250806_113608.jpg,C:\Users\pandya\Documents\Github\docker\Paper3_Analysis\output\SVF Output\P9\WalkG\CamUp_SVF\cam_20250806_113608_svf.jpg,True,50.81404548,4.37305053,,,,,,,,,,,,,,,
P9,WalkG,cam_20250806_113609.jpg,2025-08-06 11:36:09,CamUp,neginja_MSE_SkyViewFactor_reference_table,"24,25,25,26,26,27,27,29,29,32,32,36,36,40,41,43,44",9d4c5f0c12889fb034103b01efa54b21690d648acad08c427f81fc6d33241e03,b677f291bd6311850d8cb19c1c51cfff76b3a1e2deece82b67687ca72a30d9f8,REFERENCE_OR_CUSTOM_TABLE_NOT_MARKED_LENS_VERIFIED,542.0,240.0,240.0,True,Holmer_1992_Annular,120,None_MSE_Method_Assumed_Zenith,45.84860293508001,0.404835,28.81795318243374,0.3764198656827792,0.0,29.19437304811652,0.0,0.25536854323853747,DeepLabV3+_Xception65_ADE20K,C:\Users\pandya\OneDrive - UCL\Field experiment raw data\Complete Participantwise data\Final Data\ucm\P9\WalkG\ucm\CamUp\cam_20250806_113609.jpg,C:\Users\pandya\Documents\Github\docker\Paper3_Analysis\output\SVF Output\P9\WalkG\CamUp_SVF\cam_20250806_113609_svf.jpg,True,50.81404347,4.37301282,,,,,,,,,,,,,,,
P9,WalkG,cam_20250806_113610.jpg,2025-08-06 11:36:10,CamUp,neginja_MSE_SkyViewFactor_reference_table,"24,25,25,26,26,27,27,29,29,32,32,36,36,40,41,43,44",9d4c5f0c12889fb034103b01efa54b21690d648acad08c427f81fc6d33241e03,b677f291bd6311850d8cb19c1c51cfff76b3a1e2deece82b67687ca72a30d9f8,REFERENCE_OR_CUSTOM_TABLE_NOT_MARKED_LENS_VERIFIED,542.0,240.0,240.0,True,Holmer_1992_Annular,120,None_MSE_Method_Assumed_Zenith,44.9023021861095,0.434657,25.961915816820053,0.0,0.0,25.961915816820053,0.02542630517093663,1.0203686814249786,DeepLabV3+_Xception65_ADE20K,C:\Users\pandya\OneDrive - UCL\Field experiment raw data\Complete Participantwise data\Final Data\ucm\P9\WalkG\ucm\CamUp\cam_20250806_113610.jpg,C:\Users\pandya\Documents\Github\docker\Paper3_Analysis\output\SVF Output\P9\WalkG\CamUp_SVF\cam_20250806_113610_svf.jpg,True,50.81404347,4.37301282,,,,,,,,,,,,,,,
P9,WalkG,cam_20250806_113611.jpg,2025-08-06 11:36:11,CamUp,neginja_MSE_SkyViewFactor_reference_table,"24,25,25,26,26,27,27,29,29,32,32,36,36,40,41,43,44",9d4c5f0c12889fb034103b01efa54b21690d648acad08c427f81fc6d33241e03,b677f291bd6311850d8cb19c1c51cfff76b3a1e2deece82b67687ca72a30d9f8,REFERENCE_OR_CUSTOM_TABLE_NOT_MARKED_LENS_VERIFIED,542.0,240.0,240.0,True,Holmer_1992_Annular,120,None_MSE_Method_Assumed_Zenith,48.0949617223558,0.510672,19.569411049387835,1.0225796644833207,0.0,20.591990713871155,0.0,0.6450543072713705,DeepLabV3+_Xception65_ADE20K,C:\Users\pandya\OneDrive - UCL\Field experiment raw data\Complete Participantwise data\Final Data\ucm\P9\WalkG\ucm\CamUp\cam_20250806_113611.jpg,C:\Users\pandya\Documents\Github\docker\Paper3_Analysis\output\SVF Output\P9\WalkG\CamUp_SVF\cam_20250806_113611_svf.jpg,True,50.81403931,4.37297548,,,,,,,,,,,,,,,
P9,WalkG,cam_20250806_113612.jpg,2025-08-06 11:36:12,CamUp,neginja_MSE_SkyViewFactor_reference_table,"24,25,25,26,26,27,27,29,29,32,32,36,36,40,41,43,44",9d4c5f0c12889fb034103b01efa54b21690d648acad08c427f81fc6d33241e03,b677f291bd6311850d8cb19c1c51cfff76b3a1e2deece82b67687ca72a30d9f8,REFERENCE_OR_CUSTOM_TABLE_NOT_MARKED_LENS_VERIFIED,542.0,240.0,240.0,True,Holmer_1992_Annular,120,None_MSE_Method_Assumed_Zenith,54.965038830389965,0.616243,9.247436641516735,0.05748555951690021,0.0,9.304922201033635,0.0,0.027637288229278942,DeepLabV3+_Xception65_ADE20K,C:\Users\pandya\OneDrive - UCL\Field experiment raw data\Complete Participantwise data\Final Data\ucm\P9\WalkG\ucm\CamUp\cam_20250806_113612.jpg,C:\Users\pandya\Documents\Github\docker\Paper3_Analysis\output\SVF Output\P9\WalkG\CamUp_SVF\cam_20250806_113612_svf.jpg,True,50.81403931,4.37297548,,,,,,,,,,,,,,,
P9,WalkG,cam_20250806_113613.jpg,2025-08-06 11:36:13,CamUp,neginja_MSE_SkyViewFactor_reference_table,"24,25,25,26,26,27,27,29,29,32,32,36,36,40,41,43,44",9d4c5f0c12889fb034103b01efa54b21690d648acad08c427f81fc6d33241e03,b677f291bd6311850d8cb19c1c51cfff76b3a1e2deece82b67687ca72a30d9f8,REFERENCE_OR_CUSTOM_TABLE_NOT_MARKED_LENS_VERIFIED,542.0,240.0,240.0,True,Holmer_1992_Annular,120,None_MSE_Method_Assumed_Zenith,56.8532183622143,0.669134,6.7048061244230714,0.0027637288229278942,0.0,6.7075698532459995,0.045325152696017466,0.12381505126716967,DeepLabV3+_Xception65_ADE20K,C:\Users\pandya\OneDrive - UCL\Field experiment raw data\Complete Participantwise data\Final Data\ucm\P9\WalkG\ucm\CamUp\cam_20250806_113613.jpg,C:\Users\pandya\Documents\Github\docker\Paper3_Analysis\output\SVF Output\P9\WalkG\CamUp_SVF\cam_20250806_113613_svf.jpg,True,50.81403318,4.37293941,,,,,,,,,,,,,,,
P9,WalkG,cam_20250806_113614.jpg,2025-08-06 11:36:14,CamUp,neginja_MSE_SkyViewFactor_reference_table,"24,25,25,26,26,27,27,29,29,32,32,36,36,40,41,43,44",9d4c5f0c12889fb034103b01efa54b21690d648acad08c427f81fc6d33241e03,b677f291bd6311850d8cb19c1c51cfff76b3a1e2deece82b67687ca72a30d9f8,REFERENCE_OR_CUSTOM_TABLE_NOT_MARKED_LENS_VERIFIED,542.0,240.0,240.0,True,Holmer_1992_Annular,120,None_MSE_Method_Assumed_Zenith,53.697040046430644,0.669102,5.3400768316612774,0.0,0.0,5.3400768316612774,0.0,0.045325152696017466,DeepLabV3+_Xception65_ADE20K,C:\Users\pandya\OneDrive - UCL\Field experiment raw data\Complete Participantwise data\Final Data\ucm\P9\WalkG\ucm\CamUp\cam_20250806_113614.jpg,C:\Users\pandya\Documents\Github\docker\Paper3_Analysis\output\SVF Output\P9\WalkG\CamUp_SVF\cam_20250806_113614_svf.jpg,True,50.81402881,4.37292205,,,,,,,,,,,,,,,
P9,WalkG,cam_20250806_113615.jpg,2025-08-06 11:36:15,CamUp,neginja_MSE_SkyViewFactor_reference_table,"24,25,25,26,26,27,27,29,29,32,32,36,36,40,41,43,44",9d4c5f0c12889fb034103b01efa54b21690d648acad08c427f81fc6d33241e03,b677f291bd6311850d8cb19c1c51cfff76b3a1e2deece82b67687ca72a30d9f8,REFERENCE_OR_CUSTOM_TABLE_NOT_MARKED_LENS_VERIFIED,542.0,240.0,240.0,True,Holmer_1992_Annular,120,None_MSE_Method_Assumed_Zenith,49.023574606859576,0.644873,1.1027278003482297,0.0016582372937567365,0.0,1.1043860376419865,0.0,0.0022109830583423155,DeepLabV3+_Xception65_ADE20K,C:\Users\pandya\OneDrive - UCL\Field experiment raw data\Complete Participantwise data\Final Data\ucm\P9\WalkG\ucm\CamUp\cam_20250806_113615.jpg,C:\Users\pandya\Documents\Github\docker\Paper3_Analysis\output\SVF Output\P9\WalkG\CamUp_SVF\cam_20250806_113615_svf.jpg,True,50.81402881,4.37292205,,,,,,,,,,,,,,,
P9,WalkG,cam_20250806_113616.jpg,2025-08-06 11:36:16,CamUp,neginja_MSE_SkyViewFactor_reference_table,"24,25,25,26,26,27,27,29,29,32,32,36,36,40,41,43,44",9d4c5f0c12889fb034103b01efa54b21690d648acad08c427f81fc6d33241e03,b677f291bd6311850d8cb19c1c51cfff76b3a1e2deece82b67687ca72a30d9f8,REFERENCE_OR_CUSTOM_TABLE_NOT_MARKED_LENS_VERIFIED,542.0,240.0,240.0,True,Holmer_1992_Annular,120,None_MSE_Method_Assumed_Zenith,59.298012878976316,0.707616,2.2026918718735318,0.0,0.0,2.2026918718735318,0.0,0.18793355995909683,DeepLabV3+_Xception65_ADE20K,C:\Users\pandya\OneDrive - UCL\Field experiment raw data\Complete Participantwise data\Final Data\ucm\P9\WalkG\ucm\CamUp\cam_20250806_113616.jpg,C:\Users\pandya\Documents\Github\docker\Paper3_Analysis\output\SVF Output\P9\WalkG\CamUp_SVF\cam_20250806_113616_svf.jpg,True,50.81402292,4.37288458,,,,,,,,,,,,,,,
P9,WalkG,cam_20250806_113617.jpg,2025-08-06 11:36:17,CamUp,neginja_MSE_SkyViewFactor_reference_table,"24,25,25,26,26,27,27,29,29,32,32,36,36,40,41,43,44",9d4c5f0c12889fb034103b01efa54b21690d648acad08c427f81fc6d33241e03,b677f291bd6311850d8cb19c1c51cfff76b3a1e2deece82b67687ca72a30d9f8,REFERENCE_OR_CUSTOM_TABLE_NOT_MARKED_LENS_VERIFIED,542.0,240.0,240.0,True,Holmer_1992_Annular,120,None_MSE_Method_Assumed_Zenith,47.86280850122986,0.649436,4.638089710637592,0.0,0.0,4.638089710637592,0.0,0.00497471188127021,DeepLabV3+_Xception65_ADE20K,C:\Users\pandya\OneDrive - UCL\Field experiment raw data\Complete Participantwise data\Final Data\ucm\P9\WalkG\ucm\CamUp\cam_20250806_113617.jpg,C:\Users\pandya\Documents\Github\docker\Paper3_Analysis\output\SVF Output\P9\WalkG\CamUp_SVF\cam_20250806_113617_svf.jpg,True,50.81402292,4.37288458,,,,,,,,,,,,,,,
P9,WalkG,cam_20250806_113618.jpg,2025-08-06 11:36:18,CamUp,neginja_MSE_SkyViewFactor_reference_table,"24,25,25,26,26,27,27,29,29,32,32,36,36,40,41,43,44",9d4c5f0c12889fb034103b01efa54b21690d648acad08c427f81fc6d33241e03,b677f291bd6311850d8cb19c1c51cfff76b3a1e2deece82b67687ca72a30d9f8,REFERENCE_OR_CUSTOM_TABLE_NOT_MARKED_LENS_VERIFIED,542.0,240.0,240.0,True,Holmer_1992_Annular,120,None_MSE_Method_Assumed_Zenith,51.176519359920405,0.643953,13.723571843130753,0.02432081364176547,0.0,13.747892656772517,0.0,0.3532045435701849,DeepLabV3+_Xception65_ADE20K,C:\Users\pandya\OneDrive - UCL\Field experiment raw data\Complete Participantwise data\Final Data\ucm\P9\WalkG\ucm\CamUp\cam_20250806_113618.jpg,C:\Users\pandya\Documents\Github\docker\Paper3_Analysis\output\SVF Output\P9\WalkG\CamUp_SVF\cam_20250806_113618_svf.jpg,True,50.81401671,4.37284671,,,,,,,,,,,,,,,
P9,WalkG,cam_20250806_113619.jpg,2025-08-06 11:36:19,CamUp,neginja_MSE_SkyViewFactor_reference_table,"24,25,25,26,26,27,27,29,29,32,32,36,36,40,41,43,44",9d4c5f0c12889fb034103b01efa54b21690d648acad08c427f81fc6d33241e03,b677f291bd6311850d8cb19c1c51cfff76b3a1e2deece82b67687ca72a30d9f8,REFERENCE_OR_CUSTOM_TABLE_NOT_MARKED_LENS_VERIFIED,542.0,240.0,240.0,True,Holmer_1992_Annular,120,None_MSE_Method_Assumed_Zenith,47.027056905176465,0.598675,35.53878893402979,0.0,0.0,35.53878893402979,0.0,0.5505347815272366,DeepLabV3+_Xception65_ADE20K,C:\Users\pandya\OneDrive - UCL\Field experiment raw data\Complete Participantwise data\Final Data\ucm\P9\WalkG\ucm\CamUp\cam_20250806_113619.jpg,C:\Users\pandya\Documents\Github\docker\Paper3_Analysis\output\SVF Output\P9\WalkG\CamUp_SVF\cam_20250806_113619_svf.jpg,True,50.81401381,4.37282911,,,,,,,,,,,,,,,
P9,WalkG,cam_20250806_113620.jpg,2025-08-06 11:36:20,CamUp,neginja_MSE_SkyViewFactor_reference_table,"24,25,25,26,26,27,27,29,29,32,32,36,36,40,41,43,44",9d4c5f0c12889fb034103b01efa54b21690d648acad08c427f81fc6d33241e03,b677f291bd6311850d8cb19c1c51cfff76b3a1e2deece82b67687ca72a30d9f8,REFERENCE_OR_CUSTOM_TABLE_NOT_MARKED_LENS_VERIFIED,542.0,240.0,240.0,True,Holmer_1992_Annular,120,None_MSE_Method_Assumed_Zenith,43.798468894232094,0.585857,29.875908575850534,0.0497471188127021,0.0,29.925655694663238,0.0,0.26863444158859134,DeepLabV3+_Xception65_ADE20K,C:\Users\pandya\OneDrive - UCL\Field experiment raw data\Complete Participantwise data\Final Data\ucm\P9\WalkG\ucm\CamUp\cam_20250806_113620.jpg,C:\Users\pandya\Documents\Github\docker\Paper3_Analysis\output\SVF Output\P9\WalkG\CamUp_SVF\cam_20250806_113620_svf.jpg,True,50.81401151,4.3728106,,,,,,,,,,,,,,,
P9,WalkG,cam_20250806_113621.jpg,2025-08-06 11:36:21,CamUp,neginja_MSE_SkyViewFactor_reference_table,"24,25,25,26,26,27,27,29,29,32,32,36,36,40,41,43,44",9d4c5f0c12889fb034103b01efa54b21690d648acad08c427f81fc6d33241e03,b677f291bd6311850d8cb19c1c51cfff76b3a1e2deece82b67687ca72a30d9f8,REFERENCE_OR_CUSTOM_TABLE_NOT_MARKED_LENS_VERIFIED,542.0,240.0,240.0,True,Holmer_1992_Annular,120,None_MSE_Method_Assumed_Zenith,39.85628610120775,0.582904,14.655501202222037,0.5848050189315424,0.0,15.24030622115358,0.0,0.0757261697482243,DeepLabV3+_Xception65_ADE20K,C:\Users\pandya\OneDrive - UCL\Field experiment raw data\Complete Participantwise data\Final Data\ucm\P9\WalkG\ucm\CamUp\cam_20250806_113621.jpg,C:\Users\pandya\Documents\Github\docker\Paper3_Analysis\output\SVF Output\P9\WalkG\CamUp_SVF\cam_20250806_113621_svf.jpg,True,50.81401151,4.3728106,,,,,,,,,,,,,,,
P9,WalkG,cam_20250806_113622.jpg,2025-08-06 11:36:22,CamUp,neginja_MSE_SkyViewFactor_reference_table,"24,25,25,26,26,27,27,29,29,32,32,36,36,40,41,43,44",9d4c5f0c12889fb034103b01efa54b21690d648acad08c427f81fc6d33241e03,b677f291bd6311850d8cb19c1c51cfff76b3a1e2deece82b67687ca72a30d9f8,REFERENCE_OR_CUSTOM_TABLE_NOT_MARKED_LENS_VERIFIED,542.0,240.0,240.0,True,Holmer_1992_Annular,120,None_MSE_Method_Assumed_Zenith,38.52637979161484,0.550519,12.830334687560457,0.30235193322831166,0.0,13.13268662078877,0.0,0.21778183124671807,DeepLabV3+_Xception65_ADE20K,C:\Users\pandya\OneDrive - UCL\Field experiment raw data\Complete Participantwise data\Final Data\ucm\P9\WalkG\ucm\CamUp\cam_20250806_113622.jpg,C:\Users\pandya\Documents\Github\docker\Paper3_Analysis\output\SVF Output\P9\WalkG\CamUp_SVF\cam_20250806_113622_svf.jpg,True,50.81400726,4.37277275,,,,,,,,,,,,,,,
P9,WalkG,cam_20250806_113623.jpg,2025-08-06 11:36:23,CamUp,neginja_MSE_SkyViewFactor_reference_table,"24,25,25,26,26,27,27,29,29,32,32,36,36,40,41,43,44",9d4c5f0c12889fb034103b01efa54b21690d648acad08c427f81fc6d33241e03,b677f291bd6311850d8cb19c1c51cfff76b3a1e2deece82b67687ca72a30d9f8,REFERENCE_OR_CUSTOM_TABLE_NOT_MARKED_LENS_VERIFIED,542.0,240.0,240.0,True,Holmer_1992_Annular,120,None_MSE_Method_Assumed_Zenith,42.227565431279885,0.549807,12.016140176325898,0.044772406931431884,0.0,12.06091258325733,0.0,0.21501810242379019,DeepLabV3+_Xception65_ADE20K,C:\Users\pandya\OneDrive - UCL\Field experiment raw data\Complete Participantwise data\Final Data\ucm\P9\WalkG\ucm\CamUp\cam_20250806_113623.jpg,C:\Users\pandya\Documents\Github\docker\Paper3_Analysis\output\SVF Output\P9\WalkG\CamUp_SVF\cam_20250806_113623_svf.jpg,True,50.81400412,4.37275452,,,,,,,,,,,,,,,
P9,WalkG,cam_20250806_113624.jpg,2025-08-06 11:36:24,CamUp,neginja_MSE_SkyViewFactor_reference_table,"24,25,25,26,26,27,27,29,29,32,32,36,36,40,41,43,44",9d4c5f0c12889fb034103b01efa54b21690d648acad08c427f81fc6d33241e03,b677f291bd6311850d8cb19c1c51cfff76b3a1e2deece82b67687ca72a30d9f8,REFERENCE_OR_CUSTOM_TABLE_NOT_MARKED_LENS_VERIFIED,542.0,240.0,240.0,True,Holmer_1992_Annular,120,None_MSE_Method_Assumed_Zenith,36.81065693834121,0.506261,13.993311776248515,0.0,0.0,13.993311776248515,0.0,1.143078241162977,DeepLabV3+_Xception65_ADE20K,C:\Users\pandya\OneDrive - UCL\Field experiment raw data\Complete Participantwise data\Final Data\ucm\P9\WalkG\ucm\CamUp\cam_20250806_113624.jpg,C:\Users\pandya\Documents\Github\docker\Paper3_Analysis\output\SVF Output\P9\WalkG\CamUp_SVF\cam_20250806_113624_svf.jpg,True,50.81400412,4.37275452,,,,,,,,,,,,,,,
P9,WalkG,cam_20250806_113625.jpg,2025-08-06 11:36:25,CamUp,neginja_MSE_SkyViewFactor_reference_table,"24,25,25,26,26,27,27,29,29,32,32,36,36,40,41,43,44",9d4c5f0c12889fb034103b01efa54b21690d648acad08c427f81fc6d33241e03,b677f291bd6311850d8cb19c1c51cfff76b3a1e2deece82b67687ca72a30d9f8,REFERENCE_OR_CUSTOM_TABLE_NOT_MARKED_LENS_VERIFIED,542.0,240.0,240.0,True,Holmer_1992_Annular,120,None_MSE_Method_Assumed_Zenith,36.66694303954896,0.508973,21.26910427548849,0.0,0.0,21.26910427548849,0.0,1.5250255644916122,DeepLabV3+_Xception65_ADE20K,C:\Users\pandya\OneDrive - UCL\Field experiment raw data\Complete Participantwise data\Final Data\ucm\P9\WalkG\ucm\CamUp\cam_20250806_113625.jpg,C:\Users\pandya\Documents\Github\docker\Paper3_Analysis\output\SVF Output\P9\WalkG\CamUp_SVF\cam_20250806_113625_svf.jpg,True,50.8139951,4.37272096,,,,,,,,,,,,,,,
P9,WalkG,cam_20250806_113626.jpg,2025-08-06 11:36:26,CamUp,neginja_MSE_SkyViewFactor_reference_table,"24,25,25,26,26,27,27,29,29,32,32,36,36,40,41,43,44",9d4c5f0c12889fb034103b01efa54b21690d648acad08c427f81fc6d33241e03,b677f291bd6311850d8cb19c1c51cfff76b3a1e2deece82b67687ca72a30d9f8,REFERENCE_OR_CUSTOM_TABLE_NOT_MARKED_LENS_VERIFIED,542.0,240.0,240.0,True,Holmer_1992_Annular,120,None_MSE_Method_Assumed_Zenith,36.488958903352405,0.520552,21.44045546251002,0.0,0.0,21.44045546251002,0.0,0.04919437304811652,DeepLabV3+_Xception65_ADE20K,C:\Users\pandya\OneDrive - UCL\Field experiment raw data\Complete Participantwise data\Final Data\ucm\P9\WalkG\ucm\CamUp\cam_20250806_113626.jpg,C:\Users\pandya\Documents\Github\docker\Paper3_Analysis\output\SVF Output\P9\WalkG\CamUp_SVF\cam_20250806_113626_svf.jpg,True,50.81399195,4.37270301,,,,,,,,,,,,,,,
P9,WalkG,cam_20250806_113627.jpg,2025-08-06 11:36:27,CamUp,neginja_MSE_SkyViewFactor_reference_table,"24,25,25,26,26,27,27,29,29,32,32,36,36,40,41,43,44",9d4c5f0c12889fb034103b01efa54b21690d648acad08c427f81fc6d33241e03,b677f291bd6311850d8cb19c1c51cfff76b3a1e2deece82b67687ca72a30d9f8,REFERENCE_OR_CUSTOM_TABLE_NOT_MARKED_LENS_VERIFIED,542.0,240.0,240.0,True,Holmer_1992_Annular,120,None_MSE_Method_Assumed_Zenith,33.69593455490148,0.481813,9.002570267805323,0.0,0.0,9.002570267805323,0.0,0.5416908492938673,DeepLabV3+_Xception65_ADE20K,C:\Users\pandya\OneDrive - UCL\Field experiment raw data\Complete Participantwise data\Final Data\ucm\P9\WalkG\ucm\CamUp\cam_20250806_113627.jpg,C:\Users\pandya\Documents\Github\docker\Paper3_Analysis\output\SVF Output\P9\WalkG\CamUp_SVF\cam_20250806_113627_svf.jpg,True,50.81399195,4.37270301,,,,,,,,,,,,,,,
P9,WalkG,cam_20250806_113628.jpg,2025-08-06 11:36:28,CamUp,neginja_MSE_SkyViewFactor_reference_table,"24,25,25,26,26,27,27,29,29,32,32,36,36,40,41,43,44",9d4c5f0c12889fb034103b01efa54b21690d648acad08c427f81fc6d33241e03,b677f291bd6311850d8cb19c1c51cfff76b3a1e2deece82b67687ca72a30d9f8,REFERENCE_OR_CUSTOM_TABLE_NOT_MARKED_LENS_VERIFIED,542.0,240.0,240.0,True,Holmer_1992_Annular,120,None_MSE_Method_Assumed_Zenith,37.86695409446425,0.510449,21.797529226432303,0.0,0.0,21.797529226432303,0.0,0.6997761379653429,DeepLabV3+_Xception65_ADE20K,C:\Users\pandya\OneDrive - UCL\Field experiment raw data\Complete Participantwise data\Final Data\ucm\P9\WalkG\ucm\CamUp\cam_20250806_113628.jpg,C:\Users\pandya\Documents\Github\docker\Paper3_Analysis\output\SVF Output\P9\WalkG\CamUp_SVF\cam_20250806_113628_svf.jpg,True,50.81398919,4.37268515,,,,,,,,,,,,,,,
P9,WalkG,cam_20250806_113629.jpg,2025-08-06 11:36:29,CamUp,neginja_MSE_SkyViewFactor_reference_table,"24,25,25,26,26,27,27,29,29,32,32,36,36,40,41,43,44",9d4c5f0c12889fb034103b01efa54b21690d648acad08c427f81fc6d33241e03,b677f291bd6311850d8cb19c1c51cfff76b3a1e2deece82b67687ca72a30d9f8,REFERENCE_OR_CUSTOM_TABLE_NOT_MARKED_LENS_VERIFIED,542.0,240.0,240.0,True,Holmer_1992_Annular,120,None_MSE_Method_Assumed_Zenith,37.022911311942075,0.485571,24.665726998866873,0.42506149296631013,0.0,25.090788491833184,0.0,0.03427023740430589,DeepLabV3+_Xception65_ADE20K,C:\Users\pandya\OneDrive - UCL\Field experiment raw data\Complete Participantwise data\Final Data\ucm\P9\WalkG\ucm\CamUp\cam_20250806_113629.jpg,C:\Users\pandya\Documents\Github\docker\Paper3_Analysis\output\SVF Output\P9\WalkG\CamUp_SVF\cam_20250806_113629_svf.jpg,True,50.81398423,4.37264845,,,,,,,,,,,,,,,
P9,WalkG,cam_20250806_113630.jpg,2025-08-06 11:36:30,CamUp,neginja_MSE_SkyViewFactor_reference_table,"24,25,25,26,26,27,27,29,29,32,32,36,36,40,41,43,44",9d4c5f0c12889fb034103b01efa54b21690d648acad08c427f81fc6d33241e03,b677f291bd6311850d8cb19c1c51cfff76b3a1e2deece82b67687ca72a30d9f8,REFERENCE_OR_CUSTOM_TABLE_NOT_MARKED_LENS_VERIFIED,542.0,240.0,240.0,True,Holmer_1992_Annular,120,None_MSE_Method_Assumed_Zenith,32.905508111544094,0.457204,43.023519332283115,0.0,0.0,43.023519332283115,0.011607661056297156,0.003316474587513473,DeepLabV3+_Xception65_ADE20K,C:\Users\pandya\OneDrive - UCL\Field experiment raw data\Complete Participantwise data\Final Data\ucm\P9\WalkG\ucm\CamUp\cam_20250806_113630.jpg,C:\Users\pandya\Documents\Github\docker\Paper3_Analysis\output\SVF Output\P9\WalkG\CamUp_SVF\cam_20250806_113630_svf.jpg,True,50.81398423,4.37264845,,,,,,,,,,,,,,,
P9,WalkG,cam_20250806_113631.jpg,2025-08-06 11:36:31,CamUp,neginja_MSE_SkyViewFactor_reference_table,"24,25,25,26,26,27,27,29,29,32,32,36,36,40,41,43,44",9d4c5f0c12889fb034103b01efa54b21690d648acad08c427f81fc6d33241e03,b677f291bd6311850d8cb19c1c51cfff76b3a1e2deece82b67687ca72a30d9f8,REFERENCE_OR_CUSTOM_TABLE_NOT_MARKED_LENS_VERIFIED,542.0,240.0,240.0,True,Holmer_1992_Annular,120,None_MSE_Method_Assumed_Zenith,37.458474974435504,0.513623,27.027056905176465,0.0,0.0,27.027056905176465,0.0,0.4858635270707238,DeepLabV3+_Xception65_ADE20K,C:\Users\pandya\OneDrive - UCL\Field experiment raw data\Complete Participantwise data\Final Data\ucm\P9\WalkG\ucm\CamUp\cam_20250806_113631.jpg,C:\Users\pandya\Documents\Github\docker\Paper3_Analysis\output\SVF Output\P9\WalkG\CamUp_SVF\cam_20250806_113631_svf.jpg,True,50.81398239,4.37262962,,,,,,,,,,,,,,,
P9,WalkG,cam_20250806_113632.jpg,2025-08-06 11:36:32,CamUp,neginja_MSE_SkyViewFactor_reference_table,"24,25,25,26,26,27,27,29,29,32,32,36,36,40,41,43,44",9d4c5f0c12889fb034103b01efa54b21690d648acad08c427f81fc6d33241e03,b677f291bd6311850d8cb19c1c51cfff76b3a1e2deece82b67687ca72a30d9f8,REFERENCE_OR_CUSTOM_TABLE_NOT_MARKED_LENS_VERIFIED,542.0,240.0,240.0,True,Holmer_1992_Annular,120,None_MSE_Method_Assumed_Zenith,39.44946521847276,0.514124,43.88524997927203,0.3244617638117348,0.0,44.209711743083766,0.0,0.1122073902108725,DeepLabV3+_Xception65_ADE20K,C:\Users\pandya\OneDrive - UCL\Field experiment raw data\Complete Participantwise data\Final Data\ucm\P9\WalkG\ucm\CamUp\cam_20250806_113632.jpg,C:\Users\pandya\Documents\Github\docker\Paper3_Analysis\output\SVF Output\P9\WalkG\CamUp_SVF\cam_20250806_113632_svf.jpg,True,50.81397658,4.37259407,,,,,,,,,,,,,,,
P9,WalkG,cam_20250806_113633.jpg,2025-08-06 11:36:33,CamUp,neginja_MSE_SkyViewFactor_reference_table,"24,25,25,26,26,27,27,29,29,32,32,36,36,40,41,43,44",9d4c5f0c12889fb034103b01efa54b21690d648acad08c427f81fc6d33241e03,b677f291bd6311850d8cb19c1c51cfff76b3a1e2deece82b67687ca72a30d9f8,REFERENCE_OR_CUSTOM_TABLE_NOT_MARKED_LENS_VERIFIED,542.0,240.0,240.0,True,Holmer_1992_Annular,120,None_MSE_Method_Assumed_Zenith,34.67484730398253,0.481189,53.97507116601719,0.0,0.0,53.97507116601719,0.0016582372937567365,0.0889920680982782,DeepLabV3+_Xception65_ADE20K,C:\Users\pandya\OneDrive - UCL\Field experiment raw data\Complete Participantwise data\Final Data\ucm\P9\WalkG\ucm\CamUp\cam_20250806_113633.jpg,C:\Users\pandya\Documents\Github\docker\Paper3_Analysis\output\SVF Output\P9\WalkG\CamUp_SVF\cam_20250806_113633_svf.jpg,True,50.81397658,4.37259407,,,,,,,,,,,,,,,
P9,WalkG,cam_20250806_113634.jpg,2025-08-06 11:36:34,CamUp,neginja_MSE_SkyViewFactor_reference_table,"24,25,25,26,26,27,27,29,29,32,32,36,36,40,41,43,44",9d4c5f0c12889fb034103b01efa54b21690d648acad08c427f81fc6d33241e03,b677f291bd6311850d8cb19c1c51cfff76b3a1e2deece82b67687ca72a30d9f8,REFERENCE_OR_CUSTOM_TABLE_NOT_MARKED_LENS_VERIFIED,542.0,240.0,240.0,True,Holmer_1992_Annular,120,None_MSE_Method_Assumed_Zenith,30.668546002266257,0.421908,44.608241439349975,0.0,0.0,44.608241439349975,0.0,0.6627421717381091,DeepLabV3+_Xception65_ADE20K,C:\Users\pandya\OneDrive - UCL\Field experiment raw data\Complete Participantwise data\Final Data\ucm\P9\WalkG\ucm\CamUp\cam_20250806_113634.jpg,C:\Users\pandya\Documents\Github\docker\Paper3_Analysis\output\SVF Output\P9\WalkG\CamUp_SVF\cam_20250806_113634_svf.jpg,True,50.81396696,4.3725568,,,,,,,,,,,,,,,
P9,WalkG,cam_20250806_113635.jpg,2025-08-06 11:36:35,CamUp,neginja_MSE_SkyViewFactor_reference_table,"24,25,25,26,26,27,27,29,29,32,32,36,36,40,41,43,44",9d4c5f0c12889fb034103b01efa54b21690d648acad08c427f81fc6d33241e03,b677f291bd6311850d8cb19c1c51cfff76b3a1e2deece82b67687ca72a30d9f8,REFERENCE_OR_CUSTOM_TABLE_NOT_MARKED_LENS_VERIFIED,542.0,240.0,240.0,True,Holmer_1992_Annular,120,None_MSE_Method_Assumed_Zenith,31.15440952933698,0.442543,46.71199181936269,0.0,0.0,46.71199181936269,0.0,0.12492054279634082,DeepLabV3+_Xception65_ADE20K,C:\Users\pandya\OneDrive - UCL\Field experiment raw data\Complete Participantwise data\Final Data\ucm\P9\WalkG\ucm\CamUp\cam_20250806_113635.jpg,C:\Users\pandya\Documents\Github\docker\Paper3_Analysis\output\SVF Output\P9\WalkG\CamUp_SVF\cam_20250806_113635_svf.jpg,True,50.81396696,4.3725568,,,,,,,,,,,,,,,
P9,WalkG,cam_20250806_113636.jpg,2025-08-06 11:36:36,CamUp,neginja_MSE_SkyViewFactor_reference_table,"24,25,25,26,26,27,27,29,29,32,32,36,36,40,41,43,44",9d4c5f0c12889fb034103b01efa54b21690d648acad08c427f81fc6d33241e03,b677f291bd6311850d8cb19c1c51cfff76b3a1e2deece82b67687ca72a30d9f8,REFERENCE_OR_CUSTOM_TABLE_NOT_MARKED_LENS_VERIFIED,542.0,240.0,240.0,True,Holmer_1992_Annular,120,None_MSE_Method_Assumed_Zenith,30.47563773042589,0.41615,53.449409943896306,0.04808888151894536,0.0,53.49749882541525,0.0,0.8246966807616836,DeepLabV3+_Xception65_ADE20K,C:\Users\pandya\OneDrive - UCL\Field experiment raw data\Complete Participantwise data\Final Data\ucm\P9\WalkG\ucm\CamUp\cam_20250806_113636.jpg,C:\Users\pandya\Documents\Github\docker\Paper3_Analysis\output\SVF Output\P9\WalkG\CamUp_SVF\cam_20250806_113636_svf.jpg,True,50.81395997,4.37251999,,,,,,,,,,,,,,,
P9,WalkG,cam_20250806_113637.jpg,2025-08-06 11:36:37,CamUp,neginja_MSE_SkyViewFactor_reference_table,"24,25,25,26,26,27,27,29,29,32,32,36,36,40,41,43,44",9d4c5f0c12889fb034103b01efa54b21690d648acad08c427f81fc6d33241e03,b677f291bd6311850d8cb19c1c51cfff76b3a1e2deece82b67687ca72a30d9f8,REFERENCE_OR_CUSTOM_TABLE_NOT_MARKED_LENS_VERIFIED,542.0,240.0,240.0,True,Holmer_1992_Annular,120,None_MSE_Method_Assumed_Zenith,27.68758809385623,0.383891,41.721250310919494,0.27360915346986153,0.0,41.99485946438936,0.0,0.6163115275129204,DeepLabV3+_Xception65_ADE20K,C:\Users\pandya\OneDrive - UCL\Field experiment raw data\Complete Participantwise data\Final Data\ucm\P9\WalkG\ucm\CamUp\cam_20250806_113637.jpg,C:\Users\pandya\Documents\Github\docker\Paper3_Analysis\output\SVF Output\P9\WalkG\CamUp_SVF\cam_20250806_113637_svf.jpg,True,50.81395678,4.37250228,,,,,,,,,,,,,,,
P9,WalkG,cam_20250806_113638.jpg,2025-08-06 11:36:38,CamUp,neginja_MSE_SkyViewFactor_reference_table,"24,25,25,26,26,27,27,29,29,32,32,36,36,40,41,43,44",9d4c5f0c12889fb034103b01efa54b21690d648acad08c427f81fc6d33241e03,b677f291bd6311850d8cb19c1c51cfff76b3a1e2deece82b67687ca72a30d9f8,REFERENCE_OR_CUSTOM_TABLE_NOT_MARKED_LENS_VERIFIED,542.0,240.0,240.0,True,Holmer_1992_Annular,120,None_MSE_Method_Assumed_Zenith,27.526739076361828,0.384504,55.02749910178814,1.075090512118951,0.0,56.102589613907085,0.0,0.7970593925324048,DeepLabV3+_Xception65_ADE20K,C:\Users\pandya\OneDrive - UCL\Field experiment raw data\Complete Participantwise data\Final Data\ucm\P9\WalkG\ucm\CamUp\cam_20250806_113638.jpg,C:\Users\pandya\Documents\Github\docker\Paper3_Analysis\output\SVF Output\P9\WalkG\CamUp_SVF\cam_20250806_113638_svf.jpg,True,50.81395206,4.37248411,,,,,,,,,,,,,,,
P9,WalkG,cam_20250806_113639.jpg,2025-08-06 11:36:39,CamUp,neginja_MSE_SkyViewFactor_reference_table,"24,25,25,26,26,27,27,29,29,32,32,36,36,40,41,43,44",9d4c5f0c12889fb034103b01efa54b21690d648acad08c427f81fc6d33241e03,b677f291bd6311850d8cb19c1c51cfff76b3a1e2deece82b67687ca72a30d9f8,REFERENCE_OR_CUSTOM_TABLE_NOT_MARKED_LENS_VERIFIED,542.0,240.0,240.0,True,Holmer_1992_Annular,120,None_MSE_Method_Assumed_Zenith,28.65157670729348,0.372875,69.33753420114418,0.003869220352099052,0.0,69.34140342149628,0.0,0.7456540364259459,DeepLabV3+_Xception65_ADE20K,C:\Users\pandya\OneDrive - UCL\Field experiment raw data\Complete Participantwise data\Final Data\ucm\P9\WalkG\ucm\CamUp\cam_20250806_113639.jpg,C:\Users\pandya\Documents\Github\docker\Paper3_Analysis\output\SVF Output\P9\WalkG\CamUp_SVF\cam_20250806_113639_svf.jpg,True,50.81395455,4.37246586,,,,,,,,,,,,,,,
P9,WalkG,cam_20250806_113640.jpg,2025-08-06 11:36:40,CamUp,neginja_MSE_SkyViewFactor_reference_table,"24,25,25,26,26,27,27,29,29,32,32,36,36,40,41,43,44",9d4c5f0c12889fb034103b01efa54b21690d648acad08c427f81fc6d33241e03,b677f291bd6311850d8cb19c1c51cfff76b3a1e2deece82b67687ca72a30d9f8,REFERENCE_OR_CUSTOM_TABLE_NOT_MARKED_LENS_VERIFIED,542.0,240.0,240.0,True,Holmer_1992_Annular,120,None_MSE_Method_Assumed_Zenith,26.835806870629852,0.337093,69.37235718431307,0.13210623773595334,0.0,69.50446342204903,0.0,0.28355857723240196,DeepLabV3+_Xception65_ADE20K,C:\Users\pandya\OneDrive - UCL\Field experiment raw data\Complete Participantwise data\Final Data\ucm\P9\WalkG\ucm\CamUp\cam_20250806_113640.jpg,C:\Users\pandya\Documents\Github\docker\Paper3_Analysis\output\SVF Output\P9\WalkG\CamUp_SVF\cam_20250806_113640_svf.jpg,True,50.81395459,4.37244695,,,,,,,,,,,,,,,
P9,WalkG,cam_20250806_113641.jpg,2025-08-06 11:36:41,CamUp,neginja_MSE_SkyViewFactor_reference_table,"24,25,25,26,26,27,27,29,29,32,32,36,36,40,41,43,44",9d4c5f0c12889fb034103b01efa54b21690d648acad08c427f81fc6d33241e03,b677f291bd6311850d8cb19c1c51cfff76b3a1e2deece82b67687ca72a30d9f8,REFERENCE_OR_CUSTOM_TABLE_NOT_MARKED_LENS_VERIFIED,542.0,240.0,240.0,True,Holmer_1992_Annular,120,None_MSE_Method_Assumed_Zenith,24.24453472625266,0.290798,72.89721692507531,0.02045159328966642,0.0,72.91766851836498,0.0,0.10833816985877345,DeepLabV3+_Xception65_ADE20K,C:\Users\pandya\OneDrive - UCL\Field experiment raw data\Complete Participantwise data\Final Data\ucm\P9\WalkG\ucm\CamUp\cam_20250806_113641.jpg,C:\Users\pandya\Documents\Github\docker\Paper3_Analysis\output\SVF Output\P9\WalkG\CamUp_SVF\cam_20250806_113641_svf.jpg,True,50.81395084,4.37242855,,,,,,,,,,,,,,,
P9,WalkG,cam_20250806_113642.jpg,2025-08-06 11:36:42,CamUp,neginja_MSE_SkyViewFactor_reference_table,"24,25,25,26,26,27,27,29,29,32,32,36,36,40,41,43,44",9d4c5f0c12889fb034103b01efa54b21690d648acad08c427f81fc6d33241e03,b677f291bd6311850d8cb19c1c51cfff76b3a1e2deece82b67687ca72a30d9f8,REFERENCE_OR_CUSTOM_TABLE_NOT_MARKED_LENS_VERIFIED,542.0,240.0,240.0,True,Holmer_1992_Annular,120,None_MSE_Method_Assumed_Zenith,22.7979990603322,0.281278,72.63853190724926,0.0,0.0,72.63853190724926,0.0,0.5859105104607136,DeepLabV3+_Xception65_ADE20K,C:\Users\pandya\OneDrive - UCL\Field experiment raw data\Complete Participantwise data\Final Data\ucm\P9\WalkG\ucm\CamUp\cam_20250806_113642.jpg,C:\Users\pandya\Documents\Github\docker\Paper3_Analysis\output\SVF Output\P9\WalkG\CamUp_SVF\cam_20250806_113642_svf.jpg,True,50.81395084,4.37242855,,,,,,,,,,,,,,,
P9,WalkG,cam_20250806_113643.jpg,2025-08-06 11:36:43,CamUp,neginja_MSE_SkyViewFactor_reference_table,"24,25,25,26,26,27,27,29,29,32,32,36,36,40,41,43,44",9d4c5f0c12889fb034103b01efa54b21690d648acad08c427f81fc6d33241e03,b677f291bd6311850d8cb19c1c51cfff76b3a1e2deece82b67687ca72a30d9f8,REFERENCE_OR_CUSTOM_TABLE_NOT_MARKED_LENS_VERIFIED,542.0,240.0,240.0,True,Holmer_1992_Annular,120,None_MSE_Method_Assumed_Zenith,24.7221070668546,0.27198,65.02943371196417,0.0,0.0,65.02943371196417,0.0,0.21999281430506037,DeepLabV3+_Xception65_ADE20K,C:\Users\pandya\OneDrive - UCL\Field experiment raw data\Complete Participantwise data\Final Data\ucm\P9\WalkG\ucm\CamUp\cam_20250806_113643.jpg,C:\Users\pandya\Documents\Github\docker\Paper3_Analysis\output\SVF Output\P9\WalkG\CamUp_SVF\cam_20250806_113643_svf.jpg,True,50.81394563,4.37240996,,,,,,,,,,,,,,,
P9,WalkG,cam_20250806_113644.jpg,2025-08-06 11:36:44,CamUp,neginja_MSE_SkyViewFactor_reference_table,"24,25,25,26,26,27,27,29,29,32,32,36,36,40,41,43,44",9d4c5f0c12889fb034103b01efa54b21690d648acad08c427f81fc6d33241e03,b677f291bd6311850d8cb19c1c51cfff76b3a1e2deece82b67687ca72a30d9f8,REFERENCE_OR_CUSTOM_TABLE_NOT_MARKED_LENS_VERIFIED,542.0,240.0,240.0,True,Holmer_1992_Annular,120,None_MSE_Method_Assumed_Zenith,24.84371113506343,0.265584,66.07191222397259,0.021004339054251996,0.0,66.09291656302685,0.0,0.23657518724262777,DeepLabV3+_Xception65_ADE20K,C:\Users\pandya\OneDrive - UCL\Field experiment raw data\Complete Participantwise data\Final Data\ucm\P9\WalkG\ucm\CamUp\cam_20250806_113644.jpg,C:\Users\pandya\Documents\Github\docker\Paper3_Analysis\output\SVF Output\P9\WalkG\CamUp_SVF\cam_20250806_113644_svf.jpg,True,50.81394242,4.37237498,,,,,,,,,,,,,,,
P9,WalkG,cam_20250806_113645.jpg,2025-08-06 11:36:45,CamUp,neginja_MSE_SkyViewFactor_reference_table,"24,25,25,26,26,27,27,29,29,32,32,36,36,40,41,43,44",9d4c5f0c12889fb034103b01efa54b21690d648acad08c427f81fc6d33241e03,b677f291bd6311850d8cb19c1c51cfff76b3a1e2deece82b67687ca72a30d9f8,REFERENCE_OR_CUSTOM_TABLE_NOT_MARKED_LENS_VERIFIED,542.0,240.0,240.0,True,Holmer_1992_Annular,120,None_MSE_Method_Assumed_Zenith,19.916535389547576,0.246895,70.51654091700522,0.0,0.0,70.51654091700522,0.0,0.4178757980266976,DeepLabV3+_Xception65_ADE20K,C:\Users\pandya\OneDrive - UCL\Field experiment raw data\Complete Participantwise data\Final Data\ucm\P9\WalkG\ucm\CamUp\cam_20250806_113645.jpg,C:\Users\pandya\Documents\Github\docker\Paper3_Analysis\output\SVF Output\P9\WalkG\CamUp_SVF\cam_20250806_113645_svf.jpg,True,50.81394242,4.37237498,,,,,,,,,,,,,,,
P9,WalkG,cam_20250806_113646.jpg,2025-08-06 11:36:46,CamUp,neginja_MSE_SkyViewFactor_reference_table,"24,25,25,26,26,27,27,29,29,32,32,36,36,40,41,43,44",9d4c5f0c12889fb034103b01efa54b21690d648acad08c427f81fc6d33241e03,b677f291bd6311850d8cb19c1c51cfff76b3a1e2deece82b67687ca72a30d9f8,REFERENCE_OR_CUSTOM_TABLE_NOT_MARKED_LENS_VERIFIED,542.0,240.0,240.0,True,Holmer_1992_Annular,120,None_MSE_Method_Assumed_Zenith,17.766354365309674,0.23842,78.19915429898019,0.0,0.0,78.19915429898019,0.0,0.14039742420473703,DeepLabV3+_Xception65_ADE20K,C:\Users\pandya\OneDrive - UCL\Field experiment raw data\Complete Participantwise data\Final Data\ucm\P9\WalkG\ucm\CamUp\cam_20250806_113646.jpg,C:\Users\pandya\Documents\Github\docker\Paper3_Analysis\output\SVF Output\P9\WalkG\CamUp_SVF\cam_20250806_113646_svf.jpg,True,50.81392988,4.37233999,,,,,,,,,,,,,,,
P9,WalkG,cam_20250806_113647.jpg,2025-08-06 11:36:47,CamUp,neginja_MSE_SkyViewFactor_reference_table,"24,25,25,26,26,27,27,29,29,32,32,36,36,40,41,43,44",9d4c5f0c12889fb034103b01efa54b21690d648acad08c427f81fc6d33241e03,b677f291bd6311850d8cb19c1c51cfff76b3a1e2deece82b67687ca72a30d9f8,REFERENCE_OR_CUSTOM_TABLE_NOT_MARKED_LENS_VERIFIED,542.0,240.0,240.0,True,Holmer_1992_Annular,120,None_MSE_Method_Assumed_Zenith,18.5319072492607,0.258851,76.96984771854186,0.0,0.0,76.96984771854186,0.0,0.3742088826244369,DeepLabV3+_Xception65_ADE20K,C:\Users\pandya\OneDrive - UCL\Field experiment raw data\Complete Participantwise data\Final Data\ucm\P9\WalkG\ucm\CamUp\cam_20250806_113647.jpg,C:\Users\pandya\Documents\Github\docker\Paper3_Analysis\output\SVF Output\P9\WalkG\CamUp_SVF\cam_20250806_113647_svf.jpg,True,50.81392988,4.37233999,,,,,,,,,,,,,,,
P9,WalkG,cam_20250806_113648.jpg,2025-08-06 11:36:48,CamUp,neginja_MSE_SkyViewFactor_reference_table,"24,25,25,26,26,27,27,29,29,32,32,36,36,40,41,43,44",9d4c5f0c12889fb034103b01efa54b21690d648acad08c427f81fc6d33241e03,b677f291bd6311850d8cb19c1c51cfff76b3a1e2deece82b67687ca72a30d9f8,REFERENCE_OR_CUSTOM_TABLE_NOT_MARKED_LENS_VERIFIED,542.0,240.0,240.0,True,Holmer_1992_Annular,120,None_MSE_Method_Assumed_Zenith,18.231766299090733,0.249655,74.68148025315756,0.0,0.0,74.68148025315756,0.0,0.6047038664566233,DeepLabV3+_Xception65_ADE20K,C:\Users\pandya\OneDrive - UCL\Field experiment raw data\Complete Participantwise data\Final Data\ucm\P9\WalkG\ucm\CamUp\cam_20250806_113648.jpg,C:\Users\pandya\Documents\Github\docker\Paper3_Analysis\output\SVF Output\P9\WalkG\CamUp_SVF\cam_20250806_113648_svf.jpg,True,50.81391594,4.37230337,,,,,,,,,,,,,,,
P9,WalkG,cam_20250806_113649.jpg,2025-08-06 11:36:49,CamUp,neginja_MSE_SkyViewFactor_reference_table,"24,25,25,26,26,27,27,29,29,32,32,36,36,40,41,43,44",9d4c5f0c12889fb034103b01efa54b21690d648acad08c427f81fc6d33241e03,b677f291bd6311850d8cb19c1c51cfff76b3a1e2deece82b67687ca72a30d9f8,REFERENCE_OR_CUSTOM_TABLE_NOT_MARKED_LENS_VERIFIED,542.0,240.0,240.0,True,Holmer_1992_Annular,120,None_MSE_Method_Assumed_Zenith,17.44852555067297,0.244055,75.9174197827709,0.0,0.0,75.9174197827709,0.0,0.3554155266285272,DeepLabV3+_Xception65_ADE20K,C:\Users\pandya\OneDrive - UCL\Field experiment raw data\Complete Participantwise data\Final Data\ucm\P9\WalkG\ucm\CamUp\cam_20250806_113649.jpg,C:\Users\pandya\Documents\Github\docker\Paper3_Analysis\output\SVF Output\P9\WalkG\CamUp_SVF\cam_20250806_113649_svf.jpg,True,50.81392218,4.37228739,,,,,,,,,,,,,,,
P9,WalkG,cam_20250806_113650.jpg,2025-08-06 11:36:50,CamUp,neginja_MSE_SkyViewFactor_reference_table,"24,25,25,26,26,27,27,29,29,32,32,36,36,40,41,43,44",9d4c5f0c12889fb034103b01efa54b21690d648acad08c427f81fc6d33241e03,b677f291bd6311850d8cb19c1c51cfff76b3a1e2deece82b67687ca72a30d9f8,REFERENCE_OR_CUSTOM_TABLE_NOT_MARKED_LENS_VERIFIED,542.0,240.0,240.0,True,Holmer_1992_Annular,120,None_MSE_Method_Assumed_Zenith,19.72252162617804,0.261922,78.29533206201808,0.0,0.0,78.29533206201808,0.0,0.19180278031119585,DeepLabV3+_Xception65_ADE20K,C:\Users\pandya\OneDrive - UCL\Field experiment raw data\Complete Participantwise data\Final Data\ucm\P9\WalkG\ucm\CamUp\cam_20250806_113650.jpg,C:\Users\pandya\Documents\Github\docker\Paper3_Analysis\output\SVF Output\P9\WalkG\CamUp_SVF\cam_20250806_113650_svf.jpg,True,50.81392218,4.37228739,,,,,,,,,,,,,,,
P9,WalkG,cam_20250806_113651.jpg,2025-08-06 11:36:51,CamUp,neginja_MSE_SkyViewFactor_reference_table,"24,25,25,26,26,27,27,29,29,32,32,36,36,40,41,43,44",9d4c5f0c12889fb034103b01efa54b21690d648acad08c427f81fc6d33241e03,b677f291bd6311850d8cb19c1c51cfff76b3a1e2deece82b67687ca72a30d9f8,REFERENCE_OR_CUSTOM_TABLE_NOT_MARKED_LENS_VERIFIED,542.0,240.0,240.0,True,Holmer_1992_Annular,120,None_MSE_Method_Assumed_Zenith,24.04720448829561,0.266318,69.15844457341845,0.2879805433490866,0.0,69.44642511676754,0.0,0.0,DeepLabV3+_Xception65_ADE20K,C:\Users\pandya\OneDrive - UCL\Field experiment raw data\Complete Participantwise data\Final Data\ucm\P9\WalkG\ucm\CamUp\cam_20250806_113651.jpg,C:\Users\pandya\Documents\Github\docker\Paper3_Analysis\output\SVF Output\P9\WalkG\CamUp_SVF\cam_20250806_113651_svf.jpg,True,50.81391768,4.37224991,,,,,,,,,,,,,,,
P9,WalkG,cam_20250806_113652.jpg,2025-08-06 11:36:52,CamUp,neginja_MSE_SkyViewFactor_reference_table,"24,25,25,26,26,27,27,29,29,32,32,36,36,40,41,43,44",9d4c5f0c12889fb034103b01efa54b21690d648acad08c427f81fc6d33241e03,b677f291bd6311850d8cb19c1c51cfff76b3a1e2deece82b67687ca72a30d9f8,REFERENCE_OR_CUSTOM_TABLE_NOT_MARKED_LENS_VERIFIED,542.0,240.0,240.0,True,Holmer_1992_Annular,120,None_MSE_Method_Assumed_Zenith,21.908631125114002,0.253433,66.31898958074234,0.0005527457645855789,0.0,66.31954232650692,0.0,0.14868861067352074,DeepLabV3+_Xception65_ADE20K,C:\Users\pandya\OneDrive - UCL\Field experiment raw data\Complete Participantwise data\Final Data\ucm\P9\WalkG\ucm\CamUp\cam_20250806_113652.jpg,C:\Users\pandya\Documents\Github\docker\Paper3_Analysis\output\SVF Output\P9\WalkG\CamUp_SVF\cam_20250806_113652_svf.jpg,True,50.81391642,4.37223239,,,,,,,,,,,,,,,
P9,WalkG,cam_20250806_113653.jpg,2025-08-06 11:36:53,CamUp,neginja_MSE_SkyViewFactor_reference_table,"24,25,25,26,26,27,27,29,29,32,32,36,36,40,41,43,44",9d4c5f0c12889fb034103b01efa54b21690d648acad08c427f81fc6d33241e03,b677f291bd6311850d8cb19c1c51cfff76b3a1e2deece82b67687ca72a30d9f8,REFERENCE_OR_CUSTOM_TABLE_NOT_MARKED_LENS_VERIFIED,542.0,240.0,240.0,True,Holmer_1992_Annular,120,None_MSE_Method_Assumed_Zenith,19.685487659950805,0.229206,65.1593289666418,0.0,0.0,65.1593289666418,0.0,0.12381505126716967,DeepLabV3+_Xception65_ADE20K,C:\Users\pandya\OneDrive - UCL\Field experiment raw data\Complete Participantwise data\Final Data\ucm\P9\WalkG\ucm\CamUp\cam_20250806_113653.jpg,C:\Users\pandya\Documents\Github\docker\Paper3_Analysis\output\SVF Output\P9\WalkG\CamUp_SVF\cam_20250806_113653_svf.jpg,True,50.81391642,4.37223239,,,,,,,,,,,,,,,
P9,WalkG,cam_20250806_113654.jpg,2025-08-06 11:36:54,CamUp,neginja_MSE_SkyViewFactor_reference_table,"24,25,25,26,26,27,27,29,29,32,32,36,36,40,41,43,44",9d4c5f0c12889fb034103b01efa54b21690d648acad08c427f81fc6d33241e03,b677f291bd6311850d8cb19c1c51cfff76b3a1e2deece82b67687ca72a30d9f8,REFERENCE_OR_CUSTOM_TABLE_NOT_MARKED_LENS_VERIFIED,542.0,240.0,240.0,True,Holmer_1992_Annular,120,None_MSE_Method_Assumed_Zenith,17.23958765165962,0.207567,63.35129757068236,0.0,0.0,63.35129757068236,0.0,0.25757952629687975,DeepLabV3+_Xception65_ADE20K,C:\Users\pandya\OneDrive - UCL\Field experiment raw data\Complete Participantwise data\Final Data\ucm\P9\WalkG\ucm\CamUp\cam_20250806_113654.jpg,C:\Users\pandya\Documents\Github\docker\Paper3_Analysis\output\SVF Output\P9\WalkG\CamUp_SVF\cam_20250806_113654_svf.jpg,True,50.81390491,4.37218999,,,,,,,,,,,,,,,
P9,WalkG,cam_20250806_113655.jpg,2025-08-06 11:36:55,CamUp,neginja_MSE_SkyViewFactor_reference_table,"24,25,25,26,26,27,27,29,29,32,32,36,36,40,41,43,44",9d4c5f0c12889fb034103b01efa54b21690d648acad08c427f81fc6d33241e03,b677f291bd6311850d8cb19c1c51cfff76b3a1e2deece82b67687ca72a30d9f8,REFERENCE_OR_CUSTOM_TABLE_NOT_MARKED_LENS_VERIFIED,542.0,240.0,240.0,True,Holmer_1992_Annular,120,None_MSE_Method_Assumed_Zenith,16.753171378824312,0.192562,73.8711549622751,0.0,0.0,73.8711549622751,0.0,0.10557444103584557,DeepLabV3+_Xception65_ADE20K,C:\Users\pandya\OneDrive - UCL\Field experiment raw data\Complete Participantwise data\Final Data\ucm\P9\WalkG\ucm\CamUp\cam_20250806_113655.jpg,C:\Users\pandya\Documents\Github\docker\Paper3_Analysis\output\SVF Output\P9\WalkG\CamUp_SVF\cam_20250806_113655_svf.jpg,True,50.81390496,4.37216588,,,,,,,,,,,,,,,
P9,WalkG,cam_20250806_113656.jpg,2025-08-06 11:36:56,CamUp,neginja_MSE_SkyViewFactor_reference_table,"24,25,25,26,26,27,27,29,29,32,32,36,36,40,41,43,44",9d4c5f0c12889fb034103b01efa54b21690d648acad08c427f81fc6d33241e03,b677f291bd6311850d8cb19c1c51cfff76b3a1e2deece82b67687ca72a30d9f8,REFERENCE_OR_CUSTOM_TABLE_NOT_MARKED_LENS_VERIFIED,542.0,240.0,240.0,True,Holmer_1992_Annular,120,None_MSE_Method_Assumed_Zenith,17.338529143520436,0.183896,67.09006992233923,0.0,0.0,67.09006992233923,0.0,0.0,DeepLabV3+_Xception65_ADE20K,C:\Users\pandya\OneDrive - UCL\Field experiment raw data\Complete Participantwise data\Final Data\ucm\P9\WalkG\ucm\CamUp\cam_20250806_113656.jpg,C:\Users\pandya\Documents\Github\docker\Paper3_Analysis\output\SVF Output\P9\WalkG\CamUp_SVF\cam_20250806_113656_svf.jpg,True,50.81390192,4.37214913,,,,,,,,,,,,,,,
P9,WalkG,cam_20250806_113657.jpg,2025-08-06 11:36:57,CamUp,neginja_MSE_SkyViewFactor_reference_table,"24,25,25,26,26,27,27,29,29,32,32,36,36,40,41,43,44",9d4c5f0c12889fb034103b01efa54b21690d648acad08c427f81fc6d33241e03,b677f291bd6311850d8cb19c1c51cfff76b3a1e2deece82b67687ca72a30d9f8,REFERENCE_OR_CUSTOM_TABLE_NOT_MARKED_LENS_VERIFIED,542.0,240.0,240.0,True,Holmer_1992_Annular,120,None_MSE_Method_Assumed_Zenith,15.880938562308266,0.159779,68.48741121521157,0.0,0.0,68.48741121521157,0.0,0.010502169527125998,DeepLabV3+_Xception65_ADE20K,C:\Users\pandya\OneDrive - UCL\Field experiment raw data\Complete Participantwise data\Final Data\ucm\P9\WalkG\ucm\CamUp\cam_20250806_113657.jpg,C:\Users\pandya\Documents\Github\docker\Paper3_Analysis\output\SVF Output\P9\WalkG\CamUp_SVF\cam_20250806_113657_svf.jpg,True,50.81389658,4.37213093,,,,,,,,,,,,,,,
P9,WalkG,cam_20250806_113658.jpg,2025-08-06 11:36:58,CamUp,neginja_MSE_SkyViewFactor_reference_table,"24,25,25,26,26,27,27,29,29,32,32,36,36,40,41,43,44",9d4c5f0c12889fb034103b01efa54b21690d648acad08c427f81fc6d33241e03,b677f291bd6311850d8cb19c1c51cfff76b3a1e2deece82b67687ca72a30d9f8,REFERENCE_OR_CUSTOM_TABLE_NOT_MARKED_LENS_VERIFIED,542.0,240.0,240.0,True,Holmer_1992_Annular,120,None_MSE_Method_Assumed_Zenith,15.782549816212033,0.155178,72.4262775336484,0.0,0.0,72.4262775336484,0.0,0.14039742420473703,DeepLabV3+_Xception65_ADE20K,C:\Users\pandya\OneDrive - UCL\Field experiment raw data\Complete Participantwise data\Final Data\ucm\P9\WalkG\ucm\CamUp\cam_20250806_113658.jpg,C:\Users\pandya\Documents\Github\docker\Paper3_Analysis\output\SVF Output\P9\WalkG\CamUp_SVF\cam_20250806_113658_svf.jpg,True,50.81389658,4.37213093,,,,,,,,,,,,,,,
P9,WalkG,cam_20250806_113659.jpg,2025-08-06 11:36:59,CamUp,neginja_MSE_SkyViewFactor_reference_table,"24,25,25,26,26,27,27,29,29,32,32,36,36,40,41,43,44",9d4c5f0c12889fb034103b01efa54b21690d648acad08c427f81fc6d33241e03,b677f291bd6311850d8cb19c1c51cfff76b3a1e2deece82b67687ca72a30d9f8,REFERENCE_OR_CUSTOM_TABLE_NOT_MARKED_LENS_VERIFIED,542.0,240.0,240.0,True,Holmer_1992_Annular,120,None_MSE_Method_Assumed_Zenith,13.413481469198244,0.131653,71.05933725782826,0.0,0.0,71.05933725782826,0.0,0.2774783738219606,DeepLabV3+_Xception65_ADE20K,C:\Users\pandya\OneDrive - UCL\Field experiment raw data\Complete Participantwise data\Final Data\ucm\P9\WalkG\ucm\CamUp\cam_20250806_113659.jpg,C:\Users\pandya\Documents\Github\docker\Paper3_Analysis\output\SVF Output\P9\WalkG\CamUp_SVF\cam_20250806_113659_svf.jpg,True,50.81388918,4.37211158,,,,,,,,,,,,,,,
P9,WalkG,cam_20250806_113700.jpg,2025-08-06 11:37:00,CamUp,neginja_MSE_SkyViewFactor_reference_table,"24,25,25,26,26,27,27,29,29,32,32,36,36,40,41,43,44",9d4c5f0c12889fb034103b01efa54b21690d648acad08c427f81fc6d33241e03,b677f291bd6311850d8cb19c1c51cfff76b3a1e2deece82b67687ca72a30d9f8,REFERENCE_OR_CUSTOM_TABLE_NOT_MARKED_LENS_VERIFIED,542.0,240.0,240.0,True,Holmer_1992_Annular,120,None_MSE_Method_Assumed_Zenith,14.034214962827848,0.124495,65.59433988337065,0.0,0.0,65.59433988337065,0.0,0.1647182378465025,DeepLabV3+_Xception65_ADE20K,C:\Users\pandya\OneDrive - UCL\Field experiment raw data\Complete Participantwise data\Final Data\ucm\P9\WalkG\ucm\CamUp\cam_20250806_113700.jpg,C:\Users\pandya\Documents\Github\docker\Paper3_Analysis\output\SVF Output\P9\WalkG\CamUp_SVF\cam_20250806_113700_svf.jpg,True,50.81387539,4.37207499,,,,,,,,,,,,,,,
P9,WalkG,cam_20250806_113701.jpg,2025-08-06 11:37:01,CamUp,neginja_MSE_SkyViewFactor_reference_table,"24,25,25,26,26,27,27,29,29,32,32,36,36,40,41,43,44",9d4c5f0c12889fb034103b01efa54b21690d648acad08c427f81fc6d33241e03,b677f291bd6311850d8cb19c1c51cfff76b3a1e2deece82b67687ca72a30d9f8,REFERENCE_OR_CUSTOM_TABLE_NOT_MARKED_LENS_VERIFIED,542.0,240.0,240.0,True,Holmer_1992_Annular,120,None_MSE_Method_Assumed_Zenith,12.955807976121383,0.117308,68.2447558245585,0.0,0.0,68.2447558245585,0.0,0.23491694994887102,DeepLabV3+_Xception65_ADE20K,C:\Users\pandya\OneDrive - UCL\Field experiment raw data\Complete Participantwise data\Final Data\ucm\P9\WalkG\ucm\CamUp\cam_20250806_113701.jpg,C:\Users\pandya\Documents\Github\docker\Paper3_Analysis\output\SVF Output\P9\WalkG\CamUp_SVF\cam_20250806_113701_svf.jpg,True,50.81387539,4.37207499,,,,,,,,,,,,,,,
P9,WalkG,cam_20250806_113702.jpg,2025-08-06 11:37:02,CamUp,neginja_MSE_SkyViewFactor_reference_table,"24,25,25,26,26,27,27,29,29,32,32,36,36,40,41,43,44",9d4c5f0c12889fb034103b01efa54b21690d648acad08c427f81fc6d33241e03,b677f291bd6311850d8cb19c1c51cfff76b3a1e2deece82b67687ca72a30d9f8,REFERENCE_OR_CUSTOM_TABLE_NOT_MARKED_LENS_VERIFIED,542.0,240.0,240.0,True,Holmer_1992_Annular,120,None_MSE_Method_Assumed_Zenith,13.540060249288342,0.121772,66.97012409142415,1.6411021750545836,0.0,68.61122626647874,0.0,1.4553795981538291,DeepLabV3+_Xception65_ADE20K,C:\Users\pandya\OneDrive - UCL\Field experiment raw data\Complete Participantwise data\Final Data\ucm\P9\WalkG\ucm\CamUp\cam_20250806_113702.jpg,C:\Users\pandya\Documents\Github\docker\Paper3_Analysis\output\SVF Output\P9\WalkG\CamUp_SVF\cam_20250806_113702_svf.jpg,True,50.81386754,4.37204388,,,,,,,,,,,,,,,
P9,WalkG,cam_20250806_113703.jpg,2025-08-06 11:37:03,CamUp,neginja_MSE_SkyViewFactor_reference_table,"24,25,25,26,26,27,27,29,29,32,32,36,36,40,41,43,44",9d4c5f0c12889fb034103b01efa54b21690d648acad08c427f81fc6d33241e03,b677f291bd6311850d8cb19c1c51cfff76b3a1e2deece82b67687ca72a30d9f8,REFERENCE_OR_CUSTOM_TABLE_NOT_MARKED_LENS_VERIFIED,542.0,240.0,240.0,True,Holmer_1992_Annular,120,None_MSE_Method_Assumed_Zenith,11.257772987314485,0.075437,71.40756708951717,0.028742779758450104,0.0,71.43630986927562,0.0,0.4924964762457507,DeepLabV3+_Xception65_ADE20K,C:\Users\pandya\OneDrive - UCL\Field experiment raw data\Complete Participantwise data\Final Data\ucm\P9\WalkG\ucm\CamUp\cam_20250806_113703.jpg,C:\Users\pandya\Documents\Github\docker\Paper3_Analysis\output\SVF Output\P9\WalkG\CamUp_SVF\cam_20250806_113703_svf.jpg,True,50.81386503,4.37203261,,,,,,,,,,,,,,,
P9,WalkG,cam_20250806_113704.jpg,2025-08-06 11:37:04,CamUp,neginja_MSE_SkyViewFactor_reference_table,"24,25,25,26,26,27,27,29,29,32,32,36,36,40,41,43,44",9d4c5f0c12889fb034103b01efa54b21690d648acad08c427f81fc6d33241e03,b677f291bd6311850d8cb19c1c51cfff76b3a1e2deece82b67687ca72a30d9f8,REFERENCE_OR_CUSTOM_TABLE_NOT_MARKED_LENS_VERIFIED,542.0,240.0,240.0,True,Holmer_1992_Annular,120,None_MSE_Method_Assumed_Zenith,11.111295359699307,0.083649,69.84606030456291,0.0,0.0,69.84606030456291,0.0,3.215322112594312,DeepLabV3+_Xception65_ADE20K,C:\Users\pandya\OneDrive - UCL\Field experiment raw data\Complete Participantwise data\Final Data\ucm\P9\WalkG\ucm\CamUp\cam_20250806_113704.jpg,C:\Users\pandya\Documents\Github\docker\Paper3_Analysis\output\SVF Output\P9\WalkG\CamUp_SVF\cam_20250806_113704_svf.jpg,True,50.81386503,4.37203261,,,,,,,,,,,,,,,
P9,WalkG,cam_20250806_113705.jpg,2025-08-06 11:37:05,CamUp,neginja_MSE_SkyViewFactor_reference_table,"24,25,25,26,26,27,27,29,29,32,32,36,36,40,41,43,44",9d4c5f0c12889fb034103b01efa54b21690d648acad08c427f81fc6d33241e03,b677f291bd6311850d8cb19c1c51cfff76b3a1e2deece82b67687ca72a30d9f8,REFERENCE_OR_CUSTOM_TABLE_NOT_MARKED_LENS_VERIFIED,542.0,240.0,240.0,True,Holmer_1992_Annular,120,None_MSE_Method_Assumed_Zenith,8.682530470110272,0.071332,82.44258353370367,0.0,0.0,82.44258353370367,0.0,1.6759251582234753,DeepLabV3+_Xception65_ADE20K,C:\Users\pandya\OneDrive - UCL\Field experiment raw data\Complete Participantwise data\Final Data\ucm\P9\WalkG\ucm\CamUp\cam_20250806_113705.jpg,C:\Users\pandya\Documents\Github\docker\Paper3_Analysis\output\SVF Output\P9\WalkG\CamUp_SVF\cam_20250806_113705_svf.jpg,True,50.81386114,4.37202351,,,,,,,,,,,,,,,
P9,WalkG,cam_20250806_113706.jpg,2025-08-06 11:37:06,CamUp,neginja_MSE_SkyViewFactor_reference_table,"24,25,25,26,26,27,27,29,29,32,32,36,36,40,41,43,44",9d4c5f0c12889fb034103b01efa54b21690d648acad08c427f81fc6d33241e03,b677f291bd6311850d8cb19c1c51cfff76b3a1e2deece82b67687ca72a30d9f8,REFERENCE_OR_CUSTOM_TABLE_NOT_MARKED_LENS_VERIFIED,542.0,240.0,240.0,True,Holmer_1992_Annular,120,None_MSE_Method_Assumed_Zenith,9.0379459967388,0.077351,75.28286764502667,0.3404913909847166,0.0,75.62335903601138,0.0,0.7622364093635132,DeepLabV3+_Xception65_ADE20K,C:\Users\pandya\OneDrive - UCL\Field experiment raw data\Complete Participantwise data\Final Data\ucm\P9\WalkG\ucm\CamUp\cam_20250806_113706.jpg,C:\Users\pandya\Documents\Github\docker\Paper3_Analysis\output\SVF Output\P9\WalkG\CamUp_SVF\cam_20250806_113706_svf.jpg,True,50.81388338,4.37199902,,,,,,,,,,,,,,,
P9,WalkG,cam_20250806_113707.jpg,2025-08-06 11:37:07,CamUp,neginja_MSE_SkyViewFactor_reference_table,"24,25,25,26,26,27,27,29,29,32,32,36,36,40,41,43,44",9d4c5f0c12889fb034103b01efa54b21690d648acad08c427f81fc6d33241e03,b677f291bd6311850d8cb19c1c51cfff76b3a1e2deece82b67687ca72a30d9f8,REFERENCE_OR_CUSTOM_TABLE_NOT_MARKED_LENS_VERIFIED,542.0,240.0,240.0,True,Holmer_1992_Annular,120,None_MSE_Method_Assumed_Zenith,10.194842882016417,0.09468,72.13884973606389,1.122073902108725,0.0,73.26092363817261,0.0,2.3812287538346735,DeepLabV3+_Xception65_ADE20K,C:\Users\pandya\OneDrive - UCL\Field experiment raw data\Complete Participantwise data\Final Data\ucm\P9\WalkG\ucm\CamUp\cam_20250806_113707.jpg,C:\Users\pandya\Documents\Github\docker\Paper3_Analysis\output\SVF Output\P9\WalkG\CamUp_SVF\cam_20250806_113707_svf.jpg,True,50.81388338,4.37199902,,,,,,,,,,,,,,,
P9,WalkG,cam_20250806_113708.jpg,2025-08-06 11:37:08,CamUp,neginja_MSE_SkyViewFactor_reference_table,"24,25,25,26,26,27,27,29,29,32,32,36,36,40,41,43,44",9d4c5f0c12889fb034103b01efa54b21690d648acad08c427f81fc6d33241e03,b677f291bd6311850d8cb19c1c51cfff76b3a1e2deece82b67687ca72a30d9f8,REFERENCE_OR_CUSTOM_TABLE_NOT_MARKED_LENS_VERIFIED,542.0,240.0,240.0,True,Holmer_1992_Annular,120,None_MSE_Method_Assumed_Zenith,11.033910952657324,0.09119,54.427217201448194,1.0430312577729872,0.0,55.47024845922118,0.0,0.16084901749440345,DeepLabV3+_Xception65_ADE20K,C:\Users\pandya\OneDrive - UCL\Field experiment raw data\Complete Participantwise data\Final Data\ucm\P9\WalkG\ucm\CamUp\cam_20250806_113708.jpg,C:\Users\pandya\Documents\Github\docker\Paper3_Analysis\output\SVF Output\P9\WalkG\CamUp_SVF\cam_20250806_113708_svf.jpg,True,50.813916,4.372105,,,,,,,,,,,,,,,
P9,WalkG,cam_20250806_113709.jpg,2025-08-06 11:37:09,CamUp,neginja_MSE_SkyViewFactor_reference_table,"24,25,25,26,26,27,27,29,29,32,32,36,36,40,41,43,44",9d4c5f0c12889fb034103b01efa54b21690d648acad08c427f81fc6d33241e03,b677f291bd6311850d8cb19c1c51cfff76b3a1e2deece82b67687ca72a30d9f8,REFERENCE_OR_CUSTOM_TABLE_NOT_MARKED_LENS_VERIFIED,542.0,240.0,240.0,True,Holmer_1992_Annular,120,None_MSE_Method_Assumed_Zenith,9.252411353398005,0.092008,81.32935356382832,0.0,0.0,81.32935356382832,0.0,0.0,DeepLabV3+_Xception65_ADE20K,C:\Users\pandya\OneDrive - UCL\Field experiment raw data\Complete Participantwise data\Final Data\ucm\P9\WalkG\ucm\CamUp\cam_20250806_113709.jpg,C:\Users\pandya\Documents\Github\docker\Paper3_Analysis\output\SVF Output\P9\WalkG\CamUp_SVF\cam_20250806_113709_svf.jpg,True,50.813916,4.372105,,,,,,,,,,,,,,,
P9,WalkG,cam_20250806_113710.jpg,2025-08-06 11:37:10,CamUp,neginja_MSE_SkyViewFactor_reference_table,"24,25,25,26,26,27,27,29,29,32,32,36,36,40,41,43,44",9d4c5f0c12889fb034103b01efa54b21690d648acad08c427f81fc6d33241e03,b677f291bd6311850d8cb19c1c51cfff76b3a1e2deece82b67687ca72a30d9f8,REFERENCE_OR_CUSTOM_TABLE_NOT_MARKED_LENS_VERIFIED,542.0,240.0,240.0,True,Holmer_1992_Annular,120,None_MSE_Method_Assumed_Zenith,8.169582400574855,0.075123,82.00370339662271,0.0,0.0,82.00370339662271,0.0,0.061354779868999246,DeepLabV3+_Xception65_ADE20K,C:\Users\pandya\OneDrive - UCL\Field experiment raw data\Complete Participantwise data\Final Data\ucm\P9\WalkG\ucm\CamUp\cam_20250806_113710.jpg,C:\Users\pandya\Documents\Github\docker\Paper3_Analysis\output\SVF Output\P9\WalkG\CamUp_SVF\cam_20250806_113710_svf.jpg,True,50.81382689,4.37193199,,,,,,,,,,,,,,,
P9,WalkG,cam_20250806_113711.jpg,2025-08-06 11:37:11,CamUp,neginja_MSE_SkyViewFactor_reference_table,"24,25,25,26,26,27,27,29,29,32,32,36,36,40,41,43,44",9d4c5f0c12889fb034103b01efa54b21690d648acad08c427f81fc6d33241e03,b677f291bd6311850d8cb19c1c51cfff76b3a1e2deece82b67687ca72a30d9f8,REFERENCE_OR_CUSTOM_TABLE_NOT_MARKED_LENS_VERIFIED,542.0,240.0,240.0,True,Holmer_1992_Annular,120,None_MSE_Method_Assumed_Zenith,7.692010059972916,0.063081,81.72235580244866,0.008291186468783683,0.0,81.73064698891744,0.0,0.04698338998977421,DeepLabV3+_Xception65_ADE20K,C:\Users\pandya\OneDrive - UCL\Field experiment raw data\Complete Participantwise data\Final Data\ucm\P9\WalkG\ucm\CamUp\cam_20250806_113711.jpg,C:\Users\pandya\Documents\Github\docker\Paper3_Analysis\output\SVF Output\P9\WalkG\CamUp_SVF\cam_20250806_113711_svf.jpg,True,50.81382689,4.37193199,,,,,,,,,,,,,,,
P9,WalkG,cam_20250806_113712.jpg,2025-08-06 11:37:12,CamUp,neginja_MSE_SkyViewFactor_reference_table,"24,25,25,26,26,27,27,29,29,32,32,36,36,40,41,43,44",9d4c5f0c12889fb034103b01efa54b21690d648acad08c427f81fc6d33241e03,b677f291bd6311850d8cb19c1c51cfff76b3a1e2deece82b67687ca72a30d9f8,REFERENCE_OR_CUSTOM_TABLE_NOT_MARKED_LENS_VERIFIED,542.0,240.0,240.0,True,Holmer_1992_Annular,120,None_MSE_Method_Assumed_Zenith,8.520023215322112,0.069275,78.76074399579913,0.1857225769007545,0.0,78.94646657269989,0.0,0.6196280021004339,DeepLabV3+_Xception65_ADE20K,C:\Users\pandya\OneDrive - UCL\Field experiment raw data\Complete Participantwise data\Final Data\ucm\P9\WalkG\ucm\CamUp\cam_20250806_113712.jpg,C:\Users\pandya\Documents\Github\docker\Paper3_Analysis\output\SVF Output\P9\WalkG\CamUp_SVF\cam_20250806_113712_svf.jpg,True,50.81381798,4.37191182,,,,,,,,,,,,,,,
P9,WalkG,cam_20250806_113713.jpg,2025-08-06 11:37:13,CamUp,neginja_MSE_SkyViewFactor_reference_table,"24,25,25,26,26,27,27,29,29,32,32,36,36,40,41,43,44",9d4c5f0c12889fb034103b01efa54b21690d648acad08c427f81fc6d33241e03,b677f291bd6311850d8cb19c1c51cfff76b3a1e2deece82b67687ca72a30d9f8,REFERENCE_OR_CUSTOM_TABLE_NOT_MARKED_LENS_VERIFIED,542.0,240.0,240.0,True,Holmer_1992_Annular,120,None_MSE_Method_Assumed_Zenith,7.434430533676036,0.066691,79.97789016941658,0.0,0.0,79.97789016941658,0.0016582372937567365,0.04919437304811652,DeepLabV3+_Xception65_ADE20K,C:\Users\pandya\OneDrive - UCL\Field experiment raw data\Complete Participantwise data\Final Data\ucm\P9\WalkG\ucm\CamUp\cam_20250806_113713.jpg,C:\Users\pandya\Documents\Github\docker\Paper3_Analysis\output\SVF Output\P9\WalkG\CamUp_SVF\cam_20250806_113713_svf.jpg,True,50.81381798,4.37191182,,,,,,,,,,,,,,,
P9,WalkG,cam_20250806_113714.jpg,2025-08-06 11:37:14,CamUp,neginja_MSE_SkyViewFactor_reference_table,"24,25,25,26,26,27,27,29,29,32,32,36,36,40,41,43,44",9d4c5f0c12889fb034103b01efa54b21690d648acad08c427f81fc6d33241e03,b677f291bd6311850d8cb19c1c51cfff76b3a1e2deece82b67687ca72a30d9f8,REFERENCE_OR_CUSTOM_TABLE_NOT_MARKED_LENS_VERIFIED,542.0,240.0,240.0,True,Holmer_1992_Annular,120,None_MSE_Method_Assumed_Zenith,10.68955034132051,0.095566,81.3260370892408,0.13542271232346684,0.0,81.46145980156426,0.04200867810850399,0.297929967111627,DeepLabV3+_Xception65_ADE20K,C:\Users\pandya\OneDrive - UCL\Field experiment raw data\Complete Participantwise data\Final Data\ucm\P9\WalkG\ucm\CamUp\cam_20250806_113714.jpg,C:\Users\pandya\Documents\Github\docker\Paper3_Analysis\output\SVF Output\P9\WalkG\CamUp_SVF\cam_20250806_113714_svf.jpg,True,50.81381318,4.37189427,,,,,,,,,,,,,,,
P9,WalkG,cam_20250806_113715.jpg,2025-08-06 11:37:15,CamUp,neginja_MSE_SkyViewFactor_reference_table,"24,25,25,26,26,27,27,29,29,32,32,36,36,40,41,43,44",9d4c5f0c12889fb034103b01efa54b21690d648acad08c427f81fc6d33241e03,b677f291bd6311850d8cb19c1c51cfff76b3a1e2deece82b67687ca72a30d9f8,REFERENCE_OR_CUSTOM_TABLE_NOT_MARKED_LENS_VERIFIED,542.0,240.0,240.0,True,Holmer_1992_Annular,120,None_MSE_Method_Assumed_Zenith,7.49025785589918,0.087489,84.92828123704503,0.7191222397258381,0.0,85.64740347677086,0.0,0.2432081364176547,DeepLabV3+_Xception65_ADE20K,C:\Users\pandya\OneDrive - UCL\Field experiment raw data\Complete Participantwise data\Final Data\ucm\P9\WalkG\ucm\CamUp\cam_20250806_113715.jpg,C:\Users\pandya\Documents\Github\docker\Paper3_Analysis\output\SVF Output\P9\WalkG\CamUp_SVF\cam_20250806_113715_svf.jpg,True,50.81380191,4.37185635,,,,,,,,,,,,,,,
P9,WalkG,cam_20250806_113716.jpg,2025-08-06 11:37:16,CamUp,neginja_MSE_SkyViewFactor_reference_table,"24,25,25,26,26,27,27,29,29,32,32,36,36,40,41,43,44",9d4c5f0c12889fb034103b01efa54b21690d648acad08c427f81fc6d33241e03,b677f291bd6311850d8cb19c1c51cfff76b3a1e2deece82b67687ca72a30d9f8,REFERENCE_OR_CUSTOM_TABLE_NOT_MARKED_LENS_VERIFIED,542.0,240.0,240.0,True,Holmer_1992_Annular,120,None_MSE_Method_Assumed_Zenith,10.58839786640135,0.133763,75.01920791531936,1.1027278003482297,0.0,76.12193571566759,0.0,0.38028908603487827,DeepLabV3+_Xception65_ADE20K,C:\Users\pandya\OneDrive - UCL\Field experiment raw data\Complete Participantwise data\Final Data\ucm\P9\WalkG\ucm\CamUp\cam_20250806_113716.jpg,C:\Users\pandya\Documents\Github\docker\Paper3_Analysis\output\SVF Output\P9\WalkG\CamUp_SVF\cam_20250806_113716_svf.jpg,True,50.81379851,4.37183718,,,,,,,,,,,,,,,
P9,WalkG,cam_20250806_113717.jpg,2025-08-06 11:37:17,CamUp,neginja_MSE_SkyViewFactor_reference_table,"24,25,25,26,26,27,27,29,29,32,32,36,36,40,41,43,44",9d4c5f0c12889fb034103b01efa54b21690d648acad08c427f81fc6d33241e03,b677f291bd6311850d8cb19c1c51cfff76b3a1e2deece82b67687ca72a30d9f8,REFERENCE_OR_CUSTOM_TABLE_NOT_MARKED_LENS_VERIFIED,542.0,240.0,240.0,True,Holmer_1992_Annular,120,None_MSE_Method_Assumed_Zenith,21.13533980045878,0.269599,55.8334024265539,1.8218500400740678,0.0,57.65525246662797,0.0,0.27305640770527595,DeepLabV3+_Xception65_ADE20K,C:\Users\pandya\OneDrive - UCL\Field experiment raw data\Complete Participantwise data\Final Data\ucm\P9\WalkG\ucm\CamUp\cam_20250806_113717.jpg,C:\Users\pandya\Documents\Github\docker\Paper3_Analysis\output\SVF Output\P9\WalkG\CamUp_SVF\cam_20250806_113717_svf.jpg,True,50.81379339,4.37182533,,,,,,,,,,,,,,,
P9,WalkG,cam_20250806_113718.jpg,2025-08-06 11:37:18,CamUp,neginja_MSE_SkyViewFactor_reference_table,"24,25,25,26,26,27,27,29,29,32,32,36,36,40,41,43,44",9d4c5f0c12889fb034103b01efa54b21690d648acad08c427f81fc6d33241e03,b677f291bd6311850d8cb19c1c51cfff76b3a1e2deece82b67687ca72a30d9f8,REFERENCE_OR_CUSTOM_TABLE_NOT_MARKED_LENS_VERIFIED,542.0,240.0,240.0,True,Holmer_1992_Annular,120,None_MSE_Method_Assumed_Zenith,20.997153359312385,0.328139,69.30160572644613,0.49691844236243543,0.0,69.79852416880856,0.0,0.8197219688804134,DeepLabV3+_Xception65_ADE20K,C:\Users\pandya\OneDrive - UCL\Field experiment raw data\Complete Participantwise data\Final Data\ucm\P9\WalkG\ucm\CamUp\cam_20250806_113718.jpg,C:\Users\pandya\Documents\Github\docker\Paper3_Analysis\output\SVF Output\P9\WalkG\CamUp_SVF\cam_20250806_113718_svf.jpg,True,50.81379443,4.37180698,,,,,,,,,,,,,,,
P9,WalkG,cam_20250806_113719.jpg,2025-08-06 11:37:19,CamUp,neginja_MSE_SkyViewFactor_reference_table,"24,25,25,26,26,27,27,29,29,32,32,36,36,40,41,43,44",9d4c5f0c12889fb034103b01efa54b21690d648acad08c427f81fc6d33241e03,b677f291bd6311850d8cb19c1c51cfff76b3a1e2deece82b67687ca72a30d9f8,REFERENCE_OR_CUSTOM_TABLE_NOT_MARKED_LENS_VERIFIED,542.0,240.0,240.0,True,Holmer_1992_Annular,120,None_MSE_Method_Assumed_Zenith,21.68034712434016,0.366209,71.6828344802808,0.0,0.0,71.6828344802808,0.0,1.44653566592046,DeepLabV3+_Xception65_ADE20K,C:\Users\pandya\OneDrive - UCL\Field experiment raw data\Complete Participantwise data\Final Data\ucm\P9\WalkG\ucm\CamUp\cam_20250806_113719.jpg,C:\Users\pandya\Documents\Github\docker\Paper3_Analysis\output\SVF Output\P9\WalkG\CamUp_SVF\cam_20250806_113719_svf.jpg,True,50.81378807,4.37178391,,,,,,,,,,,,,,,
P9,WalkG,cam_20250806_113720.jpg,2025-08-06 11:37:20,CamUp,neginja_MSE_SkyViewFactor_reference_table,"24,25,25,26,26,27,27,29,29,32,32,36,36,40,41,43,44",9d4c5f0c12889fb034103b01efa54b21690d648acad08c427f81fc6d33241e03,b677f291bd6311850d8cb19c1c51cfff76b3a1e2deece82b67687ca72a30d9f8,REFERENCE_OR_CUSTOM_TABLE_NOT_MARKED_LENS_VERIFIED,542.0,240.0,240.0,True,Holmer_1992_Annular,120,None_MSE_Method_Assumed_Zenith,23.799574385761268,0.378413,68.09385623082663,1.3260370892408038,0.0,69.41989332006743,0.0,1.1369980377525357,DeepLabV3+_Xception65_ADE20K,C:\Users\pandya\OneDrive - UCL\Field experiment raw data\Complete Participantwise data\Final Data\ucm\P9\WalkG\ucm\CamUp\cam_20250806_113720.jpg,C:\Users\pandya\Documents\Github\docker\Paper3_Analysis\output\SVF Output\P9\WalkG\CamUp_SVF\cam_20250806_113720_svf.jpg,True,50.8137803,4.37175906,,,,,,,,,,,,,,,
P9,WalkG,cam_20250806_113721.jpg,2025-08-06 11:37:21,CamUp,neginja_MSE_SkyViewFactor_reference_table,"24,25,25,26,26,27,27,29,29,32,32,36,36,40,41,43,44",9d4c5f0c12889fb034103b01efa54b21690d648acad08c427f81fc6d33241e03,b677f291bd6311850d8cb19c1c51cfff76b3a1e2deece82b67687ca72a30d9f8,REFERENCE_OR_CUSTOM_TABLE_NOT_MARKED_LENS_VERIFIED,542.0,240.0,240.0,True,Holmer_1992_Annular,120,None_MSE_Method_Assumed_Zenith,23.347981096094852,0.388185,65.01008761020368,2.621120415664815,0.0,67.6312080258685,0.0,0.010502169527125998,DeepLabV3+_Xception65_ADE20K,C:\Users\pandya\OneDrive - UCL\Field experiment raw data\Complete Participantwise data\Final Data\ucm\P9\WalkG\ucm\CamUp\cam_20250806_113721.jpg,C:\Users\pandya\Documents\Github\docker\Paper3_Analysis\output\SVF Output\P9\WalkG\CamUp_SVF\cam_20250806_113721_svf.jpg,True,50.81376839,4.37173902,,,,,,,,,,,,,,,
P9,WalkG,cam_20250806_113722.jpg,2025-08-06 11:37:22,CamUp,neginja_MSE_SkyViewFactor_reference_table,"24,25,25,26,26,27,27,29,29,32,32,36,36,40,41,43,44",9d4c5f0c12889fb034103b01efa54b21690d648acad08c427f81fc6d33241e03,b677f291bd6311850d8cb19c1c51cfff76b3a1e2deece82b67687ca72a30d9f8,REFERENCE_OR_CUSTOM_TABLE_NOT_MARKED_LENS_VERIFIED,542.0,240.0,240.0,True,Holmer_1992_Annular,120,None_MSE_Method_Assumed_Zenith,21.33930298759086,0.360573,71.26330044496034,0.0,0.0,71.26330044496034,0.0,0.08070088162949451,DeepLabV3+_Xception65_ADE20K,C:\Users\pandya\OneDrive - UCL\Field experiment raw data\Complete Participantwise data\Final Data\ucm\P9\WalkG\ucm\CamUp\cam_20250806_113722.jpg,C:\Users\pandya\Documents\Github\docker\Paper3_Analysis\output\SVF Output\P9\WalkG\CamUp_SVF\cam_20250806_113722_svf.jpg,True,50.81375885,4.37172052,,,,,,,,,,,,,,,
P9,WalkG,cam_20250806_113723.jpg,2025-08-06 11:37:23,CamUp,neginja_MSE_SkyViewFactor_reference_table,"24,25,25,26,26,27,27,29,29,32,32,36,36,40,41,43,44",9d4c5f0c12889fb034103b01efa54b21690d648acad08c427f81fc6d33241e03,b677f291bd6311850d8cb19c1c51cfff76b3a1e2deece82b67687ca72a30d9f8,REFERENCE_OR_CUSTOM_TABLE_NOT_MARKED_LENS_VERIFIED,542.0,240.0,240.0,True,Holmer_1992_Annular,120,None_MSE_Method_Assumed_Zenith,18.14830168863831,0.299771,77.53199016112539,0.0,0.0,77.53199016112539,0.0,0.0,DeepLabV3+_Xception65_ADE20K,C:\Users\pandya\OneDrive - UCL\Field experiment raw data\Complete Participantwise data\Final Data\ucm\P9\WalkG\ucm\CamUp\cam_20250806_113723.jpg,C:\Users\pandya\Documents\Github\docker\Paper3_Analysis\output\SVF Output\P9\WalkG\CamUp_SVF\cam_20250806_113723_svf.jpg,True,50.81375026,4.37170188,,,,,,,,,,,,,,,
P9,WalkG,cam_20250806_113724.jpg,2025-08-06 11:37:24,CamUp,neginja_MSE_SkyViewFactor_reference_table,"24,25,25,26,26,27,27,29,29,32,32,36,36,40,41,43,44",9d4c5f0c12889fb034103b01efa54b21690d648acad08c427f81fc6d33241e03,b677f291bd6311850d8cb19c1c51cfff76b3a1e2deece82b67687ca72a30d9f8,REFERENCE_OR_CUSTOM_TABLE_NOT_MARKED_LENS_VERIFIED,542.0,240.0,240.0,True,Holmer_1992_Annular,120,None_MSE_Method_Assumed_Zenith,19.665588812425725,0.290023,71.08034159688252,4.5922118121769895,0.0,75.6725534090595,0.0,0.03979769505016168,DeepLabV3+_Xception65_ADE20K,C:\Users\pandya\OneDrive - UCL\Field experiment raw data\Complete Participantwise data\Final Data\ucm\P9\WalkG\ucm\CamUp\cam_20250806_113724.jpg,C:\Users\pandya\Documents\Github\docker\Paper3_Analysis\output\SVF Output\P9\WalkG\CamUp_SVF\cam_20250806_113724_svf.jpg,True,50.81375026,4.37170188,,,,,,,,,,,,,,,
P9,WalkG,cam_20250806_113725.jpg,2025-08-06 11:37:25,CamUp,neginja_MSE_SkyViewFactor_reference_table,"24,25,25,26,26,27,27,29,29,32,32,36,36,40,41,43,44",9d4c5f0c12889fb034103b01efa54b21690d648acad08c427f81fc6d33241e03,b677f291bd6311850d8cb19c1c51cfff76b3a1e2deece82b67687ca72a30d9f8,REFERENCE_OR_CUSTOM_TABLE_NOT_MARKED_LENS_VERIFIED,542.0,240.0,240.0,True,Holmer_1992_Annular,120,None_MSE_Method_Assumed_Zenith,18.982947793162534,0.284928,74.22325401431613,1.5714562087168007,0.0,75.79471022303292,0.0,0.17079844125694388,DeepLabV3+_Xception65_ADE20K,C:\Users\pandya\OneDrive - UCL\Field experiment raw data\Complete Participantwise data\Final Data\ucm\P9\WalkG\ucm\CamUp\cam_20250806_113725.jpg,C:\Users\pandya\Documents\Github\docker\Paper3_Analysis\output\SVF Output\P9\WalkG\CamUp_SVF\cam_20250806_113725_svf.jpg,True,50.81373906,4.37167773,,,,,,,,,,,,,,,
P9,WalkG,cam_20250806_113726.jpg,2025-08-06 11:37:26,CamUp,neginja_MSE_SkyViewFactor_reference_table,"24,25,25,26,26,27,27,29,29,32,32,36,36,40,41,43,44",9d4c5f0c12889fb034103b01efa54b21690d648acad08c427f81fc6d33241e03,b677f291bd6311850d8cb19c1c51cfff76b3a1e2deece82b67687ca72a30d9f8,REFERENCE_OR_CUSTOM_TABLE_NOT_MARKED_LENS_VERIFIED,542.0,240.0,240.0,True,Holmer_1992_Annular,120,None_MSE_Method_Assumed_Zenith,15.098250559655085,0.265694,77.37556310974767,0.0,0.0,77.37556310974767,0.0,0.6323411546859022,DeepLabV3+_Xception65_ADE20K,C:\Users\pandya\OneDrive - UCL\Field experiment raw data\Complete Participantwise data\Final Data\ucm\P9\WalkG\ucm\CamUp\cam_20250806_113726.jpg,C:\Users\pandya\Documents\Github\docker\Paper3_Analysis\output\SVF Output\P9\WalkG\CamUp_SVF\cam_20250806_113726_svf.jpg,True,50.81373886,4.37166481,,,,,,,,,,,,,,,
P9,WalkG,cam_20250806_113727.jpg,2025-08-06 11:37:27,CamUp,neginja_MSE_SkyViewFactor_reference_table,"24,25,25,26,26,27,27,29,29,32,32,36,36,40,41,43,44",9d4c5f0c12889fb034103b01efa54b21690d648acad08c427f81fc6d33241e03,b677f291bd6311850d8cb19c1c51cfff76b3a1e2deece82b67687ca72a30d9f8,REFERENCE_OR_CUSTOM_TABLE_NOT_MARKED_LENS_VERIFIED,542.0,240.0,240.0,True,Holmer_1992_Annular,120,None_MSE_Method_Assumed_Zenith,15.96661415581903,0.248489,76.80457673493078,0.0,0.0,76.80457673493078,0.0,0.0016582372937567365,DeepLabV3+_Xception65_ADE20K,C:\Users\pandya\OneDrive - UCL\Field experiment raw data\Complete Participantwise data\Final Data\ucm\P9\WalkG\ucm\CamUp\cam_20250806_113727.jpg,C:\Users\pandya\Documents\Github\docker\Paper3_Analysis\output\SVF Output\P9\WalkG\CamUp_SVF\cam_20250806_113727_svf.jpg,True,50.81373886,4.37166481,,,,,,,,,,,,,,,
P9,WalkG,cam_20250806_113728.jpg,2025-08-06 11:37:28,CamUp,neginja_MSE_SkyViewFactor_reference_table,"24,25,25,26,26,27,27,29,29,32,32,36,36,40,41,43,44",9d4c5f0c12889fb034103b01efa54b21690d648acad08c427f81fc6d33241e03,b677f291bd6311850d8cb19c1c51cfff76b3a1e2deece82b67687ca72a30d9f8,REFERENCE_OR_CUSTOM_TABLE_NOT_MARKED_LENS_VERIFIED,542.0,240.0,240.0,True,Holmer_1992_Annular,120,None_MSE_Method_Assumed_Zenith,12.587126551142802,0.203028,82.54373600862283,0.0,0.0,82.54373600862283,0.0,0.7771605450073239,DeepLabV3+_Xception65_ADE20K,C:\Users\pandya\OneDrive - UCL\Field experiment raw data\Complete Participantwise data\Final Data\ucm\P9\WalkG\ucm\CamUp\cam_20250806_113728.jpg,C:\Users\pandya\Documents\Github\docker\Paper3_Analysis\output\SVF Output\P9\WalkG\CamUp_SVF\cam_20250806_113728_svf.jpg,True,50.81373321,4.37163775,,,,,,,,,,,,,,,
P9,WalkG,cam_20250806_113729.jpg,2025-08-06 11:37:29,CamUp,neginja_MSE_SkyViewFactor_reference_table,"24,25,25,26,26,27,27,29,29,32,32,36,36,40,41,43,44",9d4c5f0c12889fb034103b01efa54b21690d648acad08c427f81fc6d33241e03,b677f291bd6311850d8cb19c1c51cfff76b3a1e2deece82b67687ca72a30d9f8,REFERENCE_OR_CUSTOM_TABLE_NOT_MARKED_LENS_VERIFIED,542.0,240.0,240.0,True,Holmer_1992_Annular,120,None_MSE_Method_Assumed_Zenith,12.838073128264654,0.189511,77.8724815521101,0.0,0.0,77.8724815521101,0.0,0.683746510792361,DeepLabV3+_Xception65_ADE20K,C:\Users\pandya\OneDrive - UCL\Field experiment raw data\Complete Participantwise data\Final Data\ucm\P9\WalkG\ucm\CamUp\cam_20250806_113729.jpg,C:\Users\pandya\Documents\Github\docker\Paper3_Analysis\output\SVF Output\P9\WalkG\CamUp_SVF\cam_20250806_113729_svf.jpg,True,50.81373251,4.37162066,,,,,,,,,,,,,,,
P9,WalkG,cam_20250806_113730.jpg,2025-08-06 11:37:30,CamUp,neginja_MSE_SkyViewFactor_reference_table,"24,25,25,26,26,27,27,29,29,32,32,36,36,40,41,43,44",9d4c5f0c12889fb034103b01efa54b21690d648acad08c427f81fc6d33241e03,b677f291bd6311850d8cb19c1c51cfff76b3a1e2deece82b67687ca72a30d9f8,REFERENCE_OR_CUSTOM_TABLE_NOT_MARKED_LENS_VERIFIED,542.0,240.0,240.0,True,Holmer_1992_Annular,120,None_MSE_Method_Assumed_Zenith,11.880717464002434,0.128733,83.83218638587182,0.0027637288229278942,0.0,83.83495011469475,0.0,0.003869220352099052,DeepLabV3+_Xception65_ADE20K,C:\Users\pandya\OneDrive - UCL\Field experiment raw data\Complete Participantwise data\Final Data\ucm\P9\WalkG\ucm\CamUp\cam_20250806_113730.jpg,C:\Users\pandya\Documents\Github\docker\Paper3_Analysis\output\SVF Output\P9\WalkG\CamUp_SVF\cam_20250806_113730_svf.jpg,True,50.81372892,4.37160331,,,,,,,,,,,,,,,
P9,WalkG,cam_20250806_113731.jpg,2025-08-06 11:37:31,CamUp,neginja_MSE_SkyViewFactor_reference_table,"24,25,25,26,26,27,27,29,29,32,32,36,36,40,41,43,44",9d4c5f0c12889fb034103b01efa54b21690d648acad08c427f81fc6d33241e03,b677f291bd6311850d8cb19c1c51cfff76b3a1e2deece82b67687ca72a30d9f8,REFERENCE_OR_CUSTOM_TABLE_NOT_MARKED_LENS_VERIFIED,542.0,240.0,240.0,True,Holmer_1992_Annular,120,None_MSE_Method_Assumed_Zenith,7.171323549733301,0.067155,87.62070585634137,0.0,0.0,87.62070585634137,0.0,0.2691871873531769,DeepLabV3+_Xception65_ADE20K,C:\Users\pandya\OneDrive - UCL\Field experiment raw data\Complete Participantwise data\Final Data\ucm\P9\WalkG\ucm\CamUp\cam_20250806_113731.jpg,C:\Users\pandya\Documents\Github\docker\Paper3_Analysis\output\SVF Output\P9\WalkG\CamUp_SVF\cam_20250806_113731_svf.jpg,True,50.81372252,4.37158714,,,,,,,,,,,,,,,
P9,WalkG,cam_20250806_113732.jpg,2025-08-06 11:37:32,CamUp,neginja_MSE_SkyViewFactor_reference_table,"24,25,25,26,26,27,27,29,29,32,32,36,36,40,41,43,44",9d4c5f0c12889fb034103b01efa54b21690d648acad08c427f81fc6d33241e03,b677f291bd6311850d8cb19c1c51cfff76b3a1e2deece82b67687ca72a30d9f8,REFERENCE_OR_CUSTOM_TABLE_NOT_MARKED_LENS_VERIFIED,542.0,240.0,240.0,True,Holmer_1992_Annular,120,None_MSE_Method_Assumed_Zenith,8.053505790011883,0.072432,85.14827405135009,0.45877898460603045,0.0,85.60705303595611,0.0,0.24486637371141143,DeepLabV3+_Xception65_ADE20K,C:\Users\pandya\OneDrive - UCL\Field experiment raw data\Complete Participantwise data\Final Data\ucm\P9\WalkG\ucm\CamUp\cam_20250806_113732.jpg,C:\Users\pandya\Documents\Github\docker\Paper3_Analysis\output\SVF Output\P9\WalkG\CamUp_SVF\cam_20250806_113732_svf.jpg,True,50.81371564,4.37157155,,,,,,,,,,,,,,,
P9,WalkG,cam_20250806_113733.jpg,2025-08-06 11:37:33,CamUp,neginja_MSE_SkyViewFactor_reference_table,"24,25,25,26,26,27,27,29,29,32,32,36,36,40,41,43,44",9d4c5f0c12889fb034103b01efa54b21690d648acad08c427f81fc6d33241e03,b677f291bd6311850d8cb19c1c51cfff76b3a1e2deece82b67687ca72a30d9f8,REFERENCE_OR_CUSTOM_TABLE_NOT_MARKED_LENS_VERIFIED,542.0,240.0,240.0,True,Holmer_1992_Annular,120,None_MSE_Method_Assumed_Zenith,3.2319044855318793,0.028898,94.9937816101484,0.0,0.0,94.9937816101484,0.0,0.1464776276151784,DeepLabV3+_Xception65_ADE20K,C:\Users\pandya\OneDrive - UCL\Field experiment raw data\Complete Participantwise data\Final Data\ucm\P9\WalkG\ucm\CamUp\cam_20250806_113733.jpg,C:\Users\pandya\Documents\Github\docker\Paper3_Analysis\output\SVF Output\P9\WalkG\CamUp_SVF\cam_20250806_113733_svf.jpg,True,50.81371564,4.37157155,,,,,,,,,,,,,,,
P9,WalkG,cam_20250806_113734.jpg,2025-08-06 11:37:34,CamUp,neginja_MSE_SkyViewFactor_reference_table,"24,25,25,26,26,27,27,29,29,32,32,36,36,40,41,43,44",9d4c5f0c12889fb034103b01efa54b21690d648acad08c427f81fc6d33241e03,b677f291bd6311850d8cb19c1c51cfff76b3a1e2deece82b67687ca72a30d9f8,REFERENCE_OR_CUSTOM_TABLE_NOT_MARKED_LENS_VERIFIED,542.0,240.0,240.0,True,Holmer_1992_Annular,120,None_MSE_Method_Assumed_Zenith,5.363844899538457,0.040656,93.54006024928833,0.24210264488848354,0.0,93.78216289417682,0.0,0.5577204764668491,DeepLabV3+_Xception65_ADE20K,C:\Users\pandya\OneDrive - UCL\Field experiment raw data\Complete Participantwise data\Final Data\ucm\P9\WalkG\ucm\CamUp\cam_20250806_113734.jpg,C:\Users\pandya\Documents\Github\docker\Paper3_Analysis\output\SVF Output\P9\WalkG\CamUp_SVF\cam_20250806_113734_svf.jpg,True,50.81370765,4.37154246,,,,,,,,,,,,,,,
P9,WalkG,cam_20250806_113735.jpg,2025-08-06 11:37:35,CamUp,neginja_MSE_SkyViewFactor_reference_table,"24,25,25,26,26,27,27,29,29,32,32,36,36,40,41,43,44",9d4c5f0c12889fb034103b01efa54b21690d648acad08c427f81fc6d33241e03,b677f291bd6311850d8cb19c1c51cfff76b3a1e2deece82b67687ca72a30d9f8,REFERENCE_OR_CUSTOM_TABLE_NOT_MARKED_LENS_VERIFIED,542.0,240.0,240.0,True,Holmer_1992_Annular,120,None_MSE_Method_Assumed_Zenith,6.362656496144599,0.053701,91.90172180305667,0.0011054915291711577,0.0,91.90282729458585,0.0,0.11276013597545809,DeepLabV3+_Xception65_ADE20K,C:\Users\pandya\OneDrive - UCL\Field experiment raw data\Complete Participantwise data\Final Data\ucm\P9\WalkG\ucm\CamUp\cam_20250806_113735.jpg,C:\Users\pandya\Documents\Github\docker\Paper3_Analysis\output\SVF Output\P9\WalkG\CamUp_SVF\cam_20250806_113735_svf.jpg,True,50.81370338,4.37152534,,,,,,,,,,,,,,,
P9,WalkG,cam_20250806_113736.jpg,2025-08-06 11:37:36,CamUp,neginja_MSE_SkyViewFactor_reference_table,"24,25,25,26,26,27,27,29,29,32,32,36,36,40,41,43,44",9d4c5f0c12889fb034103b01efa54b21690d648acad08c427f81fc6d33241e03,b677f291bd6311850d8cb19c1c51cfff76b3a1e2deece82b67687ca72a30d9f8,REFERENCE_OR_CUSTOM_TABLE_NOT_MARKED_LENS_VERIFIED,542.0,240.0,240.0,True,Holmer_1992_Annular,120,None_MSE_Method_Assumed_Zenith,7.987176298261614,0.0716,81.92355526075782,0.3006936959345549,0.0,82.22424895669238,0.0,0.03703396622723378,DeepLabV3+_Xception65_ADE20K,C:\Users\pandya\OneDrive - UCL\Field experiment raw data\Complete Participantwise data\Final Data\ucm\P9\WalkG\ucm\CamUp\cam_20250806_113736.jpg,C:\Users\pandya\Documents\Github\docker\Paper3_Analysis\output\SVF Output\P9\WalkG\CamUp_SVF\cam_20250806_113736_svf.jpg,True,50.81370019,4.37150628,,,,,,,,,,,,,,,
P9,WalkG,cam_20250806_113737.jpg,2025-08-06 11:37:37,CamUp,neginja_MSE_SkyViewFactor_reference_table,"24,25,25,26,26,27,27,29,29,32,32,36,36,40,41,43,44",9d4c5f0c12889fb034103b01efa54b21690d648acad08c427f81fc6d33241e03,b677f291bd6311850d8cb19c1c51cfff76b3a1e2deece82b67687ca72a30d9f8,REFERENCE_OR_CUSTOM_TABLE_NOT_MARKED_LENS_VERIFIED,542.0,240.0,240.0,True,Holmer_1992_Annular,120,None_MSE_Method_Assumed_Zenith,8.474698062626095,0.105712,91.21300058038305,0.29958820440538375,0.0,91.51258878478843,0.0,0.012713152585468315,DeepLabV3+_Xception65_ADE20K,C:\Users\pandya\OneDrive - UCL\Field experiment raw data\Complete Participantwise data\Final Data\ucm\P9\WalkG\ucm\CamUp\cam_20250806_113737.jpg,C:\Users\pandya\Documents\Github\docker\Paper3_Analysis\output\SVF Output\P9\WalkG\CamUp_SVF\cam_20250806_113737_svf.jpg,True,50.81370019,4.37150628,,,,,,,,,,,,,,,
P9,WalkG,cam_20250806_113738.jpg,2025-08-06 11:37:38,CamUp,neginja_MSE_SkyViewFactor_reference_table,"24,25,25,26,26,27,27,29,29,32,32,36,36,40,41,43,44",9d4c5f0c12889fb034103b01efa54b21690d648acad08c427f81fc6d33241e03,b677f291bd6311850d8cb19c1c51cfff76b3a1e2deece82b67687ca72a30d9f8,REFERENCE_OR_CUSTOM_TABLE_NOT_MARKED_LENS_VERIFIED,542.0,240.0,240.0,True,Holmer_1992_Annular,120,None_MSE_Method_Assumed_Zenith,11.714893734626758,0.159862,87.01102727800348,1.1911671226819225,0.0,88.2021944006854,0.0,0.0,DeepLabV3+_Xception65_ADE20K,C:\Users\pandya\OneDrive - UCL\Field experiment raw data\Complete Participantwise data\Final Data\ucm\P9\WalkG\ucm\CamUp\cam_20250806_113738.jpg,C:\Users\pandya\Documents\Github\docker\Paper3_Analysis\output\SVF Output\P9\WalkG\CamUp_SVF\cam_20250806_113738_svf.jpg,True,50.81369136,4.37147549,,,,,,,,,,,,,,,
P9,WalkG,cam_20250806_113739.jpg,2025-08-06 11:37:39,CamUp,neginja_MSE_SkyViewFactor_reference_table,"24,25,25,26,26,27,27,29,29,32,32,36,36,40,41,43,44",9d4c5f0c12889fb034103b01efa54b21690d648acad08c427f81fc6d33241e03,b677f291bd6311850d8cb19c1c51cfff76b3a1e2deece82b67687ca72a30d9f8,REFERENCE_OR_CUSTOM_TABLE_NOT_MARKED_LENS_VERIFIED,542.0,240.0,240.0,True,Holmer_1992_Annular,120,None_MSE_Method_Assumed_Zenith,13.180775502307712,0.171127,86.18190863112511,0.3559682723931128,0.0,86.53787690351822,0.0,0.029295525523035677,DeepLabV3+_Xception65_ADE20K,C:\Users\pandya\OneDrive - UCL\Field experiment raw data\Complete Participantwise data\Final Data\ucm\P9\WalkG\ucm\CamUp\cam_20250806_113739.jpg,C:\Users\pandya\Documents\Github\docker\Paper3_Analysis\output\SVF Output\P9\WalkG\CamUp_SVF\cam_20250806_113739_svf.jpg,True,50.8136922,4.37145939,,,,,,,,,,,,,,,
P9,WalkG,cam_20250806_113740.jpg,2025-08-06 11:37:40,CamUp,neginja_MSE_SkyViewFactor_reference_table,"24,25,25,26,26,27,27,29,29,32,32,36,36,40,41,43,44",9d4c5f0c12889fb034103b01efa54b21690d648acad08c427f81fc6d33241e03,b677f291bd6311850d8cb19c1c51cfff76b3a1e2deece82b67687ca72a30d9f8,REFERENCE_OR_CUSTOM_TABLE_NOT_MARKED_LENS_VERIFIED,542.0,240.0,240.0,True,Holmer_1992_Annular,120,None_MSE_Method_Assumed_Zenith,17.434154160793742,0.218615,79.88060691484952,2.2568609568029188,0.0,82.13746787165245,0.0,0.0,DeepLabV3+_Xception65_ADE20K,C:\Users\pandya\OneDrive - UCL\Field experiment raw data\Complete Participantwise data\Final Data\ucm\P9\WalkG\ucm\CamUp\cam_20250806_113740.jpg,C:\Users\pandya\Documents\Github\docker\Paper3_Analysis\output\SVF Output\P9\WalkG\CamUp_SVF\cam_20250806_113740_svf.jpg,True,50.81368753,4.37144173,,,,,,,,,,,,,,,
P9,WalkG,cam_20250806_113741.jpg,2025-08-06 11:37:41,CamUp,neginja_MSE_SkyViewFactor_reference_table,"24,25,25,26,26,27,27,29,29,32,32,36,36,40,41,43,44",9d4c5f0c12889fb034103b01efa54b21690d648acad08c427f81fc6d33241e03,b677f291bd6311850d8cb19c1c51cfff76b3a1e2deece82b67687ca72a30d9f8,REFERENCE_OR_CUSTOM_TABLE_NOT_MARKED_LENS_VERIFIED,542.0,240.0,240.0,True,Holmer_1992_Annular,120,None_MSE_Method_Assumed_Zenith,15.07061327142581,0.237395,84.69170604980239,0.0,0.0,84.69170604980239,0.0,0.07738440704198103,DeepLabV3+_Xception65_ADE20K,C:\Users\pandya\OneDrive - UCL\Field experiment raw data\Complete Participantwise data\Final Data\ucm\P9\WalkG\ucm\CamUp\cam_20250806_113741.jpg,C:\Users\pandya\Documents\Github\docker\Paper3_Analysis\output\SVF Output\P9\WalkG\CamUp_SVF\cam_20250806_113741_svf.jpg,True,50.81368753,4.37144173,,,,,,,,,,,,,,,
P9,WalkG,cam_20250806_113742.jpg,2025-08-06 11:37:42,CamUp,neginja_MSE_SkyViewFactor_reference_table,"24,25,25,26,26,27,27,29,29,32,32,36,36,40,41,43,44",9d4c5f0c12889fb034103b01efa54b21690d648acad08c427f81fc6d33241e03,b677f291bd6311850d8cb19c1c51cfff76b3a1e2deece82b67687ca72a30d9f8,REFERENCE_OR_CUSTOM_TABLE_NOT_MARKED_LENS_VERIFIED,542.0,240.0,240.0,True,Holmer_1992_Annular,120,None_MSE_Method_Assumed_Zenith,18.80883287731808,0.288166,80.5516402730564,0.0,0.0,80.5516402730564,0.0,0.14592488185059282,DeepLabV3+_Xception65_ADE20K,C:\Users\pandya\OneDrive - UCL\Field experiment raw data\Complete Participantwise data\Final Data\ucm\P9\WalkG\ucm\CamUp\cam_20250806_113742.jpg,C:\Users\pandya\Documents\Github\docker\Paper3_Analysis\output\SVF Output\P9\WalkG\CamUp_SVF\cam_20250806_113742_svf.jpg,True,50.81368045,4.3714037,,,,,,,,,,,,,,,
P9,WalkG,cam_20250806_113743.jpg,2025-08-06 11:37:43,CamUp,neginja_MSE_SkyViewFactor_reference_table,"24,25,25,26,26,27,27,29,29,32,32,36,36,40,41,43,44",9d4c5f0c12889fb034103b01efa54b21690d648acad08c427f81fc6d33241e03,b677f291bd6311850d8cb19c1c51cfff76b3a1e2deece82b67687ca72a30d9f8,REFERENCE_OR_CUSTOM_TABLE_NOT_MARKED_LENS_VERIFIED,542.0,240.0,240.0,True,Holmer_1992_Annular,120,None_MSE_Method_Assumed_Zenith,16.694027582013653,0.262703,83.29823397728215,0.0,0.0,83.29823397728215,0.0,0.0005527457645855789,DeepLabV3+_Xception65_ADE20K,C:\Users\pandya\OneDrive - UCL\Field experiment raw data\Complete Participantwise data\Final Data\ucm\P9\WalkG\ucm\CamUp\cam_20250806_113743.jpg,C:\Users\pandya\Documents\Github\docker\Paper3_Analysis\output\SVF Output\P9\WalkG\CamUp_SVF\cam_20250806_113743_svf.jpg,True,50.81368045,4.3714037,,,,,,,,,,,,,,,
P9,WalkG,cam_20250806_113744.jpg,2025-08-06 11:37:44,CamUp,neginja_MSE_SkyViewFactor_reference_table,"24,25,25,26,26,27,27,29,29,32,32,36,36,40,41,43,44",9d4c5f0c12889fb034103b01efa54b21690d648acad08c427f81fc6d33241e03,b677f291bd6311850d8cb19c1c51cfff76b3a1e2deece82b67687ca72a30d9f8,REFERENCE_OR_CUSTOM_TABLE_NOT_MARKED_LENS_VERIFIED,542.0,240.0,240.0,True,Holmer_1992_Annular,120,None_MSE_Method_Assumed_Zenith,22.752673907636183,0.303867,75.22372384821601,0.04753613575435978,0.0,75.27125998397037,0.0,0.05582732222314346,DeepLabV3+_Xception65_ADE20K,C:\Users\pandya\OneDrive - UCL\Field experiment raw data\Complete Participantwise data\Final Data\ucm\P9\WalkG\ucm\CamUp\cam_20250806_113744.jpg,C:\Users\pandya\Documents\Github\docker\Paper3_Analysis\output\SVF Output\P9\WalkG\CamUp_SVF\cam_20250806_113744_svf.jpg,True,50.81367263,4.37138801,,,,,,,,,,,,,,,
P9,WalkG,cam_20250806_113745.jpg,2025-08-06 11:37:45,CamUp,neginja_MSE_SkyViewFactor_reference_table,"24,25,25,26,26,27,27,29,29,32,32,36,36,40,41,43,44",9d4c5f0c12889fb034103b01efa54b21690d648acad08c427f81fc6d33241e03,b677f291bd6311850d8cb19c1c51cfff76b3a1e2deece82b67687ca72a30d9f8,REFERENCE_OR_CUSTOM_TABLE_NOT_MARKED_LENS_VERIFIED,542.0,240.0,240.0,True,Holmer_1992_Annular,120,None_MSE_Method_Assumed_Zenith,18.356686841887075,0.286077,80.90484481662659,0.0,0.0,80.90484481662659,0.0,0.22994223806760083,DeepLabV3+_Xception65_ADE20K,C:\Users\pandya\OneDrive - UCL\Field experiment raw data\Complete Participantwise data\Final Data\ucm\P9\WalkG\ucm\CamUp\cam_20250806_113745.jpg,C:\Users\pandya\Documents\Github\docker\Paper3_Analysis\output\SVF Output\P9\WalkG\CamUp_SVF\cam_20250806_113745_svf.jpg,True,50.81367129,4.3713542,,,,,,,,,,,,,,,
P9,WalkG,cam_20250806_113746.jpg,2025-08-06 11:37:46,CamUp,neginja_MSE_SkyViewFactor_reference_table,"24,25,25,26,26,27,27,29,29,32,32,36,36,40,41,43,44",9d4c5f0c12889fb034103b01efa54b21690d648acad08c427f81fc6d33241e03,b677f291bd6311850d8cb19c1c51cfff76b3a1e2deece82b67687ca72a30d9f8,REFERENCE_OR_CUSTOM_TABLE_NOT_MARKED_LENS_VERIFIED,542.0,240.0,240.0,True,Holmer_1992_Annular,120,None_MSE_Method_Assumed_Zenith,14.892629135229251,0.231527,83.09371804438548,0.0,0.0,83.09371804438548,0.0,0.0,DeepLabV3+_Xception65_ADE20K,C:\Users\pandya\OneDrive - UCL\Field experiment raw data\Complete Participantwise data\Final Data\ucm\P9\WalkG\ucm\CamUp\cam_20250806_113746.jpg,C:\Users\pandya\Documents\Github\docker\Paper3_Analysis\output\SVF Output\P9\WalkG\CamUp_SVF\cam_20250806_113746_svf.jpg,True,50.81367129,4.3713542,,,,,,,,,,,,,,,
P9,WalkG,cam_20250806_113747.jpg,2025-08-06 11:37:47,CamUp,neginja_MSE_SkyViewFactor_reference_table,"24,25,25,26,26,27,27,29,29,32,32,36,36,40,41,43,44",9d4c5f0c12889fb034103b01efa54b21690d648acad08c427f81fc6d33241e03,b677f291bd6311850d8cb19c1c51cfff76b3a1e2deece82b67687ca72a30d9f8,REFERENCE_OR_CUSTOM_TABLE_NOT_MARKED_LENS_VERIFIED,542.0,240.0,240.0,True,Holmer_1992_Annular,120,None_MSE_Method_Assumed_Zenith,11.802227565431279,0.175112,84.00630130171628,0.0,0.0,84.00630130171628,0.0,0.0027637288229278942,DeepLabV3+_Xception65_ADE20K,C:\Users\pandya\OneDrive - UCL\Field experiment raw data\Complete Participantwise data\Final Data\ucm\P9\WalkG\ucm\CamUp\cam_20250806_113747.jpg,C:\Users\pandya\Documents\Github\docker\Paper3_Analysis\output\SVF Output\P9\WalkG\CamUp_SVF\cam_20250806_113747_svf.jpg,True,50.81368026,4.37131897,,,,,,,,,,,,,,,
P9,WalkG,cam_20250806_113748.jpg,2025-08-06 11:37:48,CamUp,neginja_MSE_SkyViewFactor_reference_table,"24,25,25,26,26,27,27,29,29,32,32,36,36,40,41,43,44",9d4c5f0c12889fb034103b01efa54b21690d648acad08c427f81fc6d33241e03,b677f291bd6311850d8cb19c1c51cfff76b3a1e2deece82b67687ca72a30d9f8,REFERENCE_OR_CUSTOM_TABLE_NOT_MARKED_LENS_VERIFIED,542.0,240.0,240.0,True,Holmer_1992_Annular,120,None_MSE_Method_Assumed_Zenith,17.13567144791753,0.243198,82.4724318049913,0.0,0.0,82.4724318049913,0.0,0.0,DeepLabV3+_Xception65_ADE20K,C:\Users\pandya\OneDrive - UCL\Field experiment raw data\Complete Participantwise data\Final Data\ucm\P9\WalkG\ucm\CamUp\cam_20250806_113748.jpg,C:\Users\pandya\Documents\Github\docker\Paper3_Analysis\output\SVF Output\P9\WalkG\CamUp_SVF\cam_20250806_113748_svf.jpg,True,50.81368936,4.37130532,,,,,,,,,,,,,,,
P9,WalkG,cam_20250806_113749.jpg,2025-08-06 11:37:49,CamUp,neginja_MSE_SkyViewFactor_reference_table,"24,25,25,26,26,27,27,29,29,32,32,36,36,40,41,43,44",9d4c5f0c12889fb034103b01efa54b21690d648acad08c427f81fc6d33241e03,b677f291bd6311850d8cb19c1c51cfff76b3a1e2deece82b67687ca72a30d9f8,REFERENCE_OR_CUSTOM_TABLE_NOT_MARKED_LENS_VERIFIED,542.0,240.0,240.0,True,Holmer_1992_Annular,120,None_MSE_Method_Assumed_Zenith,16.573529005334,0.240184,82.99090733217257,0.0,0.0,82.99090733217257,0.0,0.03813945775640494,DeepLabV3+_Xception65_ADE20K,C:\Users\pandya\OneDrive - UCL\Field experiment raw data\Complete Participantwise data\Final Data\ucm\P9\WalkG\ucm\CamUp\cam_20250806_113749.jpg,C:\Users\pandya\Documents\Github\docker\Paper3_Analysis\output\SVF Output\P9\WalkG\CamUp_SVF\cam_20250806_113749_svf.jpg,True,50.81368936,4.37130532,,,,,,,,,,,,,,,
P9,WalkG,cam_20250806_113750.jpg,2025-08-06 11:37:50,CamUp,neginja_MSE_SkyViewFactor_reference_table,"24,25,25,26,26,27,27,29,29,32,32,36,36,40,41,43,44",9d4c5f0c12889fb034103b01efa54b21690d648acad08c427f81fc6d33241e03,b677f291bd6311850d8cb19c1c51cfff76b3a1e2deece82b67687ca72a30d9f8,REFERENCE_OR_CUSTOM_TABLE_NOT_MARKED_LENS_VERIFIED,542.0,240.0,240.0,True,Holmer_1992_Annular,120,None_MSE_Method_Assumed_Zenith,15.113727441063482,0.206252,81.36638753005555,0.0,0.0,81.36638753005555,0.0,0.0812536273940801,DeepLabV3+_Xception65_ADE20K,C:\Users\pandya\OneDrive - UCL\Field experiment raw data\Complete Participantwise data\Final Data\ucm\P9\WalkG\ucm\CamUp\cam_20250806_113750.jpg,C:\Users\pandya\Documents\Github\docker\Paper3_Analysis\output\SVF Output\P9\WalkG\CamUp_SVF\cam_20250806_113750_svf.jpg,True,50.81370957,4.3712755,,,,,,,,,,,,,,,
P9,WalkG,cam_20250806_113751.jpg,2025-08-06 11:37:51,CamUp,neginja_MSE_SkyViewFactor_reference_table,"24,25,25,26,26,27,27,29,29,32,32,36,36,40,41,43,44",9d4c5f0c12889fb034103b01efa54b21690d648acad08c427f81fc6d33241e03,b677f291bd6311850d8cb19c1c51cfff76b3a1e2deece82b67687ca72a30d9f8,REFERENCE_OR_CUSTOM_TABLE_NOT_MARKED_LENS_VERIFIED,542.0,240.0,240.0,True,Holmer_1992_Annular,120,None_MSE_Method_Assumed_Zenith,18.995108199983417,0.255678,79.9657297625957,0.0,0.0,79.9657297625957,0.0,0.007738440704198104,DeepLabV3+_Xception65_ADE20K,C:\Users\pandya\OneDrive - UCL\Field experiment raw data\Complete Participantwise data\Final Data\ucm\P9\WalkG\ucm\CamUp\cam_20250806_113751.jpg,C:\Users\pandya\Documents\Github\docker\Paper3_Analysis\output\SVF Output\P9\WalkG\CamUp_SVF\cam_20250806_113751_svf.jpg,True,50.81371219,4.37125871,,,,,,,,,,,,,,,
P9,WalkG,cam_20250806_113752.jpg,2025-08-06 11:37:52,CamUp,neginja_MSE_SkyViewFactor_reference_table,"24,25,25,26,26,27,27,29,29,32,32,36,36,40,41,43,44",9d4c5f0c12889fb034103b01efa54b21690d648acad08c427f81fc6d33241e03,b677f291bd6311850d8cb19c1c51cfff76b3a1e2deece82b67687ca72a30d9f8,REFERENCE_OR_CUSTOM_TABLE_NOT_MARKED_LENS_VERIFIED,542.0,240.0,240.0,True,Holmer_1992_Annular,120,None_MSE_Method_Assumed_Zenith,20.877207528397314,0.27212,78.78561755520548,0.006080203410441368,0.0,78.79169775861592,0.0,0.0,DeepLabV3+_Xception65_ADE20K,C:\Users\pandya\OneDrive - UCL\Field experiment raw data\Complete Participantwise data\Final Data\ucm\P9\WalkG\ucm\CamUp\cam_20250806_113752.jpg,C:\Users\pandya\Documents\Github\docker\Paper3_Analysis\output\SVF Output\P9\WalkG\CamUp_SVF\cam_20250806_113752_svf.jpg,True,50.81371219,4.37125871,,,,,,,,,,,,,,,
P9,WalkG,cam_20250806_113753.jpg,2025-08-06 11:37:53,CamUp,neginja_MSE_SkyViewFactor_reference_table,"24,25,25,26,26,27,27,29,29,32,32,36,36,40,41,43,44",9d4c5f0c12889fb034103b01efa54b21690d648acad08c427f81fc6d33241e03,b677f291bd6311850d8cb19c1c51cfff76b3a1e2deece82b67687ca72a30d9f8,REFERENCE_OR_CUSTOM_TABLE_NOT_MARKED_LENS_VERIFIED,542.0,240.0,240.0,True,Holmer_1992_Annular,120,None_MSE_Method_Assumed_Zenith,20.215570848188374,0.27241,78.19252134980516,0.007738440704198104,0.0,78.20025979050936,0.0,0.20838515324876325,DeepLabV3+_Xception65_ADE20K,C:\Users\pandya\OneDrive - UCL\Field experiment raw data\Complete Participantwise data\Final Data\ucm\P9\WalkG\ucm\CamUp\cam_20250806_113753.jpg,C:\Users\pandya\Documents\Github\docker\Paper3_Analysis\output\SVF Output\P9\WalkG\CamUp_SVF\cam_20250806_113753_svf.jpg,True,50.8137152,4.37122632,,,,,,,,,,,,,,,
P9,WalkG,cam_20250806_113754.jpg,2025-08-06 11:37:54,CamUp,neginja_MSE_SkyViewFactor_reference_table,"24,25,25,26,26,27,27,29,29,32,32,36,36,40,41,43,44",9d4c5f0c12889fb034103b01efa54b21690d648acad08c427f81fc6d33241e03,b677f291bd6311850d8cb19c1c51cfff76b3a1e2deece82b67687ca72a30d9f8,REFERENCE_OR_CUSTOM_TABLE_NOT_MARKED_LENS_VERIFIED,542.0,240.0,240.0,True,Holmer_1992_Annular,120,None_MSE_Method_Assumed_Zenith,17.171599922615595,0.244124,82.460824143935,0.0,0.0,82.460824143935,0.0,0.27582013652820386,DeepLabV3+_Xception65_ADE20K,C:\Users\pandya\OneDrive - UCL\Field experiment raw data\Complete Participantwise data\Final Data\ucm\P9\WalkG\ucm\CamUp\cam_20250806_113754.jpg,C:\Users\pandya\Documents\Github\docker\Paper3_Analysis\output\SVF Output\P9\WalkG\CamUp_SVF\cam_20250806_113754_svf.jpg,True,50.8137152,4.37122632,,,,,,,,,,,,,,,
P9,WalkG,cam_20250806_113755.jpg,2025-08-06 11:37:55,CamUp,neginja_MSE_SkyViewFactor_reference_table,"24,25,25,26,26,27,27,29,29,32,32,36,36,40,41,43,44",9d4c5f0c12889fb034103b01efa54b21690d648acad08c427f81fc6d33241e03,b677f291bd6311850d8cb19c1c51cfff76b3a1e2deece82b67687ca72a30d9f8,REFERENCE_OR_CUSTOM_TABLE_NOT_MARKED_LENS_VERIFIED,542.0,240.0,240.0,True,Holmer_1992_Annular,120,None_MSE_Method_Assumed_Zenith,16.58845314097781,0.239059,82.93673824724318,0.0,0.0,82.93673824724318,0.0,0.028742779758450104,DeepLabV3+_Xception65_ADE20K,C:\Users\pandya\OneDrive - UCL\Field experiment raw data\Complete Participantwise data\Final Data\ucm\P9\WalkG\ucm\CamUp\cam_20250806_113755.jpg,C:\Users\pandya\Documents\Github\docker\Paper3_Analysis\output\SVF Output\P9\WalkG\CamUp_SVF\cam_20250806_113755_svf.jpg,True,50.81371581,4.37120601,,,,,,,,,,,,,,,
P9,WalkG,cam_20250806_113756.jpg,2025-08-06 11:37:56,CamUp,neginja_MSE_SkyViewFactor_reference_table,"24,25,25,26,26,27,27,29,29,32,32,36,36,40,41,43,44",9d4c5f0c12889fb034103b01efa54b21690d648acad08c427f81fc6d33241e03,b677f291bd6311850d8cb19c1c51cfff76b3a1e2deece82b67687ca72a30d9f8,REFERENCE_OR_CUSTOM_TABLE_NOT_MARKED_LENS_VERIFIED,542.0,240.0,240.0,True,Holmer_1992_Annular,120,None_MSE_Method_Assumed_Zenith,11.095265732526324,0.136001,83.75424923306525,0.0,0.0,83.75424923306525,0.0,0.37697261144736477,DeepLabV3+_Xception65_ADE20K,C:\Users\pandya\OneDrive - UCL\Field experiment raw data\Complete Participantwise data\Final Data\ucm\P9\WalkG\ucm\CamUp\cam_20250806_113756.jpg,C:\Users\pandya\Documents\Github\docker\Paper3_Analysis\output\SVF Output\P9\WalkG\CamUp_SVF\cam_20250806_113756_svf.jpg,True,50.81371456,4.37117377,,,,,,,,,,,,,,,
P9,WalkG,cam_20250806_113757.jpg,2025-08-06 11:37:57,CamUp,neginja_MSE_SkyViewFactor_reference_table,"24,25,25,26,26,27,27,29,29,32,32,36,36,40,41,43,44",9d4c5f0c12889fb034103b01efa54b21690d648acad08c427f81fc6d33241e03,b677f291bd6311850d8cb19c1c51cfff76b3a1e2deece82b67687ca72a30d9f8,REFERENCE_OR_CUSTOM_TABLE_NOT_MARKED_LENS_VERIFIED,542.0,240.0,240.0,True,Holmer_1992_Annular,120,None_MSE_Method_Assumed_Zenith,12.896111433546139,0.131788,86.30738191968604,0.0,0.0,86.30738191968604,0.0,0.1542160683193765,DeepLabV3+_Xception65_ADE20K,C:\Users\pandya\OneDrive - UCL\Field experiment raw data\Complete Participantwise data\Final Data\ucm\P9\WalkG\ucm\CamUp\cam_20250806_113757.jpg,C:\Users\pandya\Documents\Github\docker\Paper3_Analysis\output\SVF Output\P9\WalkG\CamUp_SVF\cam_20250806_113757_svf.jpg,True,50.81370774,4.37115989,,,,,,,,,,,,,,,
P9,WalkG,cam_20250806_113758.jpg,2025-08-06 11:37:58,CamUp,neginja_MSE_SkyViewFactor_reference_table,"24,25,25,26,26,27,27,29,29,32,32,36,36,40,41,43,44",9d4c5f0c12889fb034103b01efa54b21690d648acad08c427f81fc6d33241e03,b677f291bd6311850d8cb19c1c51cfff76b3a1e2deece82b67687ca72a30d9f8,REFERENCE_OR_CUSTOM_TABLE_NOT_MARKED_LENS_VERIFIED,542.0,240.0,240.0,True,Holmer_1992_Annular,120,None_MSE_Method_Assumed_Zenith,10.210319763424813,0.107718,88.12149351905592,0.0,0.0,88.12149351905592,0.0,0.8998701047453224,DeepLabV3+_Xception65_ADE20K,C:\Users\pandya\OneDrive - UCL\Field experiment raw data\Complete Participantwise data\Final Data\ucm\P9\WalkG\ucm\CamUp\cam_20250806_113758.jpg,C:\Users\pandya\Documents\Github\docker\Paper3_Analysis\output\SVF Output\P9\WalkG\CamUp_SVF\cam_20250806_113758_svf.jpg,True,50.81370222,4.37114469,,,,,,,,,,,,,,,
P9,WalkG,cam_20250806_113759.jpg,2025-08-06 11:37:59,CamUp,neginja_MSE_SkyViewFactor_reference_table,"24,25,25,26,26,27,27,29,29,32,32,36,36,40,41,43,44",9d4c5f0c12889fb034103b01efa54b21690d648acad08c427f81fc6d33241e03,b677f291bd6311850d8cb19c1c51cfff76b3a1e2deece82b67687ca72a30d9f8,REFERENCE_OR_CUSTOM_TABLE_NOT_MARKED_LENS_VERIFIED,542.0,240.0,240.0,True,Holmer_1992_Annular,120,None_MSE_Method_Assumed_Zenith,9.362960506315119,0.089971,89.87811955890888,0.0,0.0,89.87811955890888,0.0,0.71138379902164,DeepLabV3+_Xception65_ADE20K,C:\Users\pandya\OneDrive - UCL\Field experiment raw data\Complete Participantwise data\Final Data\ucm\P9\WalkG\ucm\CamUp\cam_20250806_113759.jpg,C:\Users\pandya\Documents\Github\docker\Paper3_Analysis\output\SVF Output\P9\WalkG\CamUp_SVF\cam_20250806_113759_svf.jpg,True,50.81369771,4.37112786,,,,,,,,,,,,,,,
P9,WalkG,cam_20250806_113800.jpg,2025-08-06 11:38:00,CamUp,neginja_MSE_SkyViewFactor_reference_table,"24,25,25,26,26,27,27,29,29,32,32,36,36,40,41,43,44",9d4c5f0c12889fb034103b01efa54b21690d648acad08c427f81fc6d33241e03,b677f291bd6311850d8cb19c1c51cfff76b3a1e2deece82b67687ca72a30d9f8,REFERENCE_OR_CUSTOM_TABLE_NOT_MARKED_LENS_VERIFIED,542.0,240.0,240.0,True,Holmer_1992_Annular,120,None_MSE_Method_Assumed_Zenith,8.843379487604675,0.0841,90.52593759500319,0.0,0.0,90.52593759500319,0.0,0.308432136638753,DeepLabV3+_Xception65_ADE20K,C:\Users\pandya\OneDrive - UCL\Field experiment raw data\Complete Participantwise data\Final Data\ucm\P9\WalkG\ucm\CamUp\cam_20250806_113800.jpg,C:\Users\pandya\Documents\Github\docker\Paper3_Analysis\output\SVF Output\P9\WalkG\CamUp_SVF\cam_20250806_113800_svf.jpg,True,50.81369474,4.37111186,,,,,,,,,,,,,,,
P9,WalkG,cam_20250806_113801.jpg,2025-08-06 11:38:01,CamUp,neginja_MSE_SkyViewFactor_reference_table,"24,25,25,26,26,27,27,29,29,32,32,36,36,40,41,43,44",9d4c5f0c12889fb034103b01efa54b21690d648acad08c427f81fc6d33241e03,b677f291bd6311850d8cb19c1c51cfff76b3a1e2deece82b67687ca72a30d9f8,REFERENCE_OR_CUSTOM_TABLE_NOT_MARKED_LENS_VERIFIED,542.0,240.0,240.0,True,Holmer_1992_Annular,120,None_MSE_Method_Assumed_Zenith,6.40742890307603,0.072345,93.06193516292181,0.0,0.0,93.06193516292181,0.0,0.5306359340021557,DeepLabV3+_Xception65_ADE20K,C:\Users\pandya\OneDrive - UCL\Field experiment raw data\Complete Participantwise data\Final Data\ucm\P9\WalkG\ucm\CamUp\cam_20250806_113801.jpg,C:\Users\pandya\Documents\Github\docker\Paper3_Analysis\output\SVF Output\P9\WalkG\CamUp_SVF\cam_20250806_113801_svf.jpg,True,50.81369233,4.37109583,,,,,,,,,,,,,,,
P9,WalkG,cam_20250806_113802.jpg,2025-08-06 11:38:02,CamUp,neginja_MSE_SkyViewFactor_reference_table,"24,25,25,26,26,27,27,29,29,32,32,36,36,40,41,43,44",9d4c5f0c12889fb034103b01efa54b21690d648acad08c427f81fc6d33241e03,b677f291bd6311850d8cb19c1c51cfff76b3a1e2deece82b67687ca72a30d9f8,REFERENCE_OR_CUSTOM_TABLE_NOT_MARKED_LENS_VERIFIED,542.0,240.0,240.0,True,Holmer_1992_Annular,120,None_MSE_Method_Assumed_Zenith,6.210098665118979,0.046581,89.60174667661609,3.874195063980322,0.0,93.47594174059641,0.0,0.16416549208191691,DeepLabV3+_Xception65_ADE20K,C:\Users\pandya\OneDrive - UCL\Field experiment raw data\Complete Participantwise data\Final Data\ucm\P9\WalkG\ucm\CamUp\cam_20250806_113802.jpg,C:\Users\pandya\Documents\Github\docker\Paper3_Analysis\output\SVF Output\P9\WalkG\CamUp_SVF\cam_20250806_113802_svf.jpg,True,50.81369233,4.37109583,,,,,,,,,,,,,,,
P9,WalkG,cam_20250806_113803.jpg,2025-08-06 11:38:03,CamUp,neginja_MSE_SkyViewFactor_reference_table,"24,25,25,26,26,27,27,29,29,32,32,36,36,40,41,43,44",9d4c5f0c12889fb034103b01efa54b21690d648acad08c427f81fc6d33241e03,b677f291bd6311850d8cb19c1c51cfff76b3a1e2deece82b67687ca72a30d9f8,REFERENCE_OR_CUSTOM_TABLE_NOT_MARKED_LENS_VERIFIED,542.0,240.0,240.0,True,Holmer_1992_Annular,120,None_MSE_Method_Assumed_Zenith,4.970289915153526,0.042234,84.53140977807257,0.5112898322416604,0.0,85.04269961031423,0.0,0.45767349307685934,DeepLabV3+_Xception65_ADE20K,C:\Users\pandya\OneDrive - UCL\Field experiment raw data\Complete Participantwise data\Final Data\ucm\P9\WalkG\ucm\CamUp\cam_20250806_113803.jpg,C:\Users\pandya\Documents\Github\docker\Paper3_Analysis\output\SVF Output\P9\WalkG\CamUp_SVF\cam_20250806_113803_svf.jpg,True,50.81368794,4.37108072,,,,,,,,,,,,,,,
P9,WalkG,cam_20250806_113804.jpg,2025-08-06 11:38:04,CamUp,neginja_MSE_SkyViewFactor_reference_table,"24,25,25,26,26,27,27,29,29,32,32,36,36,40,41,43,44",9d4c5f0c12889fb034103b01efa54b21690d648acad08c427f81fc6d33241e03,b677f291bd6311850d8cb19c1c51cfff76b3a1e2deece82b67687ca72a30d9f8,REFERENCE_OR_CUSTOM_TABLE_NOT_MARKED_LENS_VERIFIED,542.0,240.0,240.0,True,Holmer_1992_Annular,120,None_MSE_Method_Assumed_Zenith,5.8231766299090735,0.046198,94.14697509880331,0.0,0.0,94.14697509880331,0.0,0.0,DeepLabV3+_Xception65_ADE20K,C:\Users\pandya\OneDrive - UCL\Field experiment raw data\Complete Participantwise data\Final Data\ucm\P9\WalkG\ucm\CamUp\cam_20250806_113804.jpg,C:\Users\pandya\Documents\Github\docker\Paper3_Analysis\output\SVF Output\P9\WalkG\CamUp_SVF\cam_20250806_113804_svf.jpg,True,50.81367695,4.37104271,,,,,,,,,,,,,,,
P9,WalkG,cam_20250806_113805.jpg,2025-08-06 11:38:05,CamUp,neginja_MSE_SkyViewFactor_reference_table,"24,25,25,26,26,27,27,29,29,32,32,36,36,40,41,43,44",9d4c5f0c12889fb034103b01efa54b21690d648acad08c427f81fc6d33241e03,b677f291bd6311850d8cb19c1c51cfff76b3a1e2deece82b67687ca72a30d9f8,REFERENCE_OR_CUSTOM_TABLE_NOT_MARKED_LENS_VERIFIED,542.0,240.0,240.0,True,Holmer_1992_Annular,120,None_MSE_Method_Assumed_Zenith,3.781333775529945,0.023935,96.21866622447006,0.0,0.0,96.21866622447006,0.0,0.0,DeepLabV3+_Xception65_ADE20K,C:\Users\pandya\OneDrive - UCL\Field experiment raw data\Complete Participantwise data\Final Data\ucm\P9\WalkG\ucm\CamUp\cam_20250806_113805.jpg,C:\Users\pandya\Documents\Github\docker\Paper3_Analysis\output\SVF Output\P9\WalkG\CamUp_SVF\cam_20250806_113805_svf.jpg,True,50.81367435,4.37102349,,,,,,,,,,,,,,,
P9,WalkG,cam_20250806_113806.jpg,2025-08-06 11:38:06,CamUp,neginja_MSE_SkyViewFactor_reference_table,"24,25,25,26,26,27,27,29,29,32,32,36,36,40,41,43,44",9d4c5f0c12889fb034103b01efa54b21690d648acad08c427f81fc6d33241e03,b677f291bd6311850d8cb19c1c51cfff76b3a1e2deece82b67687ca72a30d9f8,REFERENCE_OR_CUSTOM_TABLE_NOT_MARKED_LENS_VERIFIED,542.0,240.0,240.0,True,Holmer_1992_Annular,120,None_MSE_Method_Assumed_Zenith,3.6348561479147667,0.017122,96.36514385208524,0.0,0.0,96.36514385208524,0.0,0.0,DeepLabV3+_Xception65_ADE20K,C:\Users\pandya\OneDrive - UCL\Field experiment raw data\Complete Participantwise data\Final Data\ucm\P9\WalkG\ucm\CamUp\cam_20250806_113806.jpg,C:\Users\pandya\Documents\Github\docker\Paper3_Analysis\output\SVF Output\P9\WalkG\CamUp_SVF\cam_20250806_113806_svf.jpg,True,50.81367305,4.37100316,,,,,,,,,,,,,,,
P9,WalkG,cam_20250806_113807.jpg,2025-08-06 11:38:07,CamUp,neginja_MSE_SkyViewFactor_reference_table,"24,25,25,26,26,27,27,29,29,32,32,36,36,40,41,43,44",9d4c5f0c12889fb034103b01efa54b21690d648acad08c427f81fc6d33241e03,b677f291bd6311850d8cb19c1c51cfff76b3a1e2deece82b67687ca72a30d9f8,REFERENCE_OR_CUSTOM_TABLE_NOT_MARKED_LENS_VERIFIED,542.0,240.0,240.0,True,Holmer_1992_Annular,120,None_MSE_Method_Assumed_Zenith,2.641572008954481,0.01264,97.06547273581516,0.0,0.0,97.06547273581516,0.0,0.0,DeepLabV3+_Xception65_ADE20K,C:\Users\pandya\OneDrive - UCL\Field experiment raw data\Complete Participantwise data\Final Data\ucm\P9\WalkG\ucm\CamUp\cam_20250806_113807.jpg,C:\Users\pandya\Documents\Github\docker\Paper3_Analysis\output\SVF Output\P9\WalkG\CamUp_SVF\cam_20250806_113807_svf.jpg,True,50.81367305,4.37100316,,,,,,,,,,,,,,,
P9,WalkG,cam_20250806_113808.jpg,2025-08-06 11:38:08,CamUp,neginja_MSE_SkyViewFactor_reference_table,"24,25,25,26,26,27,27,29,29,32,32,36,36,40,41,43,44",9d4c5f0c12889fb034103b01efa54b21690d648acad08c427f81fc6d33241e03,b677f291bd6311850d8cb19c1c51cfff76b3a1e2deece82b67687ca72a30d9f8,REFERENCE_OR_CUSTOM_TABLE_NOT_MARKED_LENS_VERIFIED,542.0,240.0,240.0,True,Holmer_1992_Annular,120,None_MSE_Method_Assumed_Zenith,4.64969737169389,0.032033,94.14697509880331,0.0,0.0,94.14697509880331,0.0,0.0,DeepLabV3+_Xception65_ADE20K,C:\Users\pandya\OneDrive - UCL\Field experiment raw data\Complete Participantwise data\Final Data\ucm\P9\WalkG\ucm\CamUp\cam_20250806_113808.jpg,C:\Users\pandya\Documents\Github\docker\Paper3_Analysis\output\SVF Output\P9\WalkG\CamUp_SVF\cam_20250806_113808_svf.jpg,True,50.81367829,4.37096124,,,,,,,,,,,,,,,
P9,WalkG,cam_20250806_113809.jpg,2025-08-06 11:38:09,CamUp,neginja_MSE_SkyViewFactor_reference_table,"24,25,25,26,26,27,27,29,29,32,32,36,36,40,41,43,44",9d4c5f0c12889fb034103b01efa54b21690d648acad08c427f81fc6d33241e03,b677f291bd6311850d8cb19c1c51cfff76b3a1e2deece82b67687ca72a30d9f8,REFERENCE_OR_CUSTOM_TABLE_NOT_MARKED_LENS_VERIFIED,542.0,240.0,240.0,True,Holmer_1992_Annular,120,None_MSE_Method_Assumed_Zenith,3.292706519636293,0.01208,95.775916867037,0.0,0.0,95.775916867037,0.0,0.0,DeepLabV3+_Xception65_ADE20K,C:\Users\pandya\OneDrive - UCL\Field experiment raw data\Complete Participantwise data\Final Data\ucm\P9\WalkG\ucm\CamUp\cam_20250806_113809.jpg,C:\Users\pandya\Documents\Github\docker\Paper3_Analysis\output\SVF Output\P9\WalkG\CamUp_SVF\cam_20250806_113809_svf.jpg,True,50.81368276,4.37094924,,,,,,,,,,,,,,,
P9,WalkG,cam_20250806_113810.jpg,2025-08-06 11:38:10,CamUp,neginja_MSE_SkyViewFactor_reference_table,"24,25,25,26,26,27,27,29,29,32,32,36,36,40,41,43,44",9d4c5f0c12889fb034103b01efa54b21690d648acad08c427f81fc6d33241e03,b677f291bd6311850d8cb19c1c51cfff76b3a1e2deece82b67687ca72a30d9f8,REFERENCE_OR_CUSTOM_TABLE_NOT_MARKED_LENS_VERIFIED,542.0,240.0,240.0,True,Holmer_1992_Annular,120,None_MSE_Method_Assumed_Zenith,4.7270817787358705,0.026406,95.27291822126412,0.0,0.0,95.27291822126412,0.0,0.0,DeepLabV3+_Xception65_ADE20K,C:\Users\pandya\OneDrive - UCL\Field experiment raw data\Complete Participantwise data\Final Data\ucm\P9\WalkG\ucm\CamUp\cam_20250806_113810.jpg,C:\Users\pandya\Documents\Github\docker\Paper3_Analysis\output\SVF Output\P9\WalkG\CamUp_SVF\cam_20250806_113810_svf.jpg,True,50.81368276,4.37094924,,,,,,,,,,,,,,,
P9,WalkG,cam_20250806_113811.jpg,2025-08-06 11:38:11,CamUp,neginja_MSE_SkyViewFactor_reference_table,"24,25,25,26,26,27,27,29,29,32,32,36,36,40,41,43,44",9d4c5f0c12889fb034103b01efa54b21690d648acad08c427f81fc6d33241e03,b677f291bd6311850d8cb19c1c51cfff76b3a1e2deece82b67687ca72a30d9f8,REFERENCE_OR_CUSTOM_TABLE_NOT_MARKED_LENS_VERIFIED,542.0,240.0,240.0,True,Holmer_1992_Annular,120,None_MSE_Method_Assumed_Zenith,6.7600807008816295,0.044865,93.23991929911837,0.0,0.0,93.23991929911837,0.0,0.0,DeepLabV3+_Xception65_ADE20K,C:\Users\pandya\OneDrive - UCL\Field experiment raw data\Complete Participantwise data\Final Data\ucm\P9\WalkG\ucm\CamUp\cam_20250806_113811.jpg,C:\Users\pandya\Documents\Github\docker\Paper3_Analysis\output\SVF Output\P9\WalkG\CamUp_SVF\cam_20250806_113811_svf.jpg,True,50.81367878,4.37091095,,,,,,,,,,,,,,,
P9,WalkG,cam_20250806_113812.jpg,2025-08-06 11:38:12,CamUp,neginja_MSE_SkyViewFactor_reference_table,"24,25,25,26,26,27,27,29,29,32,32,36,36,40,41,43,44",9d4c5f0c12889fb034103b01efa54b21690d648acad08c427f81fc6d33241e03,b677f291bd6311850d8cb19c1c51cfff76b3a1e2deece82b67687ca72a30d9f8,REFERENCE_OR_CUSTOM_TABLE_NOT_MARKED_LENS_VERIFIED,542.0,240.0,240.0,True,Holmer_1992_Annular,120,None_MSE_Method_Assumed_Zenith,6.555564767984966,0.043334,92.82425448415002,0.0,0.0,92.82425448415002,0.0,0.0,DeepLabV3+_Xception65_ADE20K,C:\Users\pandya\OneDrive - UCL\Field experiment raw data\Complete Participantwise data\Final Data\ucm\P9\WalkG\ucm\CamUp\cam_20250806_113812.jpg,C:\Users\pandya\Documents\Github\docker\Paper3_Analysis\output\SVF Output\P9\WalkG\CamUp_SVF\cam_20250806_113812_svf.jpg,True,50.81368056,4.37088529,,,,,,,,,,,,,,,
P9,WalkG,cam_20250806_113813.jpg,2025-08-06 11:38:13,CamUp,neginja_MSE_SkyViewFactor_reference_table,"24,25,25,26,26,27,27,29,29,32,32,36,36,40,41,43,44",9d4c5f0c12889fb034103b01efa54b21690d648acad08c427f81fc6d33241e03,b677f291bd6311850d8cb19c1c51cfff76b3a1e2deece82b67687ca72a30d9f8,REFERENCE_OR_CUSTOM_TABLE_NOT_MARKED_LENS_VERIFIED,542.0,240.0,240.0,True,Holmer_1992_Annular,120,None_MSE_Method_Assumed_Zenith,5.352237238482161,0.034729,94.64776276151784,0.0,0.0,94.64776276151784,0.0,0.0,DeepLabV3+_Xception65_ADE20K,C:\Users\pandya\OneDrive - UCL\Field experiment raw data\Complete Participantwise data\Final Data\ucm\P9\WalkG\ucm\CamUp\cam_20250806_113813.jpg,C:\Users\pandya\Documents\Github\docker\Paper3_Analysis\output\SVF Output\P9\WalkG\CamUp_SVF\cam_20250806_113813_svf.jpg,True,50.81368056,4.37088529,,,,,,,,,,,,,,,
P9,WalkG,cam_20250806_113814.jpg,2025-08-06 11:38:14,CamUp,neginja_MSE_SkyViewFactor_reference_table,"24,25,25,26,26,27,27,29,29,32,32,36,36,40,41,43,44",9d4c5f0c12889fb034103b01efa54b21690d648acad08c427f81fc6d33241e03,b677f291bd6311850d8cb19c1c51cfff76b3a1e2deece82b67687ca72a30d9f8,REFERENCE_OR_CUSTOM_TABLE_NOT_MARKED_LENS_VERIFIED,542.0,240.0,240.0,True,Holmer_1992_Annular,120,None_MSE_Method_Assumed_Zenith,5.870160019898848,0.047752,92.94585855235884,0.0,0.0,92.94585855235884,0.0,0.0,DeepLabV3+_Xception65_ADE20K,C:\Users\pandya\OneDrive - UCL\Field experiment raw data\Complete Participantwise data\Final Data\ucm\P9\WalkG\ucm\CamUp\cam_20250806_113814.jpg,C:\Users\pandya\Documents\Github\docker\Paper3_Analysis\output\SVF Output\P9\WalkG\CamUp_SVF\cam_20250806_113814_svf.jpg,True,50.813764,4.370993,,,,,,,,,,,,,,,
P9,WalkG,cam_20250806_113815.jpg,2025-08-06 11:38:15,CamUp,neginja_MSE_SkyViewFactor_reference_table,"24,25,25,26,26,27,27,29,29,32,32,36,36,40,41,43,44",9d4c5f0c12889fb034103b01efa54b21690d648acad08c427f81fc6d33241e03,b677f291bd6311850d8cb19c1c51cfff76b3a1e2deece82b67687ca72a30d9f8,REFERENCE_OR_CUSTOM_TABLE_NOT_MARKED_LENS_VERIFIED,542.0,240.0,240.0,True,Holmer_1992_Annular,120,None_MSE_Method_Assumed_Zenith,3.9714783185473843,0.031284,95.81239808749964,0.0,0.0,95.81239808749964,0.0,0.004421966116684631,DeepLabV3+_Xception65_ADE20K,C:\Users\pandya\OneDrive - UCL\Field experiment raw data\Complete Participantwise data\Final Data\ucm\P9\WalkG\ucm\CamUp\cam_20250806_113815.jpg,C:\Users\pandya\Documents\Github\docker\Paper3_Analysis\output\SVF Output\P9\WalkG\CamUp_SVF\cam_20250806_113815_svf.jpg,True,50.813764,4.370978,,,,,,,,,,,,,,,
P9,WalkG,cam_20250806_113816.jpg,2025-08-06 11:38:16,CamUp,neginja_MSE_SkyViewFactor_reference_table,"24,25,25,26,26,27,27,29,29,32,32,36,36,40,41,43,44",9d4c5f0c12889fb034103b01efa54b21690d648acad08c427f81fc6d33241e03,b677f291bd6311850d8cb19c1c51cfff76b3a1e2deece82b67687ca72a30d9f8,REFERENCE_OR_CUSTOM_TABLE_NOT_MARKED_LENS_VERIFIED,542.0,240.0,240.0,True,Holmer_1992_Annular,120,None_MSE_Method_Assumed_Zenith,5.327363679075809,0.040878,94.67263632092418,0.0,0.0,94.67263632092418,0.0,0.0,DeepLabV3+_Xception65_ADE20K,C:\Users\pandya\OneDrive - UCL\Field experiment raw data\Complete Participantwise data\Final Data\ucm\P9\WalkG\ucm\CamUp\cam_20250806_113816.jpg,C:\Users\pandya\Documents\Github\docker\Paper3_Analysis\output\SVF Output\P9\WalkG\CamUp_SVF\cam_20250806_113816_svf.jpg,True,50.813667,4.37083235,,,,,,,,,,,,,,,
P9,WalkG,cam_20250806_113817.jpg,2025-08-06 11:38:17,CamUp,neginja_MSE_SkyViewFactor_reference_table,"24,25,25,26,26,27,27,29,29,32,32,36,36,40,41,43,44",9d4c5f0c12889fb034103b01efa54b21690d648acad08c427f81fc6d33241e03,b677f291bd6311850d8cb19c1c51cfff76b3a1e2deece82b67687ca72a30d9f8,REFERENCE_OR_CUSTOM_TABLE_NOT_MARKED_LENS_VERIFIED,542.0,240.0,240.0,True,Holmer_1992_Annular,120,None_MSE_Method_Assumed_Zenith,4.439101235386784,0.043726,95.55979327308405,0.0,0.0,95.55979327308405,0.0,0.0011054915291711577,DeepLabV3+_Xception65_ADE20K,C:\Users\pandya\OneDrive - UCL\Field experiment raw data\Complete Participantwise data\Final Data\ucm\P9\WalkG\ucm\CamUp\cam_20250806_113817.jpg,C:\Users\pandya\Documents\Github\docker\Paper3_Analysis\output\SVF Output\P9\WalkG\CamUp_SVF\cam_20250806_113817_svf.jpg,True,50.813756,4.370958,,,,,,,,,,,,,,,
P9,WalkG,cam_20250806_113818.jpg,2025-08-06 11:38:18,CamUp,neginja_MSE_SkyViewFactor_reference_table,"24,25,25,26,26,27,27,29,29,32,32,36,36,40,41,43,44",9d4c5f0c12889fb034103b01efa54b21690d648acad08c427f81fc6d33241e03,b677f291bd6311850d8cb19c1c51cfff76b3a1e2deece82b67687ca72a30d9f8,REFERENCE_OR_CUSTOM_TABLE_NOT_MARKED_LENS_VERIFIED,542.0,240.0,240.0,True,Holmer_1992_Annular,120,None_MSE_Method_Assumed_Zenith,5.892269850482271,0.055849,93.72799380924744,0.0,0.0,93.72799380924744,0.0,0.3797363402702927,DeepLabV3+_Xception65_ADE20K,C:\Users\pandya\OneDrive - UCL\Field experiment raw data\Complete Participantwise data\Final Data\ucm\P9\WalkG\ucm\CamUp\cam_20250806_113818.jpg,C:\Users\pandya\Documents\Github\docker\Paper3_Analysis\output\SVF Output\P9\WalkG\CamUp_SVF\cam_20250806_113818_svf.jpg,True,50.8136633,4.37080292,,,,,,,,,,,,,,,
P9,WalkG,cam_20250806_113819.jpg,2025-08-06 11:38:19,CamUp,neginja_MSE_SkyViewFactor_reference_table,"24,25,25,26,26,27,27,29,29,32,32,36,36,40,41,43,44",9d4c5f0c12889fb034103b01efa54b21690d648acad08c427f81fc6d33241e03,b677f291bd6311850d8cb19c1c51cfff76b3a1e2deece82b67687ca72a30d9f8,REFERENCE_OR_CUSTOM_TABLE_NOT_MARKED_LENS_VERIFIED,542.0,240.0,240.0,True,Holmer_1992_Annular,120,None_MSE_Method_Assumed_Zenith,6.749025785589918,0.058063,93.22775889229749,0.0,0.0,93.22775889229749,0.0,0.016582372937567365,DeepLabV3+_Xception65_ADE20K,C:\Users\pandya\OneDrive - UCL\Field experiment raw data\Complete Participantwise data\Final Data\ucm\P9\WalkG\ucm\CamUp\cam_20250806_113819.jpg,C:\Users\pandya\Documents\Github\docker\Paper3_Analysis\output\SVF Output\P9\WalkG\CamUp_SVF\cam_20250806_113819_svf.jpg,True,50.8136633,4.37080292,,,,,,,,,,,,,,,
P9,WalkG,cam_20250806_113820.jpg,2025-08-06 11:38:20,CamUp,neginja_MSE_SkyViewFactor_reference_table,"24,25,25,26,26,27,27,29,29,32,32,36,36,40,41,43,44",9d4c5f0c12889fb034103b01efa54b21690d648acad08c427f81fc6d33241e03,b677f291bd6311850d8cb19c1c51cfff76b3a1e2deece82b67687ca72a30d9f8,REFERENCE_OR_CUSTOM_TABLE_NOT_MARKED_LENS_VERIFIED,542.0,240.0,240.0,True,Holmer_1992_Annular,120,None_MSE_Method_Assumed_Zenith,6.7070171074814136,0.057367,92.86792139955227,0.0,0.0,92.86792139955227,0.0,0.36536495039106764,DeepLabV3+_Xception65_ADE20K,C:\Users\pandya\OneDrive - UCL\Field experiment raw data\Complete Participantwise data\Final Data\ucm\P9\WalkG\ucm\CamUp\cam_20250806_113820.jpg,C:\Users\pandya\Documents\Github\docker\Paper3_Analysis\output\SVF Output\P9\WalkG\CamUp_SVF\cam_20250806_113820_svf.jpg,True,50.81366447,4.37074986,,,,,,,,,,,,,,,
P9,WalkG,cam_20250806_113821.jpg,2025-08-06 11:38:21,CamUp,neginja_MSE_SkyViewFactor_reference_table,"24,25,25,26,26,27,27,29,29,32,32,36,36,40,41,43,44",9d4c5f0c12889fb034103b01efa54b21690d648acad08c427f81fc6d33241e03,b677f291bd6311850d8cb19c1c51cfff76b3a1e2deece82b67687ca72a30d9f8,REFERENCE_OR_CUSTOM_TABLE_NOT_MARKED_LENS_VERIFIED,542.0,240.0,240.0,True,Holmer_1992_Annular,120,None_MSE_Method_Assumed_Zenith,8.914683691236217,0.060031,90.71387115496228,0.0,0.0,90.71387115496228,0.0,0.371445153801509,DeepLabV3+_Xception65_ADE20K,C:\Users\pandya\OneDrive - UCL\Field experiment raw data\Complete Participantwise data\Final Data\ucm\P9\WalkG\ucm\CamUp\cam_20250806_113821.jpg,C:\Users\pandya\Documents\Github\docker\Paper3_Analysis\output\SVF Output\P9\WalkG\CamUp_SVF\cam_20250806_113821_svf.jpg,True,50.81365979,4.37072502,,,,,,,,,,,,,,,
P9,WalkG,cam_20250806_113822.jpg,2025-08-06 11:38:22,CamUp,neginja_MSE_SkyViewFactor_reference_table,"24,25,25,26,26,27,27,29,29,32,32,36,36,40,41,43,44",9d4c5f0c12889fb034103b01efa54b21690d648acad08c427f81fc6d33241e03,b677f291bd6311850d8cb19c1c51cfff76b3a1e2deece82b67687ca72a30d9f8,REFERENCE_OR_CUSTOM_TABLE_NOT_MARKED_LENS_VERIFIED,542.0,240.0,240.0,True,Holmer_1992_Annular,120,None_MSE_Method_Assumed_Zenith,4.850344084238454,0.053978,95.06895503413205,0.0,0.0,95.06895503413205,0.0,0.08070088162949451,DeepLabV3+_Xception65_ADE20K,C:\Users\pandya\OneDrive - UCL\Field experiment raw data\Complete Participantwise data\Final Data\ucm\P9\WalkG\ucm\CamUp\cam_20250806_113822.jpg,C:\Users\pandya\Documents\Github\docker\Paper3_Analysis\output\SVF Output\P9\WalkG\CamUp_SVF\cam_20250806_113822_svf.jpg,True,50.813756,4.37085,,,,,,,,,,,,,,,
P9,WalkG,cam_20250806_113823.jpg,2025-08-06 11:38:23,CamUp,neginja_MSE_SkyViewFactor_reference_table,"24,25,25,26,26,27,27,29,29,32,32,36,36,40,41,43,44",9d4c5f0c12889fb034103b01efa54b21690d648acad08c427f81fc6d33241e03,b677f291bd6311850d8cb19c1c51cfff76b3a1e2deece82b67687ca72a30d9f8,REFERENCE_OR_CUSTOM_TABLE_NOT_MARKED_LENS_VERIFIED,542.0,240.0,240.0,True,Holmer_1992_Annular,120,None_MSE_Method_Assumed_Zenith,12.212917668518365,0.076081,87.76110328054611,0.0,0.0,87.76110328054611,0.0,0.025979050935522205,DeepLabV3+_Xception65_ADE20K,C:\Users\pandya\OneDrive - UCL\Field experiment raw data\Complete Participantwise data\Final Data\ucm\P9\WalkG\ucm\CamUp\cam_20250806_113823.jpg,C:\Users\pandya\Documents\Github\docker\Paper3_Analysis\output\SVF Output\P9\WalkG\CamUp_SVF\cam_20250806_113823_svf.jpg,True,50.813756,4.370811,,,,,,,,,,,,,,,
P9,WalkG,cam_20250806_113824.jpg,2025-08-06 11:38:24,CamUp,neginja_MSE_SkyViewFactor_reference_table,"24,25,25,26,26,27,27,29,29,32,32,36,36,40,41,43,44",9d4c5f0c12889fb034103b01efa54b21690d648acad08c427f81fc6d33241e03,b677f291bd6311850d8cb19c1c51cfff76b3a1e2deece82b67687ca72a30d9f8,REFERENCE_OR_CUSTOM_TABLE_NOT_MARKED_LENS_VERIFIED,542.0,240.0,240.0,True,Holmer_1992_Annular,120,None_MSE_Method_Assumed_Zenith,9.499488710167759,0.076468,90.27830749246884,0.0,0.0,90.27830749246884,0.0,0.22220379736340273,DeepLabV3+_Xception65_ADE20K,C:\Users\pandya\OneDrive - UCL\Field experiment raw data\Complete Participantwise data\Final Data\ucm\P9\WalkG\ucm\CamUp\cam_20250806_113824.jpg,C:\Users\pandya\Documents\Github\docker\Paper3_Analysis\output\SVF Output\P9\WalkG\CamUp_SVF\cam_20250806_113824_svf.jpg,True,50.81365144,4.37065864,,,,,,,,,,,,,,,
P9,WalkG,cam_20250806_113825.jpg,2025-08-06 11:38:25,CamUp,neginja_MSE_SkyViewFactor_reference_table,"24,25,25,26,26,27,27,29,29,32,32,36,36,40,41,43,44",9d4c5f0c12889fb034103b01efa54b21690d648acad08c427f81fc6d33241e03,b677f291bd6311850d8cb19c1c51cfff76b3a1e2deece82b67687ca72a30d9f8,REFERENCE_OR_CUSTOM_TABLE_NOT_MARKED_LENS_VERIFIED,542.0,240.0,240.0,True,Holmer_1992_Annular,120,None_MSE_Method_Assumed_Zenith,14.578669540944642,0.093792,85.1742531022856,0.16692922090484483,0.0,85.34118232319045,0.0,0.07351518668988198,DeepLabV3+_Xception65_ADE20K,C:\Users\pandya\OneDrive - UCL\Field experiment raw data\Complete Participantwise data\Final Data\ucm\P9\WalkG\ucm\CamUp\cam_20250806_113825.jpg,C:\Users\pandya\Documents\Github\docker\Paper3_Analysis\output\SVF Output\P9\WalkG\CamUp_SVF\cam_20250806_113825_svf.jpg,True,50.81366151,4.37064019,,,,,,,,,,,,,,,
P9,WalkG,cam_20250806_113826.jpg,2025-08-06 11:38:26,CamUp,neginja_MSE_SkyViewFactor_reference_table,"24,25,25,26,26,27,27,29,29,32,32,36,36,40,41,43,44",9d4c5f0c12889fb034103b01efa54b21690d648acad08c427f81fc6d33241e03,b677f291bd6311850d8cb19c1c51cfff76b3a1e2deece82b67687ca72a30d9f8,REFERENCE_OR_CUSTOM_TABLE_NOT_MARKED_LENS_VERIFIED,542.0,240.0,240.0,True,Holmer_1992_Annular,120,None_MSE_Method_Assumed_Zenith,6.676616090429207,0.063344,93.03706160351545,0.0,0.0,93.03706160351545,0.0,0.28411132299698755,DeepLabV3+_Xception65_ADE20K,C:\Users\pandya\OneDrive - UCL\Field experiment raw data\Complete Participantwise data\Final Data\ucm\P9\WalkG\ucm\CamUp\cam_20250806_113826.jpg,C:\Users\pandya\Documents\Github\docker\Paper3_Analysis\output\SVF Output\P9\WalkG\CamUp_SVF\cam_20250806_113826_svf.jpg,True,50.81366151,4.37064019,,,,,,,,,,,,,,,
P9,WalkG,cam_20250806_113827.jpg,2025-08-06 11:38:27,CamUp,neginja_MSE_SkyViewFactor_reference_table,"24,25,25,26,26,27,27,29,29,32,32,36,36,40,41,43,44",9d4c5f0c12889fb034103b01efa54b21690d648acad08c427f81fc6d33241e03,b677f291bd6311850d8cb19c1c51cfff76b3a1e2deece82b67687ca72a30d9f8,REFERENCE_OR_CUSTOM_TABLE_NOT_MARKED_LENS_VERIFIED,542.0,240.0,240.0,True,Holmer_1992_Annular,120,None_MSE_Method_Assumed_Zenith,10.103639830859796,0.090198,89.8963601691402,0.0,0.0,89.8963601691402,0.0,0.0,DeepLabV3+_Xception65_ADE20K,C:\Users\pandya\OneDrive - UCL\Field experiment raw data\Complete Participantwise data\Final Data\ucm\P9\WalkG\ucm\CamUp\cam_20250806_113827.jpg,C:\Users\pandya\Documents\Github\docker\Paper3_Analysis\output\SVF Output\P9\WalkG\CamUp_SVF\cam_20250806_113827_svf.jpg,True,50.81365637,4.37060746,,,,,,,,,,,,,,,
P9,WalkG,cam_20250806_113828.jpg,2025-08-06 11:38:28,CamUp,neginja_MSE_SkyViewFactor_reference_table,"24,25,25,26,26,27,27,29,29,32,32,36,36,40,41,43,44",9d4c5f0c12889fb034103b01efa54b21690d648acad08c427f81fc6d33241e03,b677f291bd6311850d8cb19c1c51cfff76b3a1e2deece82b67687ca72a30d9f8,REFERENCE_OR_CUSTOM_TABLE_NOT_MARKED_LENS_VERIFIED,542.0,240.0,240.0,True,Holmer_1992_Annular,120,None_MSE_Method_Assumed_Zenith,8.11651880717464,0.090784,91.8818229555316,0.0,0.0,91.8818229555316,0.0,0.0016582372937567365,DeepLabV3+_Xception65_ADE20K,C:\Users\pandya\OneDrive - UCL\Field experiment raw data\Complete Participantwise data\Final Data\ucm\P9\WalkG\ucm\CamUp\cam_20250806_113828.jpg,C:\Users\pandya\Documents\Github\docker\Paper3_Analysis\output\SVF Output\P9\WalkG\CamUp_SVF\cam_20250806_113828_svf.jpg,True,50.81365825,4.3705947,,,,,,,,,,,,,,,
P9,WalkG,cam_20250806_113829.jpg,2025-08-06 11:38:29,CamUp,neginja_MSE_SkyViewFactor_reference_table,"24,25,25,26,26,27,27,29,29,32,32,36,36,40,41,43,44",9d4c5f0c12889fb034103b01efa54b21690d648acad08c427f81fc6d33241e03,b677f291bd6311850d8cb19c1c51cfff76b3a1e2deece82b67687ca72a30d9f8,REFERENCE_OR_CUSTOM_TABLE_NOT_MARKED_LENS_VERIFIED,542.0,240.0,240.0,True,Holmer_1992_Annular,120,None_MSE_Method_Assumed_Zenith,10.06052566122212,0.101565,89.93947433877788,0.0,0.0,89.93947433877788,0.0,0.0,DeepLabV3+_Xception65_ADE20K,C:\Users\pandya\OneDrive - UCL\Field experiment raw data\Complete Participantwise data\Final Data\ucm\P9\WalkG\ucm\CamUp\cam_20250806_113829.jpg,C:\Users\pandya\Documents\Github\docker\Paper3_Analysis\output\SVF Output\P9\WalkG\CamUp_SVF\cam_20250806_113829_svf.jpg,True,50.81365664,4.37057832,,,,,,,,,,,,,,,
P9,WalkG,cam_20250806_113830.jpg,2025-08-06 11:38:30,CamUp,neginja_MSE_SkyViewFactor_reference_table,"24,25,25,26,26,27,27,29,29,32,32,36,36,40,41,43,44",9d4c5f0c12889fb034103b01efa54b21690d648acad08c427f81fc6d33241e03,b677f291bd6311850d8cb19c1c51cfff76b3a1e2deece82b67687ca72a30d9f8,REFERENCE_OR_CUSTOM_TABLE_NOT_MARKED_LENS_VERIFIED,542.0,240.0,240.0,True,Holmer_1992_Annular,120,None_MSE_Method_Assumed_Zenith,12.749081060166375,0.107216,87.16634883785203,0.0,0.0,87.16634883785203,0.0,0.07738440704198103,DeepLabV3+_Xception65_ADE20K,C:\Users\pandya\OneDrive - UCL\Field experiment raw data\Complete Participantwise data\Final Data\ucm\P9\WalkG\ucm\CamUp\cam_20250806_113830.jpg,C:\Users\pandya\Documents\Github\docker\Paper3_Analysis\output\SVF Output\P9\WalkG\CamUp_SVF\cam_20250806_113830_svf.jpg,True,50.81365664,4.37057832,,,,,,,,,,,,,,,
P9,WalkG,cam_20250806_113831.jpg,2025-08-06 11:38:31,CamUp,neginja_MSE_SkyViewFactor_reference_table,"24,25,25,26,26,27,27,29,29,32,32,36,36,40,41,43,44",9d4c5f0c12889fb034103b01efa54b21690d648acad08c427f81fc6d33241e03,b677f291bd6311850d8cb19c1c51cfff76b3a1e2deece82b67687ca72a30d9f8,REFERENCE_OR_CUSTOM_TABLE_NOT_MARKED_LENS_VERIFIED,542.0,240.0,240.0,True,Holmer_1992_Annular,120,None_MSE_Method_Assumed_Zenith,18.075339247713014,0.132672,81.91858054887653,0.0,0.0,81.91858054887653,0.0,0.006080203410441368,DeepLabV3+_Xception65_ADE20K,C:\Users\pandya\OneDrive - UCL\Field experiment raw data\Complete Participantwise data\Final Data\ucm\P9\WalkG\ucm\CamUp\cam_20250806_113831.jpg,C:\Users\pandya\Documents\Github\docker\Paper3_Analysis\output\SVF Output\P9\WalkG\CamUp_SVF\cam_20250806_113831_svf.jpg,True,50.81362833,4.37054605,,,,,,,,,,,,,,,
P9,WalkG,cam_20250806_113832.jpg,2025-08-06 11:38:32,CamUp,neginja_MSE_SkyViewFactor_reference_table,"24,25,25,26,26,27,27,29,29,32,32,36,36,40,41,43,44",9d4c5f0c12889fb034103b01efa54b21690d648acad08c427f81fc6d33241e03,b677f291bd6311850d8cb19c1c51cfff76b3a1e2deece82b67687ca72a30d9f8,REFERENCE_OR_CUSTOM_TABLE_NOT_MARKED_LENS_VERIFIED,542.0,240.0,240.0,True,Holmer_1992_Annular,120,None_MSE_Method_Assumed_Zenith,12.321808584141724,0.081532,87.35649338086947,0.0,0.0,87.35649338086947,0.0,0.0,DeepLabV3+_Xception65_ADE20K,C:\Users\pandya\OneDrive - UCL\Field experiment raw data\Complete Participantwise data\Final Data\ucm\P9\WalkG\ucm\CamUp\cam_20250806_113832.jpg,C:\Users\pandya\Documents\Github\docker\Paper3_Analysis\output\SVF Output\P9\WalkG\CamUp_SVF\cam_20250806_113832_svf.jpg,True,50.81363185,4.37053437,,,,,,,,,,,,,,,
P9,WalkG,cam_20250806_113833.jpg,2025-08-06 11:38:33,CamUp,neginja_MSE_SkyViewFactor_reference_table,"24,25,25,26,26,27,27,29,29,32,32,36,36,40,41,43,44",9d4c5f0c12889fb034103b01efa54b21690d648acad08c427f81fc6d33241e03,b677f291bd6311850d8cb19c1c51cfff76b3a1e2deece82b67687ca72a30d9f8,REFERENCE_OR_CUSTOM_TABLE_NOT_MARKED_LENS_VERIFIED,542.0,240.0,240.0,True,Holmer_1992_Annular,120,None_MSE_Method_Assumed_Zenith,12.364370008014813,0.068397,87.63562999198518,0.0,0.0,87.63562999198518,0.0,0.0,DeepLabV3+_Xception65_ADE20K,C:\Users\pandya\OneDrive - UCL\Field experiment raw data\Complete Participantwise data\Final Data\ucm\P9\WalkG\ucm\CamUp\cam_20250806_113833.jpg,C:\Users\pandya\Documents\Github\docker\Paper3_Analysis\output\SVF Output\P9\WalkG\CamUp_SVF\cam_20250806_113833_svf.jpg,True,50.81363932,4.37049648,,,,,,,,,,,,,,,
P9,WalkG,cam_20250806_113834.jpg,2025-08-06 11:38:34,CamUp,neginja_MSE_SkyViewFactor_reference_table,"24,25,25,26,26,27,27,29,29,32,32,36,36,40,41,43,44",9d4c5f0c12889fb034103b01efa54b21690d648acad08c427f81fc6d33241e03,b677f291bd6311850d8cb19c1c51cfff76b3a1e2deece82b67687ca72a30d9f8,REFERENCE_OR_CUSTOM_TABLE_NOT_MARKED_LENS_VERIFIED,542.0,240.0,240.0,True,Holmer_1992_Annular,120,None_MSE_Method_Assumed_Zenith,11.27711908907498,0.052801,86.93917032860736,0.0,0.0,86.93917032860736,0.0,0.5405853577646961,DeepLabV3+_Xception65_ADE20K,C:\Users\pandya\OneDrive - UCL\Field experiment raw data\Complete Participantwise data\Final Data\ucm\P9\WalkG\ucm\CamUp\cam_20250806_113834.jpg,C:\Users\pandya\Documents\Github\docker\Paper3_Analysis\output\SVF Output\P9\WalkG\CamUp_SVF\cam_20250806_113834_svf.jpg,True,50.813776,4.370643,,,,,,,,,,,,,,,
P9,WalkG,cam_20250806_113835.jpg,2025-08-06 11:38:35,CamUp,neginja_MSE_SkyViewFactor_reference_table,"24,25,25,26,26,27,27,29,29,32,32,36,36,40,41,43,44",9d4c5f0c12889fb034103b01efa54b21690d648acad08c427f81fc6d33241e03,b677f291bd6311850d8cb19c1c51cfff76b3a1e2deece82b67687ca72a30d9f8,REFERENCE_OR_CUSTOM_TABLE_NOT_MARKED_LENS_VERIFIED,542.0,240.0,240.0,True,Holmer_1992_Annular,120,None_MSE_Method_Assumed_Zenith,9.256280573750104,0.046657,72.67722411077025,0.0,0.0,72.67722411077025,0.0,3.322554790923914,DeepLabV3+_Xception65_ADE20K,C:\Users\pandya\OneDrive - UCL\Field experiment raw data\Complete Participantwise data\Final Data\ucm\P9\WalkG\ucm\CamUp\cam_20250806_113835.jpg,C:\Users\pandya\Documents\Github\docker\Paper3_Analysis\output\SVF Output\P9\WalkG\CamUp_SVF\cam_20250806_113835_svf.jpg,True,50.81361761,4.37046956,,,,,,,,,,,,,,,
P9,WalkG,cam_20250806_113836.jpg,2025-08-06 11:38:36,CamUp,neginja_MSE_SkyViewFactor_reference_table,"24,25,25,26,26,27,27,29,29,32,32,36,36,40,41,43,44",9d4c5f0c12889fb034103b01efa54b21690d648acad08c427f81fc6d33241e03,b677f291bd6311850d8cb19c1c51cfff76b3a1e2deece82b67687ca72a30d9f8,REFERENCE_OR_CUSTOM_TABLE_NOT_MARKED_LENS_VERIFIED,542.0,240.0,240.0,True,Holmer_1992_Annular,120,None_MSE_Method_Assumed_Zenith,9.0379459967388,0.046291,72.57330790702817,0.0,0.0,72.57330790702817,0.0,1.204985766796562,DeepLabV3+_Xception65_ADE20K,C:\Users\pandya\OneDrive - UCL\Field experiment raw data\Complete Participantwise data\Final Data\ucm\P9\WalkG\ucm\CamUp\cam_20250806_113836.jpg,C:\Users\pandya\Documents\Github\docker\Paper3_Analysis\output\SVF Output\P9\WalkG\CamUp_SVF\cam_20250806_113836_svf.jpg,True,50.81362617,4.37043962,,,,,,,,,,,,,,,
P9,WalkG,cam_20250806_113837.jpg,2025-08-06 11:38:37,CamUp,neginja_MSE_SkyViewFactor_reference_table,"24,25,25,26,26,27,27,29,29,32,32,36,36,40,41,43,44",9d4c5f0c12889fb034103b01efa54b21690d648acad08c427f81fc6d33241e03,b677f291bd6311850d8cb19c1c51cfff76b3a1e2deece82b67687ca72a30d9f8,REFERENCE_OR_CUSTOM_TABLE_NOT_MARKED_LENS_VERIFIED,542.0,240.0,240.0,True,Holmer_1992_Annular,120,None_MSE_Method_Assumed_Zenith,7.713014399027167,0.040875,74.21938479396401,0.018240610231324103,0.0,74.23762540419534,0.0,0.788768206063621,DeepLabV3+_Xception65_ADE20K,C:\Users\pandya\OneDrive - UCL\Field experiment raw data\Complete Participantwise data\Final Data\ucm\P9\WalkG\ucm\CamUp\cam_20250806_113837.jpg,C:\Users\pandya\Documents\Github\docker\Paper3_Analysis\output\SVF Output\P9\WalkG\CamUp_SVF\cam_20250806_113837_svf.jpg,True,50.81361856,4.37042513,,,,,,,,,,,,,,,
P9,WalkG,cam_20250806_113838.jpg,2025-08-06 11:38:38,CamUp,neginja_MSE_SkyViewFactor_reference_table,"24,25,25,26,26,27,27,29,29,32,32,36,36,40,41,43,44",9d4c5f0c12889fb034103b01efa54b21690d648acad08c427f81fc6d33241e03,b677f291bd6311850d8cb19c1c51cfff76b3a1e2deece82b67687ca72a30d9f8,REFERENCE_OR_CUSTOM_TABLE_NOT_MARKED_LENS_VERIFIED,542.0,240.0,240.0,True,Holmer_1992_Annular,120,None_MSE_Method_Assumed_Zenith,5.037724898432966,0.034865,84.31418069259044,0.3051156620512395,0.0,84.61929635464168,0.0,0.8451482740513501,DeepLabV3+_Xception65_ADE20K,C:\Users\pandya\OneDrive - UCL\Field experiment raw data\Complete Participantwise data\Final Data\ucm\P9\WalkG\ucm\CamUp\cam_20250806_113838.jpg,C:\Users\pandya\Documents\Github\docker\Paper3_Analysis\output\SVF Output\P9\WalkG\CamUp_SVF\cam_20250806_113838_svf.jpg,True,50.81361202,4.37040756,,,,,,,,,,,,,,,
P9,WalkG,cam_20250806_113839.jpg,2025-08-06 11:38:39,CamUp,neginja_MSE_SkyViewFactor_reference_table,"24,25,25,26,26,27,27,29,29,32,32,36,36,40,41,43,44",9d4c5f0c12889fb034103b01efa54b21690d648acad08c427f81fc6d33241e03,b677f291bd6311850d8cb19c1c51cfff76b3a1e2deece82b67687ca72a30d9f8,REFERENCE_OR_CUSTOM_TABLE_NOT_MARKED_LENS_VERIFIED,542.0,240.0,240.0,True,Holmer_1992_Annular,120,None_MSE_Method_Assumed_Zenith,6.223364563469032,0.044758,85.2930934416715,1.2646823093718045,0.0,86.55777575104331,0.0,0.01989884752508084,DeepLabV3+_Xception65_ADE20K,C:\Users\pandya\OneDrive - UCL\Field experiment raw data\Complete Participantwise data\Final Data\ucm\P9\WalkG\ucm\CamUp\cam_20250806_113839.jpg,C:\Users\pandya\Documents\Github\docker\Paper3_Analysis\output\SVF Output\P9\WalkG\CamUp_SVF\cam_20250806_113839_svf.jpg,True,50.81361049,4.37039065,,,,,,,,,,,,,,,
P9,WalkG,cam_20250806_113840.jpg,2025-08-06 11:38:40,CamUp,neginja_MSE_SkyViewFactor_reference_table,"24,25,25,26,26,27,27,29,29,32,32,36,36,40,41,43,44",9d4c5f0c12889fb034103b01efa54b21690d648acad08c427f81fc6d33241e03,b677f291bd6311850d8cb19c1c51cfff76b3a1e2deece82b67687ca72a30d9f8,REFERENCE_OR_CUSTOM_TABLE_NOT_MARKED_LENS_VERIFIED,542.0,240.0,240.0,True,Holmer_1992_Annular,120,None_MSE_Method_Assumed_Zenith,4.486637371141144,0.053306,87.03037337976399,0.7003288837299284,0.0,87.73070226349391,0.0,0.0707514578669541,DeepLabV3+_Xception65_ADE20K,C:\Users\pandya\OneDrive - UCL\Field experiment raw data\Complete Participantwise data\Final Data\ucm\P9\WalkG\ucm\CamUp\cam_20250806_113840.jpg,C:\Users\pandya\Documents\Github\docker\Paper3_Analysis\output\SVF Output\P9\WalkG\CamUp_SVF\cam_20250806_113840_svf.jpg,True,50.8136077,4.37037412,,,,,,,,,,,,,,,
P9,WalkG,cam_20250806_113841.jpg,2025-08-06 11:38:41,CamUp,neginja_MSE_SkyViewFactor_reference_table,"24,25,25,26,26,27,27,29,29,32,32,36,36,40,41,43,44",9d4c5f0c12889fb034103b01efa54b21690d648acad08c427f81fc6d33241e03,b677f291bd6311850d8cb19c1c51cfff76b3a1e2deece82b67687ca72a30d9f8,REFERENCE_OR_CUSTOM_TABLE_NOT_MARKED_LENS_VERIFIED,542.0,240.0,240.0,True,Holmer_1992_Annular,120,None_MSE_Method_Assumed_Zenith,3.3032086891634194,0.055643,90.40709725561727,0.09230854268579167,0.0,90.49940579830306,0.0,0.014371389879225052,DeepLabV3+_Xception65_ADE20K,C:\Users\pandya\OneDrive - UCL\Field experiment raw data\Complete Participantwise data\Final Data\ucm\P9\WalkG\ucm\CamUp\cam_20250806_113841.jpg,C:\Users\pandya\Documents\Github\docker\Paper3_Analysis\output\SVF Output\P9\WalkG\CamUp_SVF\cam_20250806_113841_svf.jpg,True,50.813764,4.370545,,,,,,,,,,,,,,,
P9,WalkG,cam_20250806_113842.jpg,2025-08-06 11:38:42,CamUp,neginja_MSE_SkyViewFactor_reference_table,"24,25,25,26,26,27,27,29,29,32,32,36,36,40,41,43,44",9d4c5f0c12889fb034103b01efa54b21690d648acad08c427f81fc6d33241e03,b677f291bd6311850d8cb19c1c51cfff76b3a1e2deece82b67687ca72a30d9f8,REFERENCE_OR_CUSTOM_TABLE_NOT_MARKED_LENS_VERIFIED,542.0,240.0,240.0,True,Holmer_1992_Annular,120,None_MSE_Method_Assumed_Zenith,2.7427244838736424,0.044119,92.74244811099135,0.15808528867147556,0.0,92.90053339966282,0.0,0.591990713871155,DeepLabV3+_Xception65_ADE20K,C:\Users\pandya\OneDrive - UCL\Field experiment raw data\Complete Participantwise data\Final Data\ucm\P9\WalkG\ucm\CamUp\cam_20250806_113842.jpg,C:\Users\pandya\Documents\Github\docker\Paper3_Analysis\output\SVF Output\P9\WalkG\CamUp_SVF\cam_20250806_113842_svf.jpg,True,50.81359984,4.37032572,,,,,,,,,,,,,,,
P9,WalkG,cam_20250806_113843.jpg,2025-08-06 11:38:43,CamUp,neginja_MSE_SkyViewFactor_reference_table,"24,25,25,26,26,27,27,29,29,32,32,36,36,40,41,43,44",9d4c5f0c12889fb034103b01efa54b21690d648acad08c427f81fc6d33241e03,b677f291bd6311850d8cb19c1c51cfff76b3a1e2deece82b67687ca72a30d9f8,REFERENCE_OR_CUSTOM_TABLE_NOT_MARKED_LENS_VERIFIED,542.0,240.0,240.0,True,Holmer_1992_Annular,120,None_MSE_Method_Assumed_Zenith,4.214133709200453,0.066482,93.04922201033634,0.0,0.0,93.04922201033634,0.0,0.6107840698670647,DeepLabV3+_Xception65_ADE20K,C:\Users\pandya\OneDrive - UCL\Field experiment raw data\Complete Participantwise data\Final Data\ucm\P9\WalkG\ucm\CamUp\cam_20250806_113843.jpg,C:\Users\pandya\Documents\Github\docker\Paper3_Analysis\output\SVF Output\P9\WalkG\CamUp_SVF\cam_20250806_113843_svf.jpg,True,50.81360303,4.37031257,,,,,,,,,,,,,,,
P9,WalkG,cam_20250806_113844.jpg,2025-08-06 11:38:44,CamUp,neginja_MSE_SkyViewFactor_reference_table,"24,25,25,26,26,27,27,29,29,32,32,36,36,40,41,43,44",9d4c5f0c12889fb034103b01efa54b21690d648acad08c427f81fc6d33241e03,b677f291bd6311850d8cb19c1c51cfff76b3a1e2deece82b67687ca72a30d9f8,REFERENCE_OR_CUSTOM_TABLE_NOT_MARKED_LENS_VERIFIED,542.0,240.0,240.0,True,Holmer_1992_Annular,120,None_MSE_Method_Assumed_Zenith,4.701655473564934,0.071969,87.86778321311112,1.3851808860514605,0.0,89.25296409916258,0.0,0.1254732885609264,DeepLabV3+_Xception65_ADE20K,C:\Users\pandya\OneDrive - UCL\Field experiment raw data\Complete Participantwise data\Final Data\ucm\P9\WalkG\ucm\CamUp\cam_20250806_113844.jpg,C:\Users\pandya\Documents\Github\docker\Paper3_Analysis\output\SVF Output\P9\WalkG\CamUp_SVF\cam_20250806_113844_svf.jpg,True,50.81359655,4.37029311,,,,,,,,,,,,,,,
P9,WalkG,cam_20250806_113845.jpg,2025-08-06 11:38:45,CamUp,neginja_MSE_SkyViewFactor_reference_table,"24,25,25,26,26,27,27,29,29,32,32,36,36,40,41,43,44",9d4c5f0c12889fb034103b01efa54b21690d648acad08c427f81fc6d33241e03,b677f291bd6311850d8cb19c1c51cfff76b3a1e2deece82b67687ca72a30d9f8,REFERENCE_OR_CUSTOM_TABLE_NOT_MARKED_LENS_VERIFIED,542.0,240.0,240.0,True,Holmer_1992_Annular,120,None_MSE_Method_Assumed_Zenith,3.952132216786889,0.061995,94.45651272697123,0.40571539120581485,0.0,94.86222811817704,0.0,0.0,DeepLabV3+_Xception65_ADE20K,C:\Users\pandya\OneDrive - UCL\Field experiment raw data\Complete Participantwise data\Final Data\ucm\P9\WalkG\ucm\CamUp\cam_20250806_113845.jpg,C:\Users\pandya\Documents\Github\docker\Paper3_Analysis\output\SVF Output\P9\WalkG\CamUp_SVF\cam_20250806_113845_svf.jpg,True,50.81358436,4.37027654,,,,,,,,,,,,,,,
P9,WalkG,cam_20250806_113846.jpg,2025-08-06 11:38:46,CamUp,neginja_MSE_SkyViewFactor_reference_table,"24,25,25,26,26,27,27,29,29,32,32,36,36,40,41,43,44",9d4c5f0c12889fb034103b01efa54b21690d648acad08c427f81fc6d33241e03,b677f291bd6311850d8cb19c1c51cfff76b3a1e2deece82b67687ca72a30d9f8,REFERENCE_OR_CUSTOM_TABLE_NOT_MARKED_LENS_VERIFIED,542.0,240.0,240.0,True,Holmer_1992_Annular,120,None_MSE_Method_Assumed_Zenith,4.423624353978388,0.075354,91.6176104800597,0.0,0.0,91.6176104800597,0.0,0.0,DeepLabV3+_Xception65_ADE20K,C:\Users\pandya\OneDrive - UCL\Field experiment raw data\Complete Participantwise data\Final Data\ucm\P9\WalkG\ucm\CamUp\cam_20250806_113846.jpg,C:\Users\pandya\Documents\Github\docker\Paper3_Analysis\output\SVF Output\P9\WalkG\CamUp_SVF\cam_20250806_113846_svf.jpg,True,50.81357547,4.37026222,,,,,,,,,,,,,,,
P9,WalkG,cam_20250806_113847.jpg,2025-08-06 11:38:47,CamUp,neginja_MSE_SkyViewFactor_reference_table,"24,25,25,26,26,27,27,29,29,32,32,36,36,40,41,43,44",9d4c5f0c12889fb034103b01efa54b21690d648acad08c427f81fc6d33241e03,b677f291bd6311850d8cb19c1c51cfff76b3a1e2deece82b67687ca72a30d9f8,REFERENCE_OR_CUSTOM_TABLE_NOT_MARKED_LENS_VERIFIED,542.0,240.0,240.0,True,Holmer_1992_Annular,120,None_MSE_Method_Assumed_Zenith,5.477710527043087,0.087631,93.30735428239781,0.3111958654616809,0.0,93.6185501478595,0.0,0.0,DeepLabV3+_Xception65_ADE20K,C:\Users\pandya\OneDrive - UCL\Field experiment raw data\Complete Participantwise data\Final Data\ucm\P9\WalkG\ucm\CamUp\cam_20250806_113847.jpg,C:\Users\pandya\Documents\Github\docker\Paper3_Analysis\output\SVF Output\P9\WalkG\CamUp_SVF\cam_20250806_113847_svf.jpg,True,50.81357547,4.37026222,,,,,,,,,,,,,,,
P9,WalkG,cam_20250806_113848.jpg,2025-08-06 11:38:48,CamUp,neginja_MSE_SkyViewFactor_reference_table,"24,25,25,26,26,27,27,29,29,32,32,36,36,40,41,43,44",9d4c5f0c12889fb034103b01efa54b21690d648acad08c427f81fc6d33241e03,b677f291bd6311850d8cb19c1c51cfff76b3a1e2deece82b67687ca72a30d9f8,REFERENCE_OR_CUSTOM_TABLE_NOT_MARKED_LENS_VERIFIED,542.0,240.0,240.0,True,Holmer_1992_Annular,120,None_MSE_Method_Assumed_Zenith,7.068512837520383,0.108059,89.30492220103363,1.6770306497526464,0.063013017162756,91.04496586794905,0.0,0.4919437304811652,DeepLabV3+_Xception65_ADE20K,C:\Users\pandya\OneDrive - UCL\Field experiment raw data\Complete Participantwise data\Final Data\ucm\P9\WalkG\ucm\CamUp\cam_20250806_113848.jpg,C:\Users\pandya\Documents\Github\docker\Paper3_Analysis\output\SVF Output\P9\WalkG\CamUp_SVF\cam_20250806_113848_svf.jpg,True,50.81355806,4.3702339,,,,,,,,,,,,,,,
P9,WalkG,cam_20250806_113849.jpg,2025-08-06 11:38:49,CamUp,neginja_MSE_SkyViewFactor_reference_table,"24,25,25,26,26,27,27,29,29,32,32,36,36,40,41,43,44",9d4c5f0c12889fb034103b01efa54b21690d648acad08c427f81fc6d33241e03,b677f291bd6311850d8cb19c1c51cfff76b3a1e2deece82b67687ca72a30d9f8,REFERENCE_OR_CUSTOM_TABLE_NOT_MARKED_LENS_VERIFIED,542.0,240.0,240.0,True,Holmer_1992_Annular,120,None_MSE_Method_Assumed_Zenith,3.144017908962773,0.044367,84.12127242075007,9.991432440648923,0.0,94.112704861399,0.0,1.0557444103584557,DeepLabV3+_Xception65_ADE20K,C:\Users\pandya\OneDrive - UCL\Field experiment raw data\Complete Participantwise data\Final Data\ucm\P9\WalkG\ucm\CamUp\cam_20250806_113849.jpg,C:\Users\pandya\Documents\Github\docker\Paper3_Analysis\output\SVF Output\P9\WalkG\CamUp_SVF\cam_20250806_113849_svf.jpg,True,50.81355806,4.3702339,,,,,,,,,,,,,,,
P9,WalkG,cam_20250806_113850.jpg,2025-08-06 11:38:50,CamUp,neginja_MSE_SkyViewFactor_reference_table,"24,25,25,26,26,27,27,29,29,32,32,36,36,40,41,43,44",9d4c5f0c12889fb034103b01efa54b21690d648acad08c427f81fc6d33241e03,b677f291bd6311850d8cb19c1c51cfff76b3a1e2deece82b67687ca72a30d9f8,REFERENCE_OR_CUSTOM_TABLE_NOT_MARKED_LENS_VERIFIED,542.0,240.0,240.0,True,Holmer_1992_Annular,120,None_MSE_Method_Assumed_Zenith,3.5900837409833346,0.058477,91.55459746289694,3.6249067241522264,0.0,95.17950418704916,0.0,0.2819003399386452,DeepLabV3+_Xception65_ADE20K,C:\Users\pandya\OneDrive - UCL\Field experiment raw data\Complete Participantwise data\Final Data\ucm\P9\WalkG\ucm\CamUp\cam_20250806_113850.jpg,C:\Users\pandya\Documents\Github\docker\Paper3_Analysis\output\SVF Output\P9\WalkG\CamUp_SVF\cam_20250806_113850_svf.jpg,True,50.8135458,4.37020757,,,,,,,,,,,,,,,
P9,WalkG,cam_20250806_113851.jpg,2025-08-06 11:38:51,CamUp,neginja_MSE_SkyViewFactor_reference_table,"24,25,25,26,26,27,27,29,29,32,32,36,36,40,41,43,44",9d4c5f0c12889fb034103b01efa54b21690d648acad08c427f81fc6d33241e03,b677f291bd6311850d8cb19c1c51cfff76b3a1e2deece82b67687ca72a30d9f8,REFERENCE_OR_CUSTOM_TABLE_NOT_MARKED_LENS_VERIFIED,542.0,240.0,240.0,True,Holmer_1992_Annular,120,None_MSE_Method_Assumed_Zenith,5.240582594035873,0.088344,92.05262139678855,1.2829229196031287,0.0,93.33554431639168,0.0,0.7865572230052787,DeepLabV3+_Xception65_ADE20K,C:\Users\pandya\OneDrive - UCL\Field experiment raw data\Complete Participantwise data\Final Data\ucm\P9\WalkG\ucm\CamUp\cam_20250806_113851.jpg,C:\Users\pandya\Documents\Github\docker\Paper3_Analysis\output\SVF Output\P9\WalkG\CamUp_SVF\cam_20250806_113851_svf.jpg,True,50.8135458,4.37020757,,,,,,,,,,,,,,,
P9,WalkG,cam_20250806_113852.jpg,2025-08-06 11:38:52,CamUp,neginja_MSE_SkyViewFactor_reference_table,"24,25,25,26,26,27,27,29,29,32,32,36,36,40,41,43,44",9d4c5f0c12889fb034103b01efa54b21690d648acad08c427f81fc6d33241e03,b677f291bd6311850d8cb19c1c51cfff76b3a1e2deece82b67687ca72a30d9f8,REFERENCE_OR_CUSTOM_TABLE_NOT_MARKED_LENS_VERIFIED,542.0,240.0,240.0,True,Holmer_1992_Annular,120,None_MSE_Method_Assumed_Zenith,5.773982256860957,0.091106,93.39081889285023,0.0,0.0,93.39081889285023,0.0,0.016582372937567365,DeepLabV3+_Xception65_ADE20K,C:\Users\pandya\OneDrive - UCL\Field experiment raw data\Complete Participantwise data\Final Data\ucm\P9\WalkG\ucm\CamUp\cam_20250806_113852.jpg,C:\Users\pandya\Documents\Github\docker\Paper3_Analysis\output\SVF Output\P9\WalkG\CamUp_SVF\cam_20250806_113852_svf.jpg,True,50.81352698,4.37018136,,,,,,,,,,,,,,,
P9,WalkG,cam_20250806_113853.jpg,2025-08-06 11:38:53,CamUp,neginja_MSE_SkyViewFactor_reference_table,"24,25,25,26,26,27,27,29,29,32,32,36,36,40,41,43,44",9d4c5f0c12889fb034103b01efa54b21690d648acad08c427f81fc6d33241e03,b677f291bd6311850d8cb19c1c51cfff76b3a1e2deece82b67687ca72a30d9f8,REFERENCE_OR_CUSTOM_TABLE_NOT_MARKED_LENS_VERIFIED,542.0,240.0,240.0,True,Holmer_1992_Annular,120,None_MSE_Method_Assumed_Zenith,5.630268358068706,0.08836,92.67169665312439,0.0,0.0,92.67169665312439,0.0,0.8877096979244397,DeepLabV3+_Xception65_ADE20K,C:\Users\pandya\OneDrive - UCL\Field experiment raw data\Complete Participantwise data\Final Data\ucm\P9\WalkG\ucm\CamUp\cam_20250806_113853.jpg,C:\Users\pandya\Documents\Github\docker\Paper3_Analysis\output\SVF Output\P9\WalkG\CamUp_SVF\cam_20250806_113853_svf.jpg,True,50.81351954,4.37016005,,,,,,,,,,,,,,,
P9,WalkG,cam_20250806_113854.jpg,2025-08-06 11:38:54,CamUp,neginja_MSE_SkyViewFactor_reference_table,"24,25,25,26,26,27,27,29,29,32,32,36,36,40,41,43,44",9d4c5f0c12889fb034103b01efa54b21690d648acad08c427f81fc6d33241e03,b677f291bd6311850d8cb19c1c51cfff76b3a1e2deece82b67687ca72a30d9f8,REFERENCE_OR_CUSTOM_TABLE_NOT_MARKED_LENS_VERIFIED,542.0,240.0,240.0,True,Holmer_1992_Annular,120,None_MSE_Method_Assumed_Zenith,5.494845645745239,0.085491,91.97800071856949,0.0,0.0,91.97800071856949,0.0,0.7191222397258381,DeepLabV3+_Xception65_ADE20K,C:\Users\pandya\OneDrive - UCL\Field experiment raw data\Complete Participantwise data\Final Data\ucm\P9\WalkG\ucm\CamUp\cam_20250806_113854.jpg,C:\Users\pandya\Documents\Github\docker\Paper3_Analysis\output\SVF Output\P9\WalkG\CamUp_SVF\cam_20250806_113854_svf.jpg,True,50.81351954,4.37016005,,,,,,,,,,,,,,,
P9,WalkG,cam_20250806_113855.jpg,2025-08-06 11:38:55,CamUp,neginja_MSE_SkyViewFactor_reference_table,"24,25,25,26,26,27,27,29,29,32,32,36,36,40,41,43,44",9d4c5f0c12889fb034103b01efa54b21690d648acad08c427f81fc6d33241e03,b677f291bd6311850d8cb19c1c51cfff76b3a1e2deece82b67687ca72a30d9f8,REFERENCE_OR_CUSTOM_TABLE_NOT_MARKED_LENS_VERIFIED,542.0,240.0,240.0,True,Holmer_1992_Annular,120,None_MSE_Method_Assumed_Zenith,7.0021833457701135,0.088202,87.18348395655418,0.19235552607578144,0.0,87.37583948262997,0.0,0.5693281375231461,DeepLabV3+_Xception65_ADE20K,C:\Users\pandya\OneDrive - UCL\Field experiment raw data\Complete Participantwise data\Final Data\ucm\P9\WalkG\ucm\CamUp\cam_20250806_113855.jpg,C:\Users\pandya\Documents\Github\docker\Paper3_Analysis\output\SVF Output\P9\WalkG\CamUp_SVF\cam_20250806_113855_svf.jpg,True,50.81349633,4.37013078,,,,,,,,,,,,,,,
P9,WalkG,cam_20250806_113856.jpg,2025-08-06 11:38:56,CamUp,neginja_MSE_SkyViewFactor_reference_table,"24,25,25,26,26,27,27,29,29,32,32,36,36,40,41,43,44",9d4c5f0c12889fb034103b01efa54b21690d648acad08c427f81fc6d33241e03,b677f291bd6311850d8cb19c1c51cfff76b3a1e2deece82b67687ca72a30d9f8,REFERENCE_OR_CUSTOM_TABLE_NOT_MARKED_LENS_VERIFIED,542.0,240.0,240.0,True,Holmer_1992_Annular,120,None_MSE_Method_Assumed_Zenith,9.037393250974214,0.089107,82.7172981787027,2.446452754055772,0.0,85.16375093275848,0.0,0.7003288837299284,DeepLabV3+_Xception65_ADE20K,C:\Users\pandya\OneDrive - UCL\Field experiment raw data\Complete Participantwise data\Final Data\ucm\P9\WalkG\ucm\CamUp\cam_20250806_113856.jpg,C:\Users\pandya\Documents\Github\docker\Paper3_Analysis\output\SVF Output\P9\WalkG\CamUp_SVF\cam_20250806_113856_svf.jpg,True,50.81349633,4.37013078,,,,,,,,,,,,,,,
P9,WalkG,cam_20250806_113857.jpg,2025-08-06 11:38:57,CamUp,neginja_MSE_SkyViewFactor_reference_table,"24,25,25,26,26,27,27,29,29,32,32,36,36,40,41,43,44",9d4c5f0c12889fb034103b01efa54b21690d648acad08c427f81fc6d33241e03,b677f291bd6311850d8cb19c1c51cfff76b3a1e2deece82b67687ca72a30d9f8,REFERENCE_OR_CUSTOM_TABLE_NOT_MARKED_LENS_VERIFIED,542.0,240.0,240.0,True,Holmer_1992_Annular,120,None_MSE_Method_Assumed_Zenith,9.72943094823536,0.085964,80.60691484951496,3.2728076721112123,0.0,83.87972252162618,0.0,0.08733383080452146,DeepLabV3+_Xception65_ADE20K,C:\Users\pandya\OneDrive - UCL\Field experiment raw data\Complete Participantwise data\Final Data\ucm\P9\WalkG\ucm\CamUp\cam_20250806_113857.jpg,C:\Users\pandya\Documents\Github\docker\Paper3_Analysis\output\SVF Output\P9\WalkG\CamUp_SVF\cam_20250806_113857_svf.jpg,True,50.81348326,4.37013646,,,,,,,,,,,,,,,
P9,WalkG,cam_20250806_113858.jpg,2025-08-06 11:38:58,CamUp,neginja_MSE_SkyViewFactor_reference_table,"24,25,25,26,26,27,27,29,29,32,32,36,36,40,41,43,44",9d4c5f0c12889fb034103b01efa54b21690d648acad08c427f81fc6d33241e03,b677f291bd6311850d8cb19c1c51cfff76b3a1e2deece82b67687ca72a30d9f8,REFERENCE_OR_CUSTOM_TABLE_NOT_MARKED_LENS_VERIFIED,542.0,240.0,240.0,True,Holmer_1992_Annular,120,None_MSE_Method_Assumed_Zenith,8.593538402011996,0.081878,85.83533703672995,1.338750241826272,0.0,87.17408727855623,0.0,1.286239394190642,DeepLabV3+_Xception65_ADE20K,C:\Users\pandya\OneDrive - UCL\Field experiment raw data\Complete Participantwise data\Final Data\ucm\P9\WalkG\ucm\CamUp\cam_20250806_113858.jpg,C:\Users\pandya\Documents\Github\docker\Paper3_Analysis\output\SVF Output\P9\WalkG\CamUp_SVF\cam_20250806_113858_svf.jpg,True,50.81346772,4.37010866,,,,,,,,,,,,,,,
P9,WalkG,cam_20250806_113859.jpg,2025-08-06 11:38:59,CamUp,neginja_MSE_SkyViewFactor_reference_table,"24,25,25,26,26,27,27,29,29,32,32,36,36,40,41,43,44",9d4c5f0c12889fb034103b01efa54b21690d648acad08c427f81fc6d33241e03,b677f291bd6311850d8cb19c1c51cfff76b3a1e2deece82b67687ca72a30d9f8,REFERENCE_OR_CUSTOM_TABLE_NOT_MARKED_LENS_VERIFIED,542.0,240.0,240.0,True,Holmer_1992_Annular,120,None_MSE_Method_Assumed_Zenith,9.696266202360224,0.075415,86.86068043003621,0.10281071221291767,0.0,86.96349114224913,0.0,0.8329878672304672,DeepLabV3+_Xception65_ADE20K,C:\Users\pandya\OneDrive - UCL\Field experiment raw data\Complete Participantwise data\Final Data\ucm\P9\WalkG\ucm\CamUp\cam_20250806_113859.jpg,C:\Users\pandya\Documents\Github\docker\Paper3_Analysis\output\SVF Output\P9\WalkG\CamUp_SVF\cam_20250806_113859_svf.jpg,True,50.81346772,4.37010866,,,,,,,,,,,,,,,
P9,WalkG,cam_20250806_113900.jpg,2025-08-06 11:39:00,CamUp,neginja_MSE_SkyViewFactor_reference_table,"24,25,25,26,26,27,27,29,29,32,32,36,36,40,41,43,44",9d4c5f0c12889fb034103b01efa54b21690d648acad08c427f81fc6d33241e03,b677f291bd6311850d8cb19c1c51cfff76b3a1e2deece82b67687ca72a30d9f8,REFERENCE_OR_CUSTOM_TABLE_NOT_MARKED_LENS_VERIFIED,542.0,240.0,240.0,True,Holmer_1992_Annular,120,None_MSE_Method_Assumed_Zenith,10.618798883453556,0.07361,86.10176049526021,0.17687864466738523,0.0,86.27863913992759,0.0,1.1607661056297156,DeepLabV3+_Xception65_ADE20K,C:\Users\pandya\OneDrive - UCL\Field experiment raw data\Complete Participantwise data\Final Data\ucm\P9\WalkG\ucm\CamUp\cam_20250806_113900.jpg,C:\Users\pandya\Documents\Github\docker\Paper3_Analysis\output\SVF Output\P9\WalkG\CamUp_SVF\cam_20250806_113900_svf.jpg,True,50.81346317,4.37010274,,,,,,,,,,,,,,,
P9,WalkG,cam_20250806_113901.jpg,2025-08-06 11:39:01,CamUp,neginja_MSE_SkyViewFactor_reference_table,"24,25,25,26,26,27,27,29,29,32,32,36,36,40,41,43,44",9d4c5f0c12889fb034103b01efa54b21690d648acad08c427f81fc6d33241e03,b677f291bd6311850d8cb19c1c51cfff76b3a1e2deece82b67687ca72a30d9f8,REFERENCE_OR_CUSTOM_TABLE_NOT_MARKED_LENS_VERIFIED,542.0,240.0,240.0,True,Holmer_1992_Annular,120,None_MSE_Method_Assumed_Zenith,10.946024376088218,0.07127,85.71649669734406,0.04366691540226073,0.0,85.76016361274631,0.0,0.38581654368073404,DeepLabV3+_Xception65_ADE20K,C:\Users\pandya\OneDrive - UCL\Field experiment raw data\Complete Participantwise data\Final Data\ucm\P9\WalkG\ucm\CamUp\cam_20250806_113901.jpg,C:\Users\pandya\Documents\Github\docker\Paper3_Analysis\output\SVF Output\P9\WalkG\CamUp_SVF\cam_20250806_113901_svf.jpg,True,50.813512,4.370184,,,,,,,,,,,,,,,
P9,WalkG,cam_20250806_113902.jpg,2025-08-06 11:39:02,CamUp,neginja_MSE_SkyViewFactor_reference_table,"24,25,25,26,26,27,27,29,29,32,32,36,36,40,41,43,44",9d4c5f0c12889fb034103b01efa54b21690d648acad08c427f81fc6d33241e03,b677f291bd6311850d8cb19c1c51cfff76b3a1e2deece82b67687ca72a30d9f8,REFERENCE_OR_CUSTOM_TABLE_NOT_MARKED_LENS_VERIFIED,542.0,240.0,240.0,True,Holmer_1992_Annular,120,None_MSE_Method_Assumed_Zenith,5.670618798883453,0.049586,88.96940552193018,1.135339800458779,0.0,90.10474532238896,0.0,2.375701296188818,DeepLabV3+_Xception65_ADE20K,C:\Users\pandya\OneDrive - UCL\Field experiment raw data\Complete Participantwise data\Final Data\ucm\P9\WalkG\ucm\CamUp\cam_20250806_113902.jpg,C:\Users\pandya\Documents\Github\docker\Paper3_Analysis\output\SVF Output\P9\WalkG\CamUp_SVF\cam_20250806_113902_svf.jpg,True,50.813492,4.370173,,,,,,,,,,,,,,,
P9,WalkG,cam_20250806_113903.jpg,2025-08-06 11:39:03,CamUp,neginja_MSE_SkyViewFactor_reference_table,"24,25,25,26,26,27,27,29,29,32,32,36,36,40,41,43,44",9d4c5f0c12889fb034103b01efa54b21690d648acad08c427f81fc6d33241e03,b677f291bd6311850d8cb19c1c51cfff76b3a1e2deece82b67687ca72a30d9f8,REFERENCE_OR_CUSTOM_TABLE_NOT_MARKED_LENS_VERIFIED,542.0,240.0,240.0,True,Holmer_1992_Annular,120,None_MSE_Method_Assumed_Zenith,7.717436365143852,0.055765,89.01915264074289,0.1569797971423044,0.0,89.17613243788519,0.0,1.0878036647044191,DeepLabV3+_Xception65_ADE20K,C:\Users\pandya\OneDrive - UCL\Field experiment raw data\Complete Participantwise data\Final Data\ucm\P9\WalkG\ucm\CamUp\cam_20250806_113903.jpg,C:\Users\pandya\Documents\Github\docker\Paper3_Analysis\output\SVF Output\P9\WalkG\CamUp_SVF\cam_20250806_113903_svf.jpg,True,50.81339634,4.37007077,,,,,,,,,,,,,,,
P9,WalkG,cam_20250806_113904.jpg,2025-08-06 11:39:04,CamUp,neginja_MSE_SkyViewFactor_reference_table,"24,25,25,26,26,27,27,29,29,32,32,36,36,40,41,43,44",9d4c5f0c12889fb034103b01efa54b21690d648acad08c427f81fc6d33241e03,b677f291bd6311850d8cb19c1c51cfff76b3a1e2deece82b67687ca72a30d9f8,REFERENCE_OR_CUSTOM_TABLE_NOT_MARKED_LENS_VERIFIED,542.0,240.0,240.0,True,Holmer_1992_Annular,120,None_MSE_Method_Assumed_Zenith,4.434126523505514,0.038298,95.00815300002763,0.0,0.0,95.00815300002763,0.0,0.48365254401238156,DeepLabV3+_Xception65_ADE20K,C:\Users\pandya\OneDrive - UCL\Field experiment raw data\Complete Participantwise data\Final Data\ucm\P9\WalkG\ucm\CamUp\cam_20250806_113904.jpg,C:\Users\pandya\Documents\Github\docker\Paper3_Analysis\output\SVF Output\P9\WalkG\CamUp_SVF\cam_20250806_113904_svf.jpg,True,50.81338019,4.37004449,,,,,,,,,,,,,,,
P9,WalkG,cam_20250806_113905.jpg,2025-08-06 11:39:05,CamUp,neginja_MSE_SkyViewFactor_reference_table,"24,25,25,26,26,27,27,29,29,32,32,36,36,40,41,43,44",9d4c5f0c12889fb034103b01efa54b21690d648acad08c427f81fc6d33241e03,b677f291bd6311850d8cb19c1c51cfff76b3a1e2deece82b67687ca72a30d9f8,REFERENCE_OR_CUSTOM_TABLE_NOT_MARKED_LENS_VERIFIED,542.0,240.0,240.0,True,Holmer_1992_Annular,120,None_MSE_Method_Assumed_Zenith,8.568112096841057,0.076159,90.30926125528563,0.6599784429151812,0.0,90.96923969820081,0.0,0.11994583091507062,DeepLabV3+_Xception65_ADE20K,C:\Users\pandya\OneDrive - UCL\Field experiment raw data\Complete Participantwise data\Final Data\ucm\P9\WalkG\ucm\CamUp\cam_20250806_113905.jpg,C:\Users\pandya\Documents\Github\docker\Paper3_Analysis\output\SVF Output\P9\WalkG\CamUp_SVF\cam_20250806_113905_svf.jpg,True,50.813444,4.370141,,,,,,,,,,,,,,,
P9,WalkG,cam_20250806_113906.jpg,2025-08-06 11:39:06,CamUp,neginja_MSE_SkyViewFactor_reference_table,"24,25,25,26,26,27,27,29,29,32,32,36,36,40,41,43,44",9d4c5f0c12889fb034103b01efa54b21690d648acad08c427f81fc6d33241e03,b677f291bd6311850d8cb19c1c51cfff76b3a1e2deece82b67687ca72a30d9f8,REFERENCE_OR_CUSTOM_TABLE_NOT_MARKED_LENS_VERIFIED,542.0,240.0,240.0,True,Holmer_1992_Annular,120,None_MSE_Method_Assumed_Zenith,9.297183760329435,0.080554,88.67921399552276,1.60406820882735,0.0,90.28328220435012,0.0,0.0,DeepLabV3+_Xception65_ADE20K,C:\Users\pandya\OneDrive - UCL\Field experiment raw data\Complete Participantwise data\Final Data\ucm\P9\WalkG\ucm\CamUp\cam_20250806_113906.jpg,C:\Users\pandya\Documents\Github\docker\Paper3_Analysis\output\SVF Output\P9\WalkG\CamUp_SVF\cam_20250806_113906_svf.jpg,True,50.8133561,4.37005136,,,,,,,,,,,,,,,
P9,WalkG,cam_20250806_113907.jpg,2025-08-06 11:39:07,CamUp,neginja_MSE_SkyViewFactor_reference_table,"24,25,25,26,26,27,27,29,29,32,32,36,36,40,41,43,44",9d4c5f0c12889fb034103b01efa54b21690d648acad08c427f81fc6d33241e03,b677f291bd6311850d8cb19c1c51cfff76b3a1e2deece82b67687ca72a30d9f8,REFERENCE_OR_CUSTOM_TABLE_NOT_MARKED_LENS_VERIFIED,542.0,240.0,240.0,True,Holmer_1992_Annular,120,None_MSE_Method_Assumed_Zenith,6.620788768206063,0.048001,93.07243733244894,0.30456291628665394,0.0,93.3770002487356,0.0,0.0022109830583423155,DeepLabV3+_Xception65_ADE20K,C:\Users\pandya\OneDrive - UCL\Field experiment raw data\Complete Participantwise data\Final Data\ucm\P9\WalkG\ucm\CamUp\cam_20250806_113907.jpg,C:\Users\pandya\Documents\Github\docker\Paper3_Analysis\output\SVF Output\P9\WalkG\CamUp_SVF\cam_20250806_113907_svf.jpg,True,50.8133561,4.37005136,,,,,,,,,,,,,,,
P9,WalkG,cam_20250806_113908.jpg,2025-08-06 11:39:08,CamUp,neginja_MSE_SkyViewFactor_reference_table,"24,25,25,26,26,27,27,29,29,32,32,36,36,40,41,43,44",9d4c5f0c12889fb034103b01efa54b21690d648acad08c427f81fc6d33241e03,b677f291bd6311850d8cb19c1c51cfff76b3a1e2deece82b67687ca72a30d9f8,REFERENCE_OR_CUSTOM_TABLE_NOT_MARKED_LENS_VERIFIED,542.0,240.0,240.0,True,Holmer_1992_Annular,120,None_MSE_Method_Assumed_Zenith,4.062681369704005,0.027097,95.54099991708813,0.39631871320786005,0.0,95.93731863029599,0.0,0.0,DeepLabV3+_Xception65_ADE20K,C:\Users\pandya\OneDrive - UCL\Field experiment raw data\Complete Participantwise data\Final Data\ucm\P9\WalkG\ucm\CamUp\cam_20250806_113908.jpg,C:\Users\pandya\Documents\Github\docker\Paper3_Analysis\output\SVF Output\P9\WalkG\CamUp_SVF\cam_20250806_113908_svf.jpg,True,50.81336297,4.37004007,,,,,,,,,,,,,,,
P9,WalkG,cam_20250806_113909.jpg,2025-08-06 11:39:09,CamUp,neginja_MSE_SkyViewFactor_reference_table,"24,25,25,26,26,27,27,29,29,32,32,36,36,40,41,43,44",9d4c5f0c12889fb034103b01efa54b21690d648acad08c427f81fc6d33241e03,b677f291bd6311850d8cb19c1c51cfff76b3a1e2deece82b67687ca72a30d9f8,REFERENCE_OR_CUSTOM_TABLE_NOT_MARKED_LENS_VERIFIED,542.0,240.0,240.0,True,Holmer_1992_Annular,120,None_MSE_Method_Assumed_Zenith,7.882154602990354,0.049218,86.30074897051101,5.588259679960203,0.0,91.88900865047121,0.0,0.0,DeepLabV3+_Xception65_ADE20K,C:\Users\pandya\OneDrive - UCL\Field experiment raw data\Complete Participantwise data\Final Data\ucm\P9\WalkG\ucm\CamUp\cam_20250806_113909.jpg,C:\Users\pandya\Documents\Github\docker\Paper3_Analysis\output\SVF Output\P9\WalkG\CamUp_SVF\cam_20250806_113909_svf.jpg,True,50.81333628,4.37003691,,,,,,,,,,,,,,,
P9,WalkG,cam_20250806_113910.jpg,2025-08-06 11:39:10,CamUp,neginja_MSE_SkyViewFactor_reference_table,"24,25,25,26,26,27,27,29,29,32,32,36,36,40,41,43,44",9d4c5f0c12889fb034103b01efa54b21690d648acad08c427f81fc6d33241e03,b677f291bd6311850d8cb19c1c51cfff76b3a1e2deece82b67687ca72a30d9f8,REFERENCE_OR_CUSTOM_TABLE_NOT_MARKED_LENS_VERIFIED,542.0,240.0,240.0,True,Holmer_1992_Annular,120,None_MSE_Method_Assumed_Zenith,7.397396567448802,0.051996,90.34297874692535,1.280711936544786,0.0,91.62369068347014,0.0,0.0,DeepLabV3+_Xception65_ADE20K,C:\Users\pandya\OneDrive - UCL\Field experiment raw data\Complete Participantwise data\Final Data\ucm\P9\WalkG\ucm\CamUp\cam_20250806_113910.jpg,C:\Users\pandya\Documents\Github\docker\Paper3_Analysis\output\SVF Output\P9\WalkG\CamUp_SVF\cam_20250806_113910_svf.jpg,True,50.81337498,4.37003137,,,,,,,,,,,,,,,
P9,WalkG,cam_20250806_113911.jpg,2025-08-06 11:39:11,CamUp,neginja_MSE_SkyViewFactor_reference_table,"24,25,25,26,26,27,27,29,29,32,32,36,36,40,41,43,44",9d4c5f0c12889fb034103b01efa54b21690d648acad08c427f81fc6d33241e03,b677f291bd6311850d8cb19c1c51cfff76b3a1e2deece82b67687ca72a30d9f8,REFERENCE_OR_CUSTOM_TABLE_NOT_MARKED_LENS_VERIFIED,542.0,240.0,240.0,True,Holmer_1992_Annular,120,None_MSE_Method_Assumed_Zenith,4.276593980598624,0.04524,85.39811513694276,8.896995826769476,0.0,94.29511096371223,0.0,0.0,DeepLabV3+_Xception65_ADE20K,C:\Users\pandya\OneDrive - UCL\Field experiment raw data\Complete Participantwise data\Final Data\ucm\P9\WalkG\ucm\CamUp\cam_20250806_113911.jpg,C:\Users\pandya\Documents\Github\docker\Paper3_Analysis\output\SVF Output\P9\WalkG\CamUp_SVF\cam_20250806_113911_svf.jpg,True,50.81336482,4.37002387,,,,,,,,,,,,,,,
P9,WalkG,cam_20250806_113912.jpg,2025-08-06 11:39:12,CamUp,neginja_MSE_SkyViewFactor_reference_table,"24,25,25,26,26,27,27,29,29,32,32,36,36,40,41,43,44",9d4c5f0c12889fb034103b01efa54b21690d648acad08c427f81fc6d33241e03,b677f291bd6311850d8cb19c1c51cfff76b3a1e2deece82b67687ca72a30d9f8,REFERENCE_OR_CUSTOM_TABLE_NOT_MARKED_LENS_VERIFIED,542.0,240.0,240.0,True,Holmer_1992_Annular,120,None_MSE_Method_Assumed_Zenith,4.283779675538237,0.048808,80.83740983334715,13.7600530635934,0.0,94.59746289694056,0.0,0.0027637288229278942,DeepLabV3+_Xception65_ADE20K,C:\Users\pandya\OneDrive - UCL\Field experiment raw data\Complete Participantwise data\Final Data\ucm\P9\WalkG\ucm\CamUp\cam_20250806_113912.jpg,C:\Users\pandya\Documents\Github\docker\Paper3_Analysis\output\SVF Output\P9\WalkG\CamUp_SVF\cam_20250806_113912_svf.jpg,True,50.81333102,4.37002899,,,,,,,,,,,,,,,
P9,WalkG,cam_20250806_113913.jpg,2025-08-06 11:39:13,CamUp,neginja_MSE_SkyViewFactor_reference_table,"24,25,25,26,26,27,27,29,29,32,32,36,36,40,41,43,44",9d4c5f0c12889fb034103b01efa54b21690d648acad08c427f81fc6d33241e03,b677f291bd6311850d8cb19c1c51cfff76b3a1e2deece82b67687ca72a30d9f8,REFERENCE_OR_CUSTOM_TABLE_NOT_MARKED_LENS_VERIFIED,542.0,240.0,240.0,True,Holmer_1992_Annular,120,None_MSE_Method_Assumed_Zenith,3.124671807202277,0.050067,91.74308376862062,2.9931183152309098,0.0,94.73620208385154,0.0,1.076196003648122,DeepLabV3+_Xception65_ADE20K,C:\Users\pandya\OneDrive - UCL\Field experiment raw data\Complete Participantwise data\Final Data\ucm\P9\WalkG\ucm\CamUp\cam_20250806_113913.jpg,C:\Users\pandya\Documents\Github\docker\Paper3_Analysis\output\SVF Output\P9\WalkG\CamUp_SVF\cam_20250806_113913_svf.jpg,True,50.81333102,4.37002899,,,,,,,,,,,,,,,
P9,WalkG,cam_20250806_113914.jpg,2025-08-06 11:39:14,CamUp,neginja_MSE_SkyViewFactor_reference_table,"24,25,25,26,26,27,27,29,29,32,32,36,36,40,41,43,44",9d4c5f0c12889fb034103b01efa54b21690d648acad08c427f81fc6d33241e03,b677f291bd6311850d8cb19c1c51cfff76b3a1e2deece82b67687ca72a30d9f8,REFERENCE_OR_CUSTOM_TABLE_NOT_MARKED_LENS_VERIFIED,542.0,240.0,240.0,True,Holmer_1992_Annular,120,None_MSE_Method_Assumed_Zenith,3.4104413674930214,0.05598,81.01926318989581,12.515269601746676,0.0,93.53453279164249,0.0,0.18959179725285355,DeepLabV3+_Xception65_ADE20K,C:\Users\pandya\OneDrive - UCL\Field experiment raw data\Complete Participantwise data\Final Data\ucm\P9\WalkG\ucm\CamUp\cam_20250806_113914.jpg,C:\Users\pandya\Documents\Github\docker\Paper3_Analysis\output\SVF Output\P9\WalkG\CamUp_SVF\cam_20250806_113914_svf.jpg,True,50.81330472,4.3700334,,,,,,,,,,,,,,,
P9,WalkG,cam_20250806_113915.jpg,2025-08-06 11:39:15,CamUp,neginja_MSE_SkyViewFactor_reference_table,"24,25,25,26,26,27,27,29,29,32,32,36,36,40,41,43,44",9d4c5f0c12889fb034103b01efa54b21690d648acad08c427f81fc6d33241e03,b677f291bd6311850d8cb19c1c51cfff76b3a1e2deece82b67687ca72a30d9f8,REFERENCE_OR_CUSTOM_TABLE_NOT_MARKED_LENS_VERIFIED,542.0,240.0,240.0,True,Holmer_1992_Annular,120,None_MSE_Method_Assumed_Zenith,3.5967166901583614,0.054743,91.40203963187132,3.363457977503247,0.0,94.76549760937456,0.0,0.0,DeepLabV3+_Xception65_ADE20K,C:\Users\pandya\OneDrive - UCL\Field experiment raw data\Complete Participantwise data\Final Data\ucm\P9\WalkG\ucm\CamUp\cam_20250806_113915.jpg,C:\Users\pandya\Documents\Github\docker\Paper3_Analysis\output\SVF Output\P9\WalkG\CamUp_SVF\cam_20250806_113915_svf.jpg,True,50.81332,4.370066,,,,,,,,,,,,,,,
P9,WalkG,cam_20250806_113916.jpg,2025-08-06 11:39:16,CamUp,neginja_MSE_SkyViewFactor_reference_table,"24,25,25,26,26,27,27,29,29,32,32,36,36,40,41,43,44",9d4c5f0c12889fb034103b01efa54b21690d648acad08c427f81fc6d33241e03,b677f291bd6311850d8cb19c1c51cfff76b3a1e2deece82b67687ca72a30d9f8,REFERENCE_OR_CUSTOM_TABLE_NOT_MARKED_LENS_VERIFIED,542.0,240.0,240.0,True,Holmer_1992_Annular,120,None_MSE_Method_Assumed_Zenith,3.8974103860929166,0.066629,90.64422518862449,3.5508387916977586,0.0,94.19506398032225,0.0,0.0005527457645855789,DeepLabV3+_Xception65_ADE20K,C:\Users\pandya\OneDrive - UCL\Field experiment raw data\Complete Participantwise data\Final Data\ucm\P9\WalkG\ucm\CamUp\cam_20250806_113916.jpg,C:\Users\pandya\Documents\Github\docker\Paper3_Analysis\output\SVF Output\P9\WalkG\CamUp_SVF\cam_20250806_113916_svf.jpg,True,50.81332,4.370066,,,,,,,,,,,,,,,
P9,WalkG,cam_20250806_113917.jpg,2025-08-06 11:39:17,CamUp,neginja_MSE_SkyViewFactor_reference_table,"24,25,25,26,26,27,27,29,29,32,32,36,36,40,41,43,44",9d4c5f0c12889fb034103b01efa54b21690d648acad08c427f81fc6d33241e03,b677f291bd6311850d8cb19c1c51cfff76b3a1e2deece82b67687ca72a30d9f8,REFERENCE_OR_CUSTOM_TABLE_NOT_MARKED_LENS_VERIFIED,542.0,240.0,240.0,True,Holmer_1992_Annular,120,None_MSE_Method_Assumed_Zenith,4.403172760688721,0.079568,92.58104634773237,1.1309178343420945,0.0,93.71196418207447,0.0,0.521239256004201,DeepLabV3+_Xception65_ADE20K,C:\Users\pandya\OneDrive - UCL\Field experiment raw data\Complete Participantwise data\Final Data\ucm\P9\WalkG\ucm\CamUp\cam_20250806_113917.jpg,C:\Users\pandya\Documents\Github\docker\Paper3_Analysis\output\SVF Output\P9\WalkG\CamUp_SVF\cam_20250806_113917_svf.jpg,True,50.81324062,4.37003624,,,,,,,,,,,,,,,
P9,WalkG,cam_20250806_113918.jpg,2025-08-06 11:39:18,CamUp,neginja_MSE_SkyViewFactor_reference_table,"24,25,25,26,26,27,27,29,29,32,32,36,36,40,41,43,44",9d4c5f0c12889fb034103b01efa54b21690d648acad08c427f81fc6d33241e03,b677f291bd6311850d8cb19c1c51cfff76b3a1e2deece82b67687ca72a30d9f8,REFERENCE_OR_CUSTOM_TABLE_NOT_MARKED_LENS_VERIFIED,542.0,240.0,240.0,True,Holmer_1992_Annular,120,None_MSE_Method_Assumed_Zenith,4.944863609982589,0.0863,93.3344388248625,0.1492413564381063,0.0,93.48368018130061,0.0,0.8799712572202415,DeepLabV3+_Xception65_ADE20K,C:\Users\pandya\OneDrive - UCL\Field experiment raw data\Complete Participantwise data\Final Data\ucm\P9\WalkG\ucm\CamUp\cam_20250806_113918.jpg,C:\Users\pandya\Documents\Github\docker\Paper3_Analysis\output\SVF Output\P9\WalkG\CamUp_SVF\cam_20250806_113918_svf.jpg,True,50.81321714,4.37001784,,,,,,,,,,,,,,,
P9,WalkG,cam_20250806_113919.jpg,2025-08-06 11:39:19,CamUp,neginja_MSE_SkyViewFactor_reference_table,"24,25,25,26,26,27,27,29,29,32,32,36,36,40,41,43,44",9d4c5f0c12889fb034103b01efa54b21690d648acad08c427f81fc6d33241e03,b677f291bd6311850d8cb19c1c51cfff76b3a1e2deece82b67687ca72a30d9f8,REFERENCE_OR_CUSTOM_TABLE_NOT_MARKED_LENS_VERIFIED,542.0,240.0,240.0,True,Holmer_1992_Annular,120,None_MSE_Method_Assumed_Zenith,4.787331067075699,0.076553,92.17035624464528,0.0,0.0,92.17035624464528,0.0,1.122073902108725,DeepLabV3+_Xception65_ADE20K,C:\Users\pandya\OneDrive - UCL\Field experiment raw data\Complete Participantwise data\Final Data\ucm\P9\WalkG\ucm\CamUp\cam_20250806_113919.jpg,C:\Users\pandya\Documents\Github\docker\Paper3_Analysis\output\SVF Output\P9\WalkG\CamUp_SVF\cam_20250806_113919_svf.jpg,True,50.81321347,4.37001737,,,,,,,,,,,,,,,
P9,WalkG,cam_20250806_113920.jpg,2025-08-06 11:39:20,CamUp,neginja_MSE_SkyViewFactor_reference_table,"24,25,25,26,26,27,27,29,29,32,32,36,36,40,41,43,44",9d4c5f0c12889fb034103b01efa54b21690d648acad08c427f81fc6d33241e03,b677f291bd6311850d8cb19c1c51cfff76b3a1e2deece82b67687ca72a30d9f8,REFERENCE_OR_CUSTOM_TABLE_NOT_MARKED_LENS_VERIFIED,542.0,240.0,240.0,True,Holmer_1992_Annular,120,None_MSE_Method_Assumed_Zenith,7.101677583395517,0.074575,88.60182958848077,0.581488544344029,0.0,89.1833181328248,0.0,0.11276013597545809,DeepLabV3+_Xception65_ADE20K,C:\Users\pandya\OneDrive - UCL\Field experiment raw data\Complete Participantwise data\Final Data\ucm\P9\WalkG\ucm\CamUp\cam_20250806_113920.jpg,C:\Users\pandya\Documents\Github\docker\Paper3_Analysis\output\SVF Output\P9\WalkG\CamUp_SVF\cam_20250806_113920_svf.jpg,True,50.81321347,4.37001737,,,,,,,,,,,,,,,
P9,WalkG,cam_20250806_113921.jpg,2025-08-06 11:39:21,CamUp,neginja_MSE_SkyViewFactor_reference_table,"24,25,25,26,26,27,27,29,29,32,32,36,36,40,41,43,44",9d4c5f0c12889fb034103b01efa54b21690d648acad08c427f81fc6d33241e03,b677f291bd6311850d8cb19c1c51cfff76b3a1e2deece82b67687ca72a30d9f8,REFERENCE_OR_CUSTOM_TABLE_NOT_MARKED_LENS_VERIFIED,542.0,240.0,240.0,True,Holmer_1992_Annular,120,None_MSE_Method_Assumed_Zenith,3.504960893237156,0.053754,93.8755769283918,0.026531796700107784,0.0,93.9021087250919,0.0,0.0,DeepLabV3+_Xception65_ADE20K,C:\Users\pandya\OneDrive - UCL\Field experiment raw data\Complete Participantwise data\Final Data\ucm\P9\WalkG\ucm\CamUp\cam_20250806_113921.jpg,C:\Users\pandya\Documents\Github\docker\Paper3_Analysis\output\SVF Output\P9\WalkG\CamUp_SVF\cam_20250806_113921_svf.jpg,True,50.81319705,4.37001428,,,,,,,,,,,,,,,
P9,WalkG,cam_20250806_113922.jpg,2025-08-06 11:39:22,CamUp,neginja_MSE_SkyViewFactor_reference_table,"24,25,25,26,26,27,27,29,29,32,32,36,36,40,41,43,44",9d4c5f0c12889fb034103b01efa54b21690d648acad08c427f81fc6d33241e03,b677f291bd6311850d8cb19c1c51cfff76b3a1e2deece82b67687ca72a30d9f8,REFERENCE_OR_CUSTOM_TABLE_NOT_MARKED_LENS_VERIFIED,542.0,240.0,240.0,True,Holmer_1992_Annular,120,None_MSE_Method_Assumed_Zenith,2.3994693640659976,0.034808,95.74496310422022,0.0,0.0,95.74496310422022,0.0,0.4565680015476882,DeepLabV3+_Xception65_ADE20K,C:\Users\pandya\OneDrive - UCL\Field experiment raw data\Complete Participantwise data\Final Data\ucm\P9\WalkG\ucm\CamUp\cam_20250806_113922.jpg,C:\Users\pandya\Documents\Github\docker\Paper3_Analysis\output\SVF Output\P9\WalkG\CamUp_SVF\cam_20250806_113922_svf.jpg,True,50.81319705,4.37001428,,,,,,,,,,,,,,,
P9,WalkG,cam_20250806_113923.jpg,2025-08-06 11:39:23,CamUp,neginja_MSE_SkyViewFactor_reference_table,"24,25,25,26,26,27,27,29,29,32,32,36,36,40,41,43,44",9d4c5f0c12889fb034103b01efa54b21690d648acad08c427f81fc6d33241e03,b677f291bd6311850d8cb19c1c51cfff76b3a1e2deece82b67687ca72a30d9f8,REFERENCE_OR_CUSTOM_TABLE_NOT_MARKED_LENS_VERIFIED,542.0,240.0,240.0,True,Holmer_1992_Annular,120,None_MSE_Method_Assumed_Zenith,2.3900726860680432,0.037631,95.97766907111074,0.0,0.0,95.97766907111074,0.0,0.029848271287621256,DeepLabV3+_Xception65_ADE20K,C:\Users\pandya\OneDrive - UCL\Field experiment raw data\Complete Participantwise data\Final Data\ucm\P9\WalkG\ucm\CamUp\cam_20250806_113923.jpg,C:\Users\pandya\Documents\Github\docker\Paper3_Analysis\output\SVF Output\P9\WalkG\CamUp_SVF\cam_20250806_113923_svf.jpg,True,50.813284,4.370066,,,,,,,,,,,,,,,
P9,WalkG,cam_20250806_113924.jpg,2025-08-06 11:39:24,CamUp,neginja_MSE_SkyViewFactor_reference_table,"24,25,25,26,26,27,27,29,29,32,32,36,36,40,41,43,44",9d4c5f0c12889fb034103b01efa54b21690d648acad08c427f81fc6d33241e03,b677f291bd6311850d8cb19c1c51cfff76b3a1e2deece82b67687ca72a30d9f8,REFERENCE_OR_CUSTOM_TABLE_NOT_MARKED_LENS_VERIFIED,542.0,240.0,240.0,True,Holmer_1992_Annular,120,None_MSE_Method_Assumed_Zenith,2.31545200784899,0.039719,96.91015117596662,0.0,0.0,96.91015117596662,0.0,0.0,DeepLabV3+_Xception65_ADE20K,C:\Users\pandya\OneDrive - UCL\Field experiment raw data\Complete Participantwise data\Final Data\ucm\P9\WalkG\ucm\CamUp\cam_20250806_113924.jpg,C:\Users\pandya\Documents\Github\docker\Paper3_Analysis\output\SVF Output\P9\WalkG\CamUp_SVF\cam_20250806_113924_svf.jpg,True,50.813268,4.370068,,,,,,,,,,,,,,,
P9,WalkG,cam_20250806_113925.jpg,2025-08-06 11:39:25,CamUp,neginja_MSE_SkyViewFactor_reference_table,"24,25,25,26,26,27,27,29,29,32,32,36,36,40,41,43,44",9d4c5f0c12889fb034103b01efa54b21690d648acad08c427f81fc6d33241e03,b677f291bd6311850d8cb19c1c51cfff76b3a1e2deece82b67687ca72a30d9f8,REFERENCE_OR_CUSTOM_TABLE_NOT_MARKED_LENS_VERIFIED,542.0,240.0,240.0,True,Holmer_1992_Annular,120,None_MSE_Method_Assumed_Zenith,2.1004339054251995,0.031278,95.72119503634303,0.0,0.0,95.72119503634303,0.0,0.0,DeepLabV3+_Xception65_ADE20K,C:\Users\pandya\OneDrive - UCL\Field experiment raw data\Complete Participantwise data\Final Data\ucm\P9\WalkG\ucm\CamUp\cam_20250806_113925.jpg,C:\Users\pandya\Documents\Github\docker\Paper3_Analysis\output\SVF Output\P9\WalkG\CamUp_SVF\cam_20250806_113925_svf.jpg,True,50.81315835,4.36999206,,,,,,,,,,,,,,,
P9,WalkG,cam_20250806_113926.jpg,2025-08-06 11:39:26,CamUp,neginja_MSE_SkyViewFactor_reference_table,"24,25,25,26,26,27,27,29,29,32,32,36,36,40,41,43,44",9d4c5f0c12889fb034103b01efa54b21690d648acad08c427f81fc6d33241e03,b677f291bd6311850d8cb19c1c51cfff76b3a1e2deece82b67687ca72a30d9f8,REFERENCE_OR_CUSTOM_TABLE_NOT_MARKED_LENS_VERIFIED,542.0,240.0,240.0,True,Holmer_1992_Annular,120,None_MSE_Method_Assumed_Zenith,2.5326810933311226,0.027279,94.78539645689965,0.3128541027554376,0.0,95.09825055965509,0.0,0.0,DeepLabV3+_Xception65_ADE20K,C:\Users\pandya\OneDrive - UCL\Field experiment raw data\Complete Participantwise data\Final Data\ucm\P9\WalkG\ucm\CamUp\cam_20250806_113926.jpg,C:\Users\pandya\Documents\Github\docker\Paper3_Analysis\output\SVF Output\P9\WalkG\CamUp_SVF\cam_20250806_113926_svf.jpg,True,50.81315835,4.36999206,,,,,,,,,,,,,,,
P9,WalkG,cam_20250806_113927.jpg,2025-08-06 11:39:27,CamUp,neginja_MSE_SkyViewFactor_reference_table,"24,25,25,26,26,27,27,29,29,32,32,36,36,40,41,43,44",9d4c5f0c12889fb034103b01efa54b21690d648acad08c427f81fc6d33241e03,b677f291bd6311850d8cb19c1c51cfff76b3a1e2deece82b67687ca72a30d9f8,REFERENCE_OR_CUSTOM_TABLE_NOT_MARKED_LENS_VERIFIED,542.0,240.0,240.0,True,Holmer_1992_Annular,120,None_MSE_Method_Assumed_Zenith,2.921261365834784,0.026884,94.06627421717381,0.4703866456623276,0.0,94.53666086283614,0.0,0.0055274576458557885,DeepLabV3+_Xception65_ADE20K,C:\Users\pandya\OneDrive - UCL\Field experiment raw data\Complete Participantwise data\Final Data\ucm\P9\WalkG\ucm\CamUp\cam_20250806_113927.jpg,C:\Users\pandya\Documents\Github\docker\Paper3_Analysis\output\SVF Output\P9\WalkG\CamUp_SVF\cam_20250806_113927_svf.jpg,True,50.81313189,4.36998782,,,,,,,,,,,,,,,
P9,WalkG,cam_20250806_113928.jpg,2025-08-06 11:39:28,CamUp,neginja_MSE_SkyViewFactor_reference_table,"24,25,25,26,26,27,27,29,29,32,32,36,36,40,41,43,44",9d4c5f0c12889fb034103b01efa54b21690d648acad08c427f81fc6d33241e03,b677f291bd6311850d8cb19c1c51cfff76b3a1e2deece82b67687ca72a30d9f8,REFERENCE_OR_CUSTOM_TABLE_NOT_MARKED_LENS_VERIFIED,542.0,240.0,240.0,True,Holmer_1992_Annular,120,None_MSE_Method_Assumed_Zenith,1.5786419036564132,0.013393,89.59953569355775,0.0,0.0,89.59953569355775,0.0,0.003869220352099052,DeepLabV3+_Xception65_ADE20K,C:\Users\pandya\OneDrive - UCL\Field experiment raw data\Complete Participantwise data\Final Data\ucm\P9\WalkG\ucm\CamUp\cam_20250806_113928.jpg,C:\Users\pandya\Documents\Github\docker\Paper3_Analysis\output\SVF Output\P9\WalkG\CamUp_SVF\cam_20250806_113928_svf.jpg,True,50.81313189,4.36998782,,,,,,,,,,,,,,,
P9,WalkG,cam_20250806_113929.jpg,2025-08-06 11:39:29,CamUp,neginja_MSE_SkyViewFactor_reference_table,"24,25,25,26,26,27,27,29,29,32,32,36,36,40,41,43,44",9d4c5f0c12889fb034103b01efa54b21690d648acad08c427f81fc6d33241e03,b677f291bd6311850d8cb19c1c51cfff76b3a1e2deece82b67687ca72a30d9f8,REFERENCE_OR_CUSTOM_TABLE_NOT_MARKED_LENS_VERIFIED,542.0,240.0,240.0,True,Holmer_1992_Annular,120,None_MSE_Method_Assumed_Zenith,2.526600889920681,0.016797,94.13813116656993,0.0,0.0,94.13813116656993,0.0,0.0,DeepLabV3+_Xception65_ADE20K,C:\Users\pandya\OneDrive - UCL\Field experiment raw data\Complete Participantwise data\Final Data\ucm\P9\WalkG\ucm\CamUp\cam_20250806_113929.jpg,C:\Users\pandya\Documents\Github\docker\Paper3_Analysis\output\SVF Output\P9\WalkG\CamUp_SVF\cam_20250806_113929_svf.jpg,True,50.81311028,4.36998458,,,,,,,,,,,,,,,
P9,WalkG,cam_20250806_113930.jpg,2025-08-06 11:39:30,CamUp,neginja_MSE_SkyViewFactor_reference_table,"24,25,25,26,26,27,27,29,29,32,32,36,36,40,41,43,44",9d4c5f0c12889fb034103b01efa54b21690d648acad08c427f81fc6d33241e03,b677f291bd6311850d8cb19c1c51cfff76b3a1e2deece82b67687ca72a30d9f8,REFERENCE_OR_CUSTOM_TABLE_NOT_MARKED_LENS_VERIFIED,542.0,240.0,240.0,True,Holmer_1992_Annular,120,None_MSE_Method_Assumed_Zenith,1.5438189204875217,0.014867,92.10015753254291,0.0,0.0,92.10015753254291,0.0,0.0016582372937567365,DeepLabV3+_Xception65_ADE20K,C:\Users\pandya\OneDrive - UCL\Field experiment raw data\Complete Participantwise data\Final Data\ucm\P9\WalkG\ucm\CamUp\cam_20250806_113930.jpg,C:\Users\pandya\Documents\Github\docker\Paper3_Analysis\output\SVF Output\P9\WalkG\CamUp_SVF\cam_20250806_113930_svf.jpg,True,50.81309817,4.36997979,,,,,,,,,,,,,,,
P9,WalkG,cam_20250806_113931.jpg,2025-08-06 11:39:31,CamUp,neginja_MSE_SkyViewFactor_reference_table,"24,25,25,26,26,27,27,29,29,32,32,36,36,40,41,43,44",9d4c5f0c12889fb034103b01efa54b21690d648acad08c427f81fc6d33241e03,b677f291bd6311850d8cb19c1c51cfff76b3a1e2deece82b67687ca72a30d9f8,REFERENCE_OR_CUSTOM_TABLE_NOT_MARKED_LENS_VERIFIED,542.0,240.0,240.0,True,Holmer_1992_Annular,120,None_MSE_Method_Assumed_Zenith,2.5420777713290774,0.016263,93.92808777602741,0.0,0.0,93.92808777602741,0.0,0.0,DeepLabV3+_Xception65_ADE20K,C:\Users\pandya\OneDrive - UCL\Field experiment raw data\Complete Participantwise data\Final Data\ucm\P9\WalkG\ucm\CamUp\cam_20250806_113931.jpg,C:\Users\pandya\Documents\Github\docker\Paper3_Analysis\output\SVF Output\P9\WalkG\CamUp_SVF\cam_20250806_113931_svf.jpg,True,50.81308631,4.36996462,,,,,,,,,,,,,,,
P9,WalkG,cam_20250806_113932.jpg,2025-08-06 11:39:32,CamUp,neginja_MSE_SkyViewFactor_reference_table,"24,25,25,26,26,27,27,29,29,32,32,36,36,40,41,43,44",9d4c5f0c12889fb034103b01efa54b21690d648acad08c427f81fc6d33241e03,b677f291bd6311850d8cb19c1c51cfff76b3a1e2deece82b67687ca72a30d9f8,REFERENCE_OR_CUSTOM_TABLE_NOT_MARKED_LENS_VERIFIED,542.0,240.0,240.0,True,Holmer_1992_Annular,120,None_MSE_Method_Assumed_Zenith,1.5427134289583506,0.013666,90.77854240941878,0.0,0.0,90.77854240941878,0.0,0.0,DeepLabV3+_Xception65_ADE20K,C:\Users\pandya\OneDrive - UCL\Field experiment raw data\Complete Participantwise data\Final Data\ucm\P9\WalkG\ucm\CamUp\cam_20250806_113932.jpg,C:\Users\pandya\Documents\Github\docker\Paper3_Analysis\output\SVF Output\P9\WalkG\CamUp_SVF\cam_20250806_113932_svf.jpg,True,50.81307427,4.36996693,,,,,,,,,,,,,,,
P9,WalkG,cam_20250806_113933.jpg,2025-08-06 11:39:33,CamUp,neginja_MSE_SkyViewFactor_reference_table,"24,25,25,26,26,27,27,29,29,32,32,36,36,40,41,43,44",9d4c5f0c12889fb034103b01efa54b21690d648acad08c427f81fc6d33241e03,b677f291bd6311850d8cb19c1c51cfff76b3a1e2deece82b67687ca72a30d9f8,REFERENCE_OR_CUSTOM_TABLE_NOT_MARKED_LENS_VERIFIED,542.0,240.0,240.0,True,Holmer_1992_Annular,120,None_MSE_Method_Assumed_Zenith,1.3547798689992538,0.013823,96.69844954813034,0.0,0.0,96.69844954813034,0.0,0.0,DeepLabV3+_Xception65_ADE20K,C:\Users\pandya\OneDrive - UCL\Field experiment raw data\Complete Participantwise data\Final Data\ucm\P9\WalkG\ucm\CamUp\cam_20250806_113933.jpg,C:\Users\pandya\Documents\Github\docker\Paper3_Analysis\output\SVF Output\P9\WalkG\CamUp_SVF\cam_20250806_113933_svf.jpg,True,50.81307427,4.36996693,,,,,,,,,,,,,,,
P9,WalkG,cam_20250806_113934.jpg,2025-08-06 11:39:34,CamUp,neginja_MSE_SkyViewFactor_reference_table,"24,25,25,26,26,27,27,29,29,32,32,36,36,40,41,43,44",9d4c5f0c12889fb034103b01efa54b21690d648acad08c427f81fc6d33241e03,b677f291bd6311850d8cb19c1c51cfff76b3a1e2deece82b67687ca72a30d9f8,REFERENCE_OR_CUSTOM_TABLE_NOT_MARKED_LENS_VERIFIED,542.0,240.0,240.0,True,Holmer_1992_Annular,120,None_MSE_Method_Assumed_Zenith,2.14410082082746,0.009636,89.7471188127021,0.0,0.0,89.7471188127021,0.0,0.0,DeepLabV3+_Xception65_ADE20K,C:\Users\pandya\OneDrive - UCL\Field experiment raw data\Complete Participantwise data\Final Data\ucm\P9\WalkG\ucm\CamUp\cam_20250806_113934.jpg,C:\Users\pandya\Documents\Github\docker\Paper3_Analysis\output\SVF Output\P9\WalkG\CamUp_SVF\cam_20250806_113934_svf.jpg,True,50.8130498,4.36997727,,,,,,,,,,,,,,,
P9,WalkG,cam_20250806_113935.jpg,2025-08-06 11:39:35,CamUp,neginja_MSE_SkyViewFactor_reference_table,"24,25,25,26,26,27,27,29,29,32,32,36,36,40,41,43,44",9d4c5f0c12889fb034103b01efa54b21690d648acad08c427f81fc6d33241e03,b677f291bd6311850d8cb19c1c51cfff76b3a1e2deece82b67687ca72a30d9f8,REFERENCE_OR_CUSTOM_TABLE_NOT_MARKED_LENS_VERIFIED,542.0,240.0,240.0,True,Holmer_1992_Annular,120,None_MSE_Method_Assumed_Zenith,0.8772075283973138,0.00663,92.28201088909157,0.0,0.0,92.28201088909157,0.0,0.0,DeepLabV3+_Xception65_ADE20K,C:\Users\pandya\OneDrive - UCL\Field experiment raw data\Complete Participantwise data\Final Data\ucm\P9\WalkG\ucm\CamUp\cam_20250806_113935.jpg,C:\Users\pandya\Documents\Github\docker\Paper3_Analysis\output\SVF Output\P9\WalkG\CamUp_SVF\cam_20250806_113935_svf.jpg,True,50.813184,4.370054,,,,,,,,,,,,,,,
P9,WalkG,cam_20250806_113936.jpg,2025-08-06 11:39:36,CamUp,neginja_MSE_SkyViewFactor_reference_table,"24,25,25,26,26,27,27,29,29,32,32,36,36,40,41,43,44",9d4c5f0c12889fb034103b01efa54b21690d648acad08c427f81fc6d33241e03,b677f291bd6311850d8cb19c1c51cfff76b3a1e2deece82b67687ca72a30d9f8,REFERENCE_OR_CUSTOM_TABLE_NOT_MARKED_LENS_VERIFIED,542.0,240.0,240.0,True,Holmer_1992_Annular,120,None_MSE_Method_Assumed_Zenith,2.6929773650609405,0.013907,97.0218058204129,0.0,0.0,97.0218058204129,0.0,0.0,DeepLabV3+_Xception65_ADE20K,C:\Users\pandya\OneDrive - UCL\Field experiment raw data\Complete Participantwise data\Final Data\ucm\P9\WalkG\ucm\CamUp\cam_20250806_113936.jpg,C:\Users\pandya\Documents\Github\docker\Paper3_Analysis\output\SVF Output\P9\WalkG\CamUp_SVF\cam_20250806_113936_svf.jpg,True,50.813168,4.370055,,,,,,,,,,,,,,,
P9,WalkG,cam_20250806_113937.jpg,2025-08-06 11:39:37,CamUp,neginja_MSE_SkyViewFactor_reference_table,"24,25,25,26,26,27,27,29,29,32,32,36,36,40,41,43,44",9d4c5f0c12889fb034103b01efa54b21690d648acad08c427f81fc6d33241e03,b677f291bd6311850d8cb19c1c51cfff76b3a1e2deece82b67687ca72a30d9f8,REFERENCE_OR_CUSTOM_TABLE_NOT_MARKED_LENS_VERIFIED,542.0,240.0,240.0,True,Holmer_1992_Annular,120,None_MSE_Method_Assumed_Zenith,2.3657518724262774,0.01209,91.91498770140673,0.0,0.0,91.91498770140673,0.0,0.0,DeepLabV3+_Xception65_ADE20K,C:\Users\pandya\OneDrive - UCL\Field experiment raw data\Complete Participantwise data\Final Data\ucm\P9\WalkG\ucm\CamUp\cam_20250806_113937.jpg,C:\Users\pandya\Documents\Github\docker\Paper3_Analysis\output\SVF Output\P9\WalkG\CamUp_SVF\cam_20250806_113937_svf.jpg,True,50.81301352,4.37000443,,,,,,,,,,,,,,,
P9,WalkG,cam_20250806_113938.jpg,2025-08-06 11:39:38,CamUp,neginja_MSE_SkyViewFactor_reference_table,"24,25,25,26,26,27,27,29,29,32,32,36,36,40,41,43,44",9d4c5f0c12889fb034103b01efa54b21690d648acad08c427f81fc6d33241e03,b677f291bd6311850d8cb19c1c51cfff76b3a1e2deece82b67687ca72a30d9f8,REFERENCE_OR_CUSTOM_TABLE_NOT_MARKED_LENS_VERIFIED,542.0,240.0,240.0,True,Holmer_1992_Annular,120,None_MSE_Method_Assumed_Zenith,4.628140286875052,0.015851,95.14357571235111,0.2282840007738441,0.0,95.37185971312495,0.0,0.0,DeepLabV3+_Xception65_ADE20K,C:\Users\pandya\OneDrive - UCL\Field experiment raw data\Complete Participantwise data\Final Data\ucm\P9\WalkG\ucm\CamUp\cam_20250806_113938.jpg,C:\Users\pandya\Documents\Github\docker\Paper3_Analysis\output\SVF Output\P9\WalkG\CamUp_SVF\cam_20250806_113938_svf.jpg,True,50.81300162,4.36999625,,,,,,,,,,,,,,,
P9,WalkG,cam_20250806_113939.jpg,2025-08-06 11:39:39,CamUp,neginja_MSE_SkyViewFactor_reference_table,"24,25,25,26,26,27,27,29,29,32,32,36,36,40,41,43,44",9d4c5f0c12889fb034103b01efa54b21690d648acad08c427f81fc6d33241e03,b677f291bd6311850d8cb19c1c51cfff76b3a1e2deece82b67687ca72a30d9f8,REFERENCE_OR_CUSTOM_TABLE_NOT_MARKED_LENS_VERIFIED,542.0,240.0,240.0,True,Holmer_1992_Annular,120,None_MSE_Method_Assumed_Zenith,3.1130641461459803,0.012665,96.55805212392559,0.32003979769505014,0.0,96.87809192162064,0.0,0.0,DeepLabV3+_Xception65_ADE20K,C:\Users\pandya\OneDrive - UCL\Field experiment raw data\Complete Participantwise data\Final Data\ucm\P9\WalkG\ucm\CamUp\cam_20250806_113939.jpg,C:\Users\pandya\Documents\Github\docker\Paper3_Analysis\output\SVF Output\P9\WalkG\CamUp_SVF\cam_20250806_113939_svf.jpg,True,50.813124,4.370057,,,,,,,,,,,,,,,
P9,WalkG,cam_20250806_113940.jpg,2025-08-06 11:39:40,CamUp,neginja_MSE_SkyViewFactor_reference_table,"24,25,25,26,26,27,27,29,29,32,32,36,36,40,41,43,44",9d4c5f0c12889fb034103b01efa54b21690d648acad08c427f81fc6d33241e03,b677f291bd6311850d8cb19c1c51cfff76b3a1e2deece82b67687ca72a30d9f8,REFERENCE_OR_CUSTOM_TABLE_NOT_MARKED_LENS_VERIFIED,542.0,240.0,240.0,True,Holmer_1992_Annular,120,None_MSE_Method_Assumed_Zenith,1.6709504463422051,0.009533,97.88353646740183,0.0,0.0,97.88353646740183,0.0,0.0,DeepLabV3+_Xception65_ADE20K,C:\Users\pandya\OneDrive - UCL\Field experiment raw data\Complete Participantwise data\Final Data\ucm\P9\WalkG\ucm\CamUp\cam_20250806_113940.jpg,C:\Users\pandya\Documents\Github\docker\Paper3_Analysis\output\SVF Output\P9\WalkG\CamUp_SVF\cam_20250806_113940_svf.jpg,True,50.81297551,4.36997542,,,,,,,,,,,,,,,
P9,WalkG,cam_20250806_113941.jpg,2025-08-06 11:39:41,CamUp,neginja_MSE_SkyViewFactor_reference_table,"24,25,25,26,26,27,27,29,29,32,32,36,36,40,41,43,44",9d4c5f0c12889fb034103b01efa54b21690d648acad08c427f81fc6d33241e03,b677f291bd6311850d8cb19c1c51cfff76b3a1e2deece82b67687ca72a30d9f8,REFERENCE_OR_CUSTOM_TABLE_NOT_MARKED_LENS_VERIFIED,542.0,240.0,240.0,True,Holmer_1992_Annular,120,None_MSE_Method_Assumed_Zenith,2.4066550590056104,0.008897,96.74045822623884,0.0,0.0,96.74045822623884,0.0,0.0,DeepLabV3+_Xception65_ADE20K,C:\Users\pandya\OneDrive - UCL\Field experiment raw data\Complete Participantwise data\Final Data\ucm\P9\WalkG\ucm\CamUp\cam_20250806_113941.jpg,C:\Users\pandya\Documents\Github\docker\Paper3_Analysis\output\SVF Output\P9\WalkG\CamUp_SVF\cam_20250806_113941_svf.jpg,True,50.81296142,4.36998203,,,,,,,,,,,,,,,
P9,WalkG,cam_20250806_113942.jpg,2025-08-06 11:39:42,CamUp,neginja_MSE_SkyViewFactor_reference_table,"24,25,25,26,26,27,27,29,29,32,32,36,36,40,41,43,44",9d4c5f0c12889fb034103b01efa54b21690d648acad08c427f81fc6d33241e03,b677f291bd6311850d8cb19c1c51cfff76b3a1e2deece82b67687ca72a30d9f8,REFERENCE_OR_CUSTOM_TABLE_NOT_MARKED_LENS_VERIFIED,542.0,240.0,240.0,True,Holmer_1992_Annular,120,None_MSE_Method_Assumed_Zenith,1.2215681397341294,0.005814,98.22126412956361,0.0,0.0,98.22126412956361,0.0,0.0,DeepLabV3+_Xception65_ADE20K,C:\Users\pandya\OneDrive - UCL\Field experiment raw data\Complete Participantwise data\Final Data\ucm\P9\WalkG\ucm\CamUp\cam_20250806_113942.jpg,C:\Users\pandya\Documents\Github\docker\Paper3_Analysis\output\SVF Output\P9\WalkG\CamUp_SVF\cam_20250806_113942_svf.jpg,True,50.81294886,4.36998831,,,,,,,,,,,,,,,
P9,WalkG,cam_20250806_113943.jpg,2025-08-06 11:39:43,CamUp,neginja_MSE_SkyViewFactor_reference_table,"24,25,25,26,26,27,27,29,29,32,32,36,36,40,41,43,44",9d4c5f0c12889fb034103b01efa54b21690d648acad08c427f81fc6d33241e03,b677f291bd6311850d8cb19c1c51cfff76b3a1e2deece82b67687ca72a30d9f8,REFERENCE_OR_CUSTOM_TABLE_NOT_MARKED_LENS_VERIFIED,542.0,240.0,240.0,True,Holmer_1992_Annular,120,None_MSE_Method_Assumed_Zenith,0.7169112566674958,0.006744,97.92830887433325,0.0,0.0,97.92830887433325,0.0,0.0,DeepLabV3+_Xception65_ADE20K,C:\Users\pandya\OneDrive - UCL\Field experiment raw data\Complete Participantwise data\Final Data\ucm\P9\WalkG\ucm\CamUp\cam_20250806_113943.jpg,C:\Users\pandya\Documents\Github\docker\Paper3_Analysis\output\SVF Output\P9\WalkG\CamUp_SVF\cam_20250806_113943_svf.jpg,True,50.81291366,4.36999159,,,,,,,,,,,,,,,
P9,WalkG,cam_20250806_113944.jpg,2025-08-06 11:39:44,CamUp,neginja_MSE_SkyViewFactor_reference_table,"24,25,25,26,26,27,27,29,29,32,32,36,36,40,41,43,44",9d4c5f0c12889fb034103b01efa54b21690d648acad08c427f81fc6d33241e03,b677f291bd6311850d8cb19c1c51cfff76b3a1e2deece82b67687ca72a30d9f8,REFERENCE_OR_CUSTOM_TABLE_NOT_MARKED_LENS_VERIFIED,542.0,240.0,240.0,True,Holmer_1992_Annular,120,None_MSE_Method_Assumed_Zenith,1.0557444103584557,0.003259,96.95050161678137,0.0,0.0,96.95050161678137,0.0,0.0,DeepLabV3+_Xception65_ADE20K,C:\Users\pandya\OneDrive - UCL\Field experiment raw data\Complete Participantwise data\Final Data\ucm\P9\WalkG\ucm\CamUp\cam_20250806_113944.jpg,C:\Users\pandya\Documents\Github\docker\Paper3_Analysis\output\SVF Output\P9\WalkG\CamUp_SVF\cam_20250806_113944_svf.jpg,True,50.81291618,4.36997706,,,,,,,,,,,,,,,
P9,WalkG,cam_20250806_113945.jpg,2025-08-06 11:39:45,CamUp,neginja_MSE_SkyViewFactor_reference_table,"24,25,25,26,26,27,27,29,29,32,32,36,36,40,41,43,44",9d4c5f0c12889fb034103b01efa54b21690d648acad08c427f81fc6d33241e03,b677f291bd6311850d8cb19c1c51cfff76b3a1e2deece82b67687ca72a30d9f8,REFERENCE_OR_CUSTOM_TABLE_NOT_MARKED_LENS_VERIFIED,542.0,240.0,240.0,True,Holmer_1992_Annular,120,None_MSE_Method_Assumed_Zenith,3.911229030207556,0.01908,89.8891744742006,0.0,0.0,89.8891744742006,0.0,0.0,DeepLabV3+_Xception65_ADE20K,C:\Users\pandya\OneDrive - UCL\Field experiment raw data\Complete Participantwise data\Final Data\ucm\P9\WalkG\ucm\CamUp\cam_20250806_113945.jpg,C:\Users\pandya\Documents\Github\docker\Paper3_Analysis\output\SVF Output\P9\WalkG\CamUp_SVF\cam_20250806_113945_svf.jpg,True,50.81293295,4.3699659,,,,,,,,,,,,,,,
P9,WalkG,cam_20250806_113946.jpg,2025-08-06 11:39:46,CamUp,neginja_MSE_SkyViewFactor_reference_table,"24,25,25,26,26,27,27,29,29,32,32,36,36,40,41,43,44",9d4c5f0c12889fb034103b01efa54b21690d648acad08c427f81fc6d33241e03,b677f291bd6311850d8cb19c1c51cfff76b3a1e2deece82b67687ca72a30d9f8,REFERENCE_OR_CUSTOM_TABLE_NOT_MARKED_LENS_VERIFIED,542.0,240.0,240.0,True,Holmer_1992_Annular,120,None_MSE_Method_Assumed_Zenith,1.366387530055551,0.001565,95.29723903490589,0.0,0.0,95.29723903490589,0.0,0.0,DeepLabV3+_Xception65_ADE20K,C:\Users\pandya\OneDrive - UCL\Field experiment raw data\Complete Participantwise data\Final Data\ucm\P9\WalkG\ucm\CamUp\cam_20250806_113946.jpg,C:\Users\pandya\Documents\Github\docker\Paper3_Analysis\output\SVF Output\P9\WalkG\CamUp_SVF\cam_20250806_113946_svf.jpg,True,50.813036,4.370051,,,,,,,,,,,,,,,
P9,WalkG,cam_20250806_113947.jpg,2025-08-06 11:39:47,CamUp,neginja_MSE_SkyViewFactor_reference_table,"24,25,25,26,26,27,27,29,29,32,32,36,36,40,41,43,44",9d4c5f0c12889fb034103b01efa54b21690d648acad08c427f81fc6d33241e03,b677f291bd6311850d8cb19c1c51cfff76b3a1e2deece82b67687ca72a30d9f8,REFERENCE_OR_CUSTOM_TABLE_NOT_MARKED_LENS_VERIFIED,542.0,240.0,240.0,True,Holmer_1992_Annular,120,None_MSE_Method_Assumed_Zenith,3.17552441754415,0.007243,96.59563883591741,0.0,0.0,96.59563883591741,0.0,0.0,DeepLabV3+_Xception65_ADE20K,C:\Users\pandya\OneDrive - UCL\Field experiment raw data\Complete Participantwise data\Final Data\ucm\P9\WalkG\ucm\CamUp\cam_20250806_113947.jpg,C:\Users\pandya\Documents\Github\docker\Paper3_Analysis\output\SVF Output\P9\WalkG\CamUp_SVF\cam_20250806_113947_svf.jpg,True,50.81290858,4.3699462,,,,,,,,,,,,,,,
P9,WalkG,cam_20250806_113948.jpg,2025-08-06 11:39:48,CamUp,neginja_MSE_SkyViewFactor_reference_table,"24,25,25,26,26,27,27,29,29,32,32,36,36,40,41,43,44",9d4c5f0c12889fb034103b01efa54b21690d648acad08c427f81fc6d33241e03,b677f291bd6311850d8cb19c1c51cfff76b3a1e2deece82b67687ca72a30d9f8,REFERENCE_OR_CUSTOM_TABLE_NOT_MARKED_LENS_VERIFIED,542.0,240.0,240.0,True,Holmer_1992_Annular,120,None_MSE_Method_Assumed_Zenith,3.583450791808308,0.007266,94.9097642539314,0.0,0.0,94.9097642539314,0.0,0.0,DeepLabV3+_Xception65_ADE20K,C:\Users\pandya\OneDrive - UCL\Field experiment raw data\Complete Participantwise data\Final Data\ucm\P9\WalkG\ucm\CamUp\cam_20250806_113948.jpg,C:\Users\pandya\Documents\Github\docker\Paper3_Analysis\output\SVF Output\P9\WalkG\CamUp_SVF\cam_20250806_113948_svf.jpg,True,50.81287369,4.36994622,,,,,,,,,,,,,,,
P9,WalkG,cam_20250806_113949.jpg,2025-08-06 11:39:49,CamUp,neginja_MSE_SkyViewFactor_reference_table,"24,25,25,26,26,27,27,29,29,32,32,36,36,40,41,43,44",9d4c5f0c12889fb034103b01efa54b21690d648acad08c427f81fc6d33241e03,b677f291bd6311850d8cb19c1c51cfff76b3a1e2deece82b67687ca72a30d9f8,REFERENCE_OR_CUSTOM_TABLE_NOT_MARKED_LENS_VERIFIED,542.0,240.0,240.0,True,Holmer_1992_Annular,120,None_MSE_Method_Assumed_Zenith,2.695741093883868,0.006058,95.81737279938093,0.0,0.0,95.81737279938093,0.0,0.0,DeepLabV3+_Xception65_ADE20K,C:\Users\pandya\OneDrive - UCL\Field experiment raw data\Complete Participantwise data\Final Data\ucm\P9\WalkG\ucm\CamUp\cam_20250806_113949.jpg,C:\Users\pandya\Documents\Github\docker\Paper3_Analysis\output\SVF Output\P9\WalkG\CamUp_SVF\cam_20250806_113949_svf.jpg,True,50.81287369,4.36994622,,,,,,,,,,,,,,,
P9,WalkG,cam_20250806_113950.jpg,2025-08-06 11:39:50,CamUp,neginja_MSE_SkyViewFactor_reference_table,"24,25,25,26,26,27,27,29,29,32,32,36,36,40,41,43,44",9d4c5f0c12889fb034103b01efa54b21690d648acad08c427f81fc6d33241e03,b677f291bd6311850d8cb19c1c51cfff76b3a1e2deece82b67687ca72a30d9f8,REFERENCE_OR_CUSTOM_TABLE_NOT_MARKED_LENS_VERIFIED,542.0,240.0,240.0,True,Holmer_1992_Annular,120,None_MSE_Method_Assumed_Zenith,0.6428433242130281,0.00119,98.78838128402842,0.0,0.0,98.78838128402842,0.0,0.0,DeepLabV3+_Xception65_ADE20K,C:\Users\pandya\OneDrive - UCL\Field experiment raw data\Complete Participantwise data\Final Data\ucm\P9\WalkG\ucm\CamUp\cam_20250806_113950.jpg,C:\Users\pandya\Documents\Github\docker\Paper3_Analysis\output\SVF Output\P9\WalkG\CamUp_SVF\cam_20250806_113950_svf.jpg,True,50.81287001,4.36996479,,,,,,,,,,,,,,,
P9,WalkG,cam_20250806_113951.jpg,2025-08-06 11:39:51,CamUp,neginja_MSE_SkyViewFactor_reference_table,"24,25,25,26,26,27,27,29,29,32,32,36,36,40,41,43,44",9d4c5f0c12889fb034103b01efa54b21690d648acad08c427f81fc6d33241e03,b677f291bd6311850d8cb19c1c51cfff76b3a1e2deece82b67687ca72a30d9f8,REFERENCE_OR_CUSTOM_TABLE_NOT_MARKED_LENS_VERIFIED,542.0,240.0,240.0,True,Holmer_1992_Annular,120,None_MSE_Method_Assumed_Zenith,5.515297239034906,0.014034,94.00436669154023,0.0,0.0,94.00436669154023,0.0,0.0,DeepLabV3+_Xception65_ADE20K,C:\Users\pandya\OneDrive - UCL\Field experiment raw data\Complete Participantwise data\Final Data\ucm\P9\WalkG\ucm\CamUp\cam_20250806_113951.jpg,C:\Users\pandya\Documents\Github\docker\Paper3_Analysis\output\SVF Output\P9\WalkG\CamUp_SVF\cam_20250806_113951_svf.jpg,True,50.81285947,4.3699669,,,,,,,,,,,,,,,
P9,WalkG,cam_20250806_113952.jpg,2025-08-06 11:39:52,CamUp,neginja_MSE_SkyViewFactor_reference_table,"24,25,25,26,26,27,27,29,29,32,32,36,36,40,41,43,44",9d4c5f0c12889fb034103b01efa54b21690d648acad08c427f81fc6d33241e03,b677f291bd6311850d8cb19c1c51cfff76b3a1e2deece82b67687ca72a30d9f8,REFERENCE_OR_CUSTOM_TABLE_NOT_MARKED_LENS_VERIFIED,542.0,240.0,240.0,True,Holmer_1992_Annular,120,None_MSE_Method_Assumed_Zenith,5.351684492717575,0.013292,86.57712185280381,0.0,0.0,86.57712185280381,0.0,0.0,DeepLabV3+_Xception65_ADE20K,C:\Users\pandya\OneDrive - UCL\Field experiment raw data\Complete Participantwise data\Final Data\ucm\P9\WalkG\ucm\CamUp\cam_20250806_113952.jpg,C:\Users\pandya\Documents\Github\docker\Paper3_Analysis\output\SVF Output\P9\WalkG\CamUp_SVF\cam_20250806_113952_svf.jpg,True,50.812952,4.370063,,,,,,,,,,,,,,,
P9,WalkG,cam_20250806_113953.jpg,2025-08-06 11:39:53,CamUp,neginja_MSE_SkyViewFactor_reference_table,"24,25,25,26,26,27,27,29,29,32,32,36,36,40,41,43,44",9d4c5f0c12889fb034103b01efa54b21690d648acad08c427f81fc6d33241e03,b677f291bd6311850d8cb19c1c51cfff76b3a1e2deece82b67687ca72a30d9f8,REFERENCE_OR_CUSTOM_TABLE_NOT_MARKED_LENS_VERIFIED,542.0,240.0,240.0,True,Holmer_1992_Annular,120,None_MSE_Method_Assumed_Zenith,9.19160931929359,0.029572,90.06273664428046,0.00994942376254042,0.0,90.072686068043,0.0,0.0,DeepLabV3+_Xception65_ADE20K,C:\Users\pandya\OneDrive - UCL\Field experiment raw data\Complete Participantwise data\Final Data\ucm\P9\WalkG\ucm\CamUp\cam_20250806_113953.jpg,C:\Users\pandya\Documents\Github\docker\Paper3_Analysis\output\SVF Output\P9\WalkG\CamUp_SVF\cam_20250806_113953_svf.jpg,True,50.812952,4.370063,,,,,,,,,,,,,,,
P9,WalkG,cam_20250806_113954.jpg,2025-08-06 11:39:54,CamUp,neginja_MSE_SkyViewFactor_reference_table,"24,25,25,26,26,27,27,29,29,32,32,36,36,40,41,43,44",9d4c5f0c12889fb034103b01efa54b21690d648acad08c427f81fc6d33241e03,b677f291bd6311850d8cb19c1c51cfff76b3a1e2deece82b67687ca72a30d9f8,REFERENCE_OR_CUSTOM_TABLE_NOT_MARKED_LENS_VERIFIED,542.0,240.0,240.0,True,Holmer_1992_Annular,120,None_MSE_Method_Assumed_Zenith,3.7763590636486746,0.01257,93.46765055412763,0.0,0.0,93.46765055412763,0.0,0.01989884752508084,DeepLabV3+_Xception65_ADE20K,C:\Users\pandya\OneDrive - UCL\Field experiment raw data\Complete Participantwise data\Final Data\ucm\P9\WalkG\ucm\CamUp\cam_20250806_113954.jpg,C:\Users\pandya\Documents\Github\docker\Paper3_Analysis\output\SVF Output\P9\WalkG\CamUp_SVF\cam_20250806_113954_svf.jpg,True,50.81280861,4.36997441,,,,,,,,,,,,,,,
P9,WalkG,cam_20250806_113955.jpg,2025-08-06 11:39:55,CamUp,neginja_MSE_SkyViewFactor_reference_table,"24,25,25,26,26,27,27,29,29,32,32,36,36,40,41,43,44",9d4c5f0c12889fb034103b01efa54b21690d648acad08c427f81fc6d33241e03,b677f291bd6311850d8cb19c1c51cfff76b3a1e2deece82b67687ca72a30d9f8,REFERENCE_OR_CUSTOM_TABLE_NOT_MARKED_LENS_VERIFIED,542.0,240.0,240.0,True,Holmer_1992_Annular,120,None_MSE_Method_Assumed_Zenith,5.665644087002184,0.015677,94.11712682751569,0.0,0.0,94.11712682751569,0.0,0.0,DeepLabV3+_Xception65_ADE20K,C:\Users\pandya\OneDrive - UCL\Field experiment raw data\Complete Participantwise data\Final Data\ucm\P9\WalkG\ucm\CamUp\cam_20250806_113955.jpg,C:\Users\pandya\Documents\Github\docker\Paper3_Analysis\output\SVF Output\P9\WalkG\CamUp_SVF\cam_20250806_113955_svf.jpg,True,50.81279492,4.36995761,,,,,,,,,,,,,,,
P9,WalkG,cam_20250806_113956.jpg,2025-08-06 11:39:56,CamUp,neginja_MSE_SkyViewFactor_reference_table,"24,25,25,26,26,27,27,29,29,32,32,36,36,40,41,43,44",9d4c5f0c12889fb034103b01efa54b21690d648acad08c427f81fc6d33241e03,b677f291bd6311850d8cb19c1c51cfff76b3a1e2deece82b67687ca72a30d9f8,REFERENCE_OR_CUSTOM_TABLE_NOT_MARKED_LENS_VERIFIED,542.0,240.0,240.0,True,Holmer_1992_Annular,120,None_MSE_Method_Assumed_Zenith,4.691153304037808,0.00718,90.52372661194484,0.004421966116684631,0.0,90.52814857806152,0.0,0.0,DeepLabV3+_Xception65_ADE20K,C:\Users\pandya\OneDrive - UCL\Field experiment raw data\Complete Participantwise data\Final Data\ucm\P9\WalkG\ucm\CamUp\cam_20250806_113956.jpg,C:\Users\pandya\Documents\Github\docker\Paper3_Analysis\output\SVF Output\P9\WalkG\CamUp_SVF\cam_20250806_113956_svf.jpg,True,50.812916,4.370032,,,,,,,,,,,,,,,
P9,WalkG,cam_20250806_113957.jpg,2025-08-06 11:39:57,CamUp,neginja_MSE_SkyViewFactor_reference_table,"24,25,25,26,26,27,27,29,29,32,32,36,36,40,41,43,44",9d4c5f0c12889fb034103b01efa54b21690d648acad08c427f81fc6d33241e03,b677f291bd6311850d8cb19c1c51cfff76b3a1e2deece82b67687ca72a30d9f8,REFERENCE_OR_CUSTOM_TABLE_NOT_MARKED_LENS_VERIFIED,542.0,240.0,240.0,True,Holmer_1992_Annular,120,None_MSE_Method_Assumed_Zenith,3.8316336401072326,0.016998,94.87217754193958,0.04698338998977421,0.0,94.91916093192935,0.0,0.0,DeepLabV3+_Xception65_ADE20K,C:\Users\pandya\OneDrive - UCL\Field experiment raw data\Complete Participantwise data\Final Data\ucm\P9\WalkG\ucm\CamUp\cam_20250806_113957.jpg,C:\Users\pandya\Documents\Github\docker\Paper3_Analysis\output\SVF Output\P9\WalkG\CamUp_SVF\cam_20250806_113957_svf.jpg,True,50.812916,4.370024,,,,,,,,,,,,,,,
P9,WalkG,cam_20250806_113958.jpg,2025-08-06 11:39:58,CamUp,neginja_MSE_SkyViewFactor_reference_table,"24,25,25,26,26,27,27,29,29,32,32,36,36,40,41,43,44",9d4c5f0c12889fb034103b01efa54b21690d648acad08c427f81fc6d33241e03,b677f291bd6311850d8cb19c1c51cfff76b3a1e2deece82b67687ca72a30d9f8,REFERENCE_OR_CUSTOM_TABLE_NOT_MARKED_LENS_VERIFIED,542.0,240.0,240.0,True,Holmer_1992_Annular,120,None_MSE_Method_Assumed_Zenith,6.8424398198048815,0.021866,82.50172733051433,5.124505983472901,0.0,87.62623331398723,0.0,0.0,DeepLabV3+_Xception65_ADE20K,C:\Users\pandya\OneDrive - UCL\Field experiment raw data\Complete Participantwise data\Final Data\ucm\P9\WalkG\ucm\CamUp\cam_20250806_113958.jpg,C:\Users\pandya\Documents\Github\docker\Paper3_Analysis\output\SVF Output\P9\WalkG\CamUp_SVF\cam_20250806_113958_svf.jpg,True,50.81278044,4.36995157,,,,,,,,,,,,,,,
P9,WalkG,cam_20250806_113959.jpg,2025-08-06 11:39:59,CamUp,neginja_MSE_SkyViewFactor_reference_table,"24,25,25,26,26,27,27,29,29,32,32,36,36,40,41,43,44",9d4c5f0c12889fb034103b01efa54b21690d648acad08c427f81fc6d33241e03,b677f291bd6311850d8cb19c1c51cfff76b3a1e2deece82b67687ca72a30d9f8,REFERENCE_OR_CUSTOM_TABLE_NOT_MARKED_LENS_VERIFIED,542.0,240.0,240.0,True,Holmer_1992_Annular,120,None_MSE_Method_Assumed_Zenith,3.1009037393250973,0.013963,94.53666086283614,0.36149573003896857,0.0,94.89815659287511,0.0,0.0,DeepLabV3+_Xception65_ADE20K,C:\Users\pandya\OneDrive - UCL\Field experiment raw data\Complete Participantwise data\Final Data\ucm\P9\WalkG\ucm\CamUp\cam_20250806_113959.jpg,C:\Users\pandya\Documents\Github\docker\Paper3_Analysis\output\SVF Output\P9\WalkG\CamUp_SVF\cam_20250806_113959_svf.jpg,True,50.81278044,4.36995157,,,,,,,,,,,,,,,
P9,WalkG,cam_20250806_114000.jpg,2025-08-06 11:40:00,CamUp,neginja_MSE_SkyViewFactor_reference_table,"24,25,25,26,26,27,27,29,29,32,32,36,36,40,41,43,44",9d4c5f0c12889fb034103b01efa54b21690d648acad08c427f81fc6d33241e03,b677f291bd6311850d8cb19c1c51cfff76b3a1e2deece82b67687ca72a30d9f8,REFERENCE_OR_CUSTOM_TABLE_NOT_MARKED_LENS_VERIFIED,542.0,240.0,240.0,True,Holmer_1992_Annular,120,None_MSE_Method_Assumed_Zenith,8.443744299809303,0.038826,86.80043114169638,2.347511262194953,0.0,89.14794240389134,0.0,0.031506508581378,DeepLabV3+_Xception65_ADE20K,C:\Users\pandya\OneDrive - UCL\Field experiment raw data\Complete Participantwise data\Final Data\ucm\P9\WalkG\ucm\CamUp\cam_20250806_114000.jpg,C:\Users\pandya\Documents\Github\docker\Paper3_Analysis\output\SVF Output\P9\WalkG\CamUp_SVF\cam_20250806_114000_svf.jpg,True,50.8127541,4.36997104,,,,,,,,,,,,,,,
P9,WalkG,cam_20250806_114001.jpg,2025-08-06 11:40:01,CamUp,neginja_MSE_SkyViewFactor_reference_table,"24,25,25,26,26,27,27,29,29,32,32,36,36,40,41,43,44",9d4c5f0c12889fb034103b01efa54b21690d648acad08c427f81fc6d33241e03,b677f291bd6311850d8cb19c1c51cfff76b3a1e2deece82b67687ca72a30d9f8,REFERENCE_OR_CUSTOM_TABLE_NOT_MARKED_LENS_VERIFIED,542.0,240.0,240.0,True,Holmer_1992_Annular,120,None_MSE_Method_Assumed_Zenith,5.56614984937678,0.033522,92.41577536412127,0.0,0.0,92.41577536412127,0.0,0.18682806842992566,DeepLabV3+_Xception65_ADE20K,C:\Users\pandya\OneDrive - UCL\Field experiment raw data\Complete Participantwise data\Final Data\ucm\P9\WalkG\ucm\CamUp\cam_20250806_114001.jpg,C:\Users\pandya\Documents\Github\docker\Paper3_Analysis\output\SVF Output\P9\WalkG\CamUp_SVF\cam_20250806_114001_svf.jpg,True,50.81274242,4.36996219,,,,,,,,,,,,,,,
P9,WalkG,cam_20250806_114002.jpg,2025-08-06 11:40:02,CamUp,neginja_MSE_SkyViewFactor_reference_table,"24,25,25,26,26,27,27,29,29,32,32,36,36,40,41,43,44",9d4c5f0c12889fb034103b01efa54b21690d648acad08c427f81fc6d33241e03,b677f291bd6311850d8cb19c1c51cfff76b3a1e2deece82b67687ca72a30d9f8,REFERENCE_OR_CUSTOM_TABLE_NOT_MARKED_LENS_VERIFIED,542.0,240.0,240.0,True,Holmer_1992_Annular,120,None_MSE_Method_Assumed_Zenith,6.222259071939861,0.039317,91.75800790426443,0.0,0.0,91.75800790426443,0.0,0.17411491584445735,DeepLabV3+_Xception65_ADE20K,C:\Users\pandya\OneDrive - UCL\Field experiment raw data\Complete Participantwise data\Final Data\ucm\P9\WalkG\ucm\CamUp\cam_20250806_114002.jpg,C:\Users\pandya\Documents\Github\docker\Paper3_Analysis\output\SVF Output\P9\WalkG\CamUp_SVF\cam_20250806_114002_svf.jpg,True,50.81273761,4.36996527,,,,,,,,,,,,,,,
P9,WalkG,cam_20250806_114003.jpg,2025-08-06 11:40:03,CamUp,neginja_MSE_SkyViewFactor_reference_table,"24,25,25,26,26,27,27,29,29,32,32,36,36,40,41,43,44",9d4c5f0c12889fb034103b01efa54b21690d648acad08c427f81fc6d33241e03,b677f291bd6311850d8cb19c1c51cfff76b3a1e2deece82b67687ca72a30d9f8,REFERENCE_OR_CUSTOM_TABLE_NOT_MARKED_LENS_VERIFIED,542.0,240.0,240.0,True,Holmer_1992_Annular,120,None_MSE_Method_Assumed_Zenith,5.240029848271288,0.04454,92.97349584058811,0.32003979769505014,0.0,93.29353563828316,0.0,0.0,DeepLabV3+_Xception65_ADE20K,C:\Users\pandya\OneDrive - UCL\Field experiment raw data\Complete Participantwise data\Final Data\ucm\P9\WalkG\ucm\CamUp\cam_20250806_114003.jpg,C:\Users\pandya\Documents\Github\docker\Paper3_Analysis\output\SVF Output\P9\WalkG\CamUp_SVF\cam_20250806_114003_svf.jpg,True,50.81273761,4.36996527,,,,,,,,,,,,,,,
P9,WalkG,cam_20250806_114004.jpg,2025-08-06 11:40:04,CamUp,neginja_MSE_SkyViewFactor_reference_table,"24,25,25,26,26,27,27,29,29,32,32,36,36,40,41,43,44",9d4c5f0c12889fb034103b01efa54b21690d648acad08c427f81fc6d33241e03,b677f291bd6311850d8cb19c1c51cfff76b3a1e2deece82b67687ca72a30d9f8,REFERENCE_OR_CUSTOM_TABLE_NOT_MARKED_LENS_VERIFIED,542.0,240.0,240.0,True,Holmer_1992_Annular,120,None_MSE_Method_Assumed_Zenith,6.1426636818395375,0.049117,93.25705441782053,0.0,0.0,93.25705441782053,0.0,0.0,DeepLabV3+_Xception65_ADE20K,C:\Users\pandya\OneDrive - UCL\Field experiment raw data\Complete Participantwise data\Final Data\ucm\P9\WalkG\ucm\CamUp\cam_20250806_114004.jpg,C:\Users\pandya\Documents\Github\docker\Paper3_Analysis\output\SVF Output\P9\WalkG\CamUp_SVF\cam_20250806_114004_svf.jpg,True,50.81269529,4.36996283,,,,,,,,,,,,,,,
P9,WalkG,cam_20250806_114005.jpg,2025-08-06 11:40:05,CamUp,neginja_MSE_SkyViewFactor_reference_table,"24,25,25,26,26,27,27,29,29,32,32,36,36,40,41,43,44",9d4c5f0c12889fb034103b01efa54b21690d648acad08c427f81fc6d33241e03,b677f291bd6311850d8cb19c1c51cfff76b3a1e2deece82b67687ca72a30d9f8,REFERENCE_OR_CUSTOM_TABLE_NOT_MARKED_LENS_VERIFIED,542.0,240.0,240.0,True,Holmer_1992_Annular,120,None_MSE_Method_Assumed_Zenith,3.765856894121549,0.047009,93.57654146975098,0.15200508526103418,0.0,93.72854655501202,0.0,0.07793715280656663,DeepLabV3+_Xception65_ADE20K,C:\Users\pandya\OneDrive - UCL\Field experiment raw data\Complete Participantwise data\Final Data\ucm\P9\WalkG\ucm\CamUp\cam_20250806_114005.jpg,C:\Users\pandya\Documents\Github\docker\Paper3_Analysis\output\SVF Output\P9\WalkG\CamUp_SVF\cam_20250806_114005_svf.jpg,True,50.81269529,4.36996283,,,,,,,,,,,,,,,
P9,WalkG,cam_20250806_114006.jpg,2025-08-06 11:40:06,CamUp,neginja_MSE_SkyViewFactor_reference_table,"24,25,25,26,26,27,27,29,29,32,32,36,36,40,41,43,44",9d4c5f0c12889fb034103b01efa54b21690d648acad08c427f81fc6d33241e03,b677f291bd6311850d8cb19c1c51cfff76b3a1e2deece82b67687ca72a30d9f8,REFERENCE_OR_CUSTOM_TABLE_NOT_MARKED_LENS_VERIFIED,542.0,240.0,240.0,True,Holmer_1992_Annular,120,None_MSE_Method_Assumed_Zenith,4.367244285990659,0.050951,89.16673575988725,4.870242931763535,0.0,94.03697869165077,0.0,0.0,DeepLabV3+_Xception65_ADE20K,C:\Users\pandya\OneDrive - UCL\Field experiment raw data\Complete Participantwise data\Final Data\ucm\P9\WalkG\ucm\CamUp\cam_20250806_114006.jpg,C:\Users\pandya\Documents\Github\docker\Paper3_Analysis\output\SVF Output\P9\WalkG\CamUp_SVF\cam_20250806_114006_svf.jpg,True,50.81267689,4.36996952,,,,,,,,,,,,,,,
P9,WalkG,cam_20250806_114007.jpg,2025-08-06 11:40:07,CamUp,neginja_MSE_SkyViewFactor_reference_table,"24,25,25,26,26,27,27,29,29,32,32,36,36,40,41,43,44",9d4c5f0c12889fb034103b01efa54b21690d648acad08c427f81fc6d33241e03,b677f291bd6311850d8cb19c1c51cfff76b3a1e2deece82b67687ca72a30d9f8,REFERENCE_OR_CUSTOM_TABLE_NOT_MARKED_LENS_VERIFIED,542.0,240.0,240.0,True,Holmer_1992_Annular,120,None_MSE_Method_Assumed_Zenith,6.9502252438990695,0.100407,88.12646823093718,1.9721968880413454,0.0,90.09866511897852,0.0,0.03703396622723378,DeepLabV3+_Xception65_ADE20K,C:\Users\pandya\OneDrive - UCL\Field experiment raw data\Complete Participantwise data\Final Data\ucm\P9\WalkG\ucm\CamUp\cam_20250806_114007.jpg,C:\Users\pandya\Documents\Github\docker\Paper3_Analysis\output\SVF Output\P9\WalkG\CamUp_SVF\cam_20250806_114007_svf.jpg,True,50.81266784,4.3699672,,,,,,,,,,,,,,,
P9,WalkG,cam_20250806_114008.jpg,2025-08-06 11:40:08,CamUp,neginja_MSE_SkyViewFactor_reference_table,"24,25,25,26,26,27,27,29,29,32,32,36,36,40,41,43,44",9d4c5f0c12889fb034103b01efa54b21690d648acad08c427f81fc6d33241e03,b677f291bd6311850d8cb19c1c51cfff76b3a1e2deece82b67687ca72a30d9f8,REFERENCE_OR_CUSTOM_TABLE_NOT_MARKED_LENS_VERIFIED,542.0,240.0,240.0,True,Holmer_1992_Annular,120,None_MSE_Method_Assumed_Zenith,5.230080424508747,0.08777,12.33120526213968,75.33040378078103,0.0,87.6616090429207,0.0,0.1304480004421966,DeepLabV3+_Xception65_ADE20K,C:\Users\pandya\OneDrive - UCL\Field experiment raw data\Complete Participantwise data\Final Data\ucm\P9\WalkG\ucm\CamUp\cam_20250806_114008.jpg,C:\Users\pandya\Documents\Github\docker\Paper3_Analysis\output\SVF Output\P9\WalkG\CamUp_SVF\cam_20250806_114008_svf.jpg,True,50.81266279,4.36996893,,,,,,,,,,,,,,,
P9,WalkG,cam_20250806_114009.jpg,2025-08-06 11:40:09,CamUp,neginja_MSE_SkyViewFactor_reference_table,"24,25,25,26,26,27,27,29,29,32,32,36,36,40,41,43,44",9d4c5f0c12889fb034103b01efa54b21690d648acad08c427f81fc6d33241e03,b677f291bd6311850d8cb19c1c51cfff76b3a1e2deece82b67687ca72a30d9f8,REFERENCE_OR_CUSTOM_TABLE_NOT_MARKED_LENS_VERIFIED,542.0,240.0,240.0,True,Holmer_1992_Annular,120,None_MSE_Method_Assumed_Zenith,7.318906668877649,0.124523,85.5888124257248,5.1538015089959375,0.0,90.74261393472074,0.0,0.0016582372937567365,DeepLabV3+_Xception65_ADE20K,C:\Users\pandya\OneDrive - UCL\Field experiment raw data\Complete Participantwise data\Final Data\ucm\P9\WalkG\ucm\CamUp\cam_20250806_114009.jpg,C:\Users\pandya\Documents\Github\docker\Paper3_Analysis\output\SVF Output\P9\WalkG\CamUp_SVF\cam_20250806_114009_svf.jpg,True,50.81265639,4.36996326,,,,,,,,,,,,,,,
P9,WalkG,cam_20250806_114010.jpg,2025-08-06 11:40:10,CamUp,neginja_MSE_SkyViewFactor_reference_table,"24,25,25,26,26,27,27,29,29,32,32,36,36,40,41,43,44",9d4c5f0c12889fb034103b01efa54b21690d648acad08c427f81fc6d33241e03,b677f291bd6311850d8cb19c1c51cfff76b3a1e2deece82b67687ca72a30d9f8,REFERENCE_OR_CUSTOM_TABLE_NOT_MARKED_LENS_VERIFIED,542.0,240.0,240.0,True,Holmer_1992_Annular,120,None_MSE_Method_Assumed_Zenith,11.398723157283808,0.183026,70.99577149490092,14.426111709919024,0.0,85.42188320481995,0.0,0.0,DeepLabV3+_Xception65_ADE20K,C:\Users\pandya\OneDrive - UCL\Field experiment raw data\Complete Participantwise data\Final Data\ucm\P9\WalkG\ucm\CamUp\cam_20250806_114010.jpg,C:\Users\pandya\Documents\Github\docker\Paper3_Analysis\output\SVF Output\P9\WalkG\CamUp_SVF\cam_20250806_114010_svf.jpg,True,50.81263896,4.3699691,,,,,,,,,,,,,,,
P9,WalkG,cam_20250806_114011.jpg,2025-08-06 11:40:11,CamUp,neginja_MSE_SkyViewFactor_reference_table,"24,25,25,26,26,27,27,29,29,32,32,36,36,40,41,43,44",9d4c5f0c12889fb034103b01efa54b21690d648acad08c427f81fc6d33241e03,b677f291bd6311850d8cb19c1c51cfff76b3a1e2deece82b67687ca72a30d9f8,REFERENCE_OR_CUSTOM_TABLE_NOT_MARKED_LENS_VERIFIED,542.0,240.0,240.0,True,Holmer_1992_Annular,120,None_MSE_Method_Assumed_Zenith,11.161595224276594,0.202064,76.50167205593787,11.201392919326755,0.0,87.70306497526462,0.0,0.0,DeepLabV3+_Xception65_ADE20K,C:\Users\pandya\OneDrive - UCL\Field experiment raw data\Complete Participantwise data\Final Data\ucm\P9\WalkG\ucm\CamUp\cam_20250806_114011.jpg,C:\Users\pandya\Documents\Github\docker\Paper3_Analysis\output\SVF Output\P9\WalkG\CamUp_SVF\cam_20250806_114011_svf.jpg,True,50.812744,4.370027,,,,,,,,,,,,,,,
P9,WalkG,cam_20250806_114012.jpg,2025-08-06 11:40:12,CamUp,neginja_MSE_SkyViewFactor_reference_table,"24,25,25,26,26,27,27,29,29,32,32,36,36,40,41,43,44",9d4c5f0c12889fb034103b01efa54b21690d648acad08c427f81fc6d33241e03,b677f291bd6311850d8cb19c1c51cfff76b3a1e2deece82b67687ca72a30d9f8,REFERENCE_OR_CUSTOM_TABLE_NOT_MARKED_LENS_VERIFIED,542.0,240.0,240.0,True,Holmer_1992_Annular,120,None_MSE_Method_Assumed_Zenith,14.107177403753143,0.217864,65.47771052704309,19.80985545698256,0.0,85.28756598402565,0.0,0.08014813586490893,DeepLabV3+_Xception65_ADE20K,C:\Users\pandya\OneDrive - UCL\Field experiment raw data\Complete Participantwise data\Final Data\ucm\P9\WalkG\ucm\CamUp\cam_20250806_114012.jpg,C:\Users\pandya\Documents\Github\docker\Paper3_Analysis\output\SVF Output\P9\WalkG\CamUp_SVF\cam_20250806_114012_svf.jpg,True,50.812744,4.370027,,,,,,,,,,,,,,,
P9,WalkG,cam_20250806_114013.jpg,2025-08-06 11:40:13,CamUp,neginja_MSE_SkyViewFactor_reference_table,"24,25,25,26,26,27,27,29,29,32,32,36,36,40,41,43,44",9d4c5f0c12889fb034103b01efa54b21690d648acad08c427f81fc6d33241e03,b677f291bd6311850d8cb19c1c51cfff76b3a1e2deece82b67687ca72a30d9f8,REFERENCE_OR_CUSTOM_TABLE_NOT_MARKED_LENS_VERIFIED,542.0,240.0,240.0,True,Holmer_1992_Annular,120,None_MSE_Method_Assumed_Zenith,13.819196860404057,0.242405,66.19959649559185,17.531437415360802,0.0,83.73103391095265,0.0,0.011054915291711577,DeepLabV3+_Xception65_ADE20K,C:\Users\pandya\OneDrive - UCL\Field experiment raw data\Complete Participantwise data\Final Data\ucm\P9\WalkG\ucm\CamUp\cam_20250806_114013.jpg,C:\Users\pandya\Documents\Github\docker\Paper3_Analysis\output\SVF Output\P9\WalkG\CamUp_SVF\cam_20250806_114013_svf.jpg,True,50.8126098,4.36996173,,,,,,,,,,,,,,,
P9,WalkG,cam_20250806_114014.jpg,2025-08-06 11:40:14,CamUp,neginja_MSE_SkyViewFactor_reference_table,"24,25,25,26,26,27,27,29,29,32,32,36,36,40,41,43,44",9d4c5f0c12889fb034103b01efa54b21690d648acad08c427f81fc6d33241e03,b677f291bd6311850d8cb19c1c51cfff76b3a1e2deece82b67687ca72a30d9f8,REFERENCE_OR_CUSTOM_TABLE_NOT_MARKED_LENS_VERIFIED,542.0,240.0,240.0,True,Holmer_1992_Annular,120,None_MSE_Method_Assumed_Zenith,17.485006771135616,0.253606,76.96984771854186,4.7011027278003485,0.0,81.6709504463422,0.0,0.0,DeepLabV3+_Xception65_ADE20K,C:\Users\pandya\OneDrive - UCL\Field experiment raw data\Complete Participantwise data\Final Data\ucm\P9\WalkG\ucm\CamUp\cam_20250806_114014.jpg,C:\Users\pandya\Documents\Github\docker\Paper3_Analysis\output\SVF Output\P9\WalkG\CamUp_SVF\cam_20250806_114014_svf.jpg,True,50.81260278,4.36996957,,,,,,,,,,,,,,,
P9,WalkG,cam_20250806_114015.jpg,2025-08-06 11:40:15,CamUp,neginja_MSE_SkyViewFactor_reference_table,"24,25,25,26,26,27,27,29,29,32,32,36,36,40,41,43,44",9d4c5f0c12889fb034103b01efa54b21690d648acad08c427f81fc6d33241e03,b677f291bd6311850d8cb19c1c51cfff76b3a1e2deece82b67687ca72a30d9f8,REFERENCE_OR_CUSTOM_TABLE_NOT_MARKED_LENS_VERIFIED,542.0,240.0,240.0,True,Holmer_1992_Annular,120,None_MSE_Method_Assumed_Zenith,15.30774120443302,0.261563,77.57123511041097,5.623082663129094,0.0,83.19431777354006,0.0,0.04919437304811652,DeepLabV3+_Xception65_ADE20K,C:\Users\pandya\OneDrive - UCL\Field experiment raw data\Complete Participantwise data\Final Data\ucm\P9\WalkG\ucm\CamUp\cam_20250806_114015.jpg,C:\Users\pandya\Documents\Github\docker\Paper3_Analysis\output\SVF Output\P9\WalkG\CamUp_SVF\cam_20250806_114015_svf.jpg,True,50.81258843,4.36996355,,,,,,,,,,,,,,,
P9,WalkG,cam_20250806_114016.jpg,2025-08-06 11:40:16,CamUp,neginja_MSE_SkyViewFactor_reference_table,"24,25,25,26,26,27,27,29,29,32,32,36,36,40,41,43,44",9d4c5f0c12889fb034103b01efa54b21690d648acad08c427f81fc6d33241e03,b677f291bd6311850d8cb19c1c51cfff76b3a1e2deece82b67687ca72a30d9f8,REFERENCE_OR_CUSTOM_TABLE_NOT_MARKED_LENS_VERIFIED,542.0,240.0,240.0,True,Holmer_1992_Annular,120,None_MSE_Method_Assumed_Zenith,16.126357681784263,0.276132,79.58488793079623,4.116850454633391,0.0,83.70173838542962,0.0,0.0,DeepLabV3+_Xception65_ADE20K,C:\Users\pandya\OneDrive - UCL\Field experiment raw data\Complete Participantwise data\Final Data\ucm\P9\WalkG\ucm\CamUp\cam_20250806_114016.jpg,C:\Users\pandya\Documents\Github\docker\Paper3_Analysis\output\SVF Output\P9\WalkG\CamUp_SVF\cam_20250806_114016_svf.jpg,True,50.81257185,4.369973,,,,,,,,,,,,,,,
P9,WalkG,cam_20250806_114017.jpg,2025-08-06 11:40:17,CamUp,neginja_MSE_SkyViewFactor_reference_table,"24,25,25,26,26,27,27,29,29,32,32,36,36,40,41,43,44",9d4c5f0c12889fb034103b01efa54b21690d648acad08c427f81fc6d33241e03,b677f291bd6311850d8cb19c1c51cfff76b3a1e2deece82b67687ca72a30d9f8,REFERENCE_OR_CUSTOM_TABLE_NOT_MARKED_LENS_VERIFIED,542.0,240.0,240.0,True,Holmer_1992_Annular,120,None_MSE_Method_Assumed_Zenith,17.179891109084377,0.268168,71.84810546389188,7.260868363596164,0.0,79.10897382748804,0.0,0.14703037337976396,DeepLabV3+_Xception65_ADE20K,C:\Users\pandya\OneDrive - UCL\Field experiment raw data\Complete Participantwise data\Final Data\ucm\P9\WalkG\ucm\CamUp\cam_20250806_114017.jpg,C:\Users\pandya\Documents\Github\docker\Paper3_Analysis\output\SVF Output\P9\WalkG\CamUp_SVF\cam_20250806_114017_svf.jpg,True,50.81257185,4.369973,,,,,,,,,,,,,,,
P9,WalkG,cam_20250806_114018.jpg,2025-08-06 11:40:18,CamUp,neginja_MSE_SkyViewFactor_reference_table,"24,25,25,26,26,27,27,29,29,32,32,36,36,40,41,43,44",9d4c5f0c12889fb034103b01efa54b21690d648acad08c427f81fc6d33241e03,b677f291bd6311850d8cb19c1c51cfff76b3a1e2deece82b67687ca72a30d9f8,REFERENCE_OR_CUSTOM_TABLE_NOT_MARKED_LENS_VERIFIED,542.0,240.0,240.0,True,Holmer_1992_Annular,120,None_MSE_Method_Assumed_Zenith,20.030401017052206,0.272442,75.68250283282204,0.21170162783627672,0.0,75.89420446065832,0.0,0.0,DeepLabV3+_Xception65_ADE20K,C:\Users\pandya\OneDrive - UCL\Field experiment raw data\Complete Participantwise data\Final Data\ucm\P9\WalkG\ucm\CamUp\cam_20250806_114018.jpg,C:\Users\pandya\Documents\Github\docker\Paper3_Analysis\output\SVF Output\P9\WalkG\CamUp_SVF\cam_20250806_114018_svf.jpg,True,50.8125497,4.36999245,,,,,,,,,,,,,,,
P9,WalkG,cam_20250806_114019.jpg,2025-08-06 11:40:19,CamUp,neginja_MSE_SkyViewFactor_reference_table,"24,25,25,26,26,27,27,29,29,32,32,36,36,40,41,43,44",9d4c5f0c12889fb034103b01efa54b21690d648acad08c427f81fc6d33241e03,b677f291bd6311850d8cb19c1c51cfff76b3a1e2deece82b67687ca72a30d9f8,REFERENCE_OR_CUSTOM_TABLE_NOT_MARKED_LENS_VERIFIED,542.0,240.0,240.0,True,Holmer_1992_Annular,120,None_MSE_Method_Assumed_Zenith,16.509963242406656,0.248716,81.9705386507476,0.02819003399386452,0.0,81.99872868474147,0.0,0.5516402730564077,DeepLabV3+_Xception65_ADE20K,C:\Users\pandya\OneDrive - UCL\Field experiment raw data\Complete Participantwise data\Final Data\ucm\P9\WalkG\ucm\CamUp\cam_20250806_114019.jpg,C:\Users\pandya\Documents\Github\docker\Paper3_Analysis\output\SVF Output\P9\WalkG\CamUp_SVF\cam_20250806_114019_svf.jpg,True,50.81253743,4.36999095,,,,,,,,,,,,,,,
P9,WalkG,cam_20250806_114020.jpg,2025-08-06 11:40:20,CamUp,neginja_MSE_SkyViewFactor_reference_table,"24,25,25,26,26,27,27,29,29,32,32,36,36,40,41,43,44",9d4c5f0c12889fb034103b01efa54b21690d648acad08c427f81fc6d33241e03,b677f291bd6311850d8cb19c1c51cfff76b3a1e2deece82b67687ca72a30d9f8,REFERENCE_OR_CUSTOM_TABLE_NOT_MARKED_LENS_VERIFIED,542.0,240.0,240.0,True,Holmer_1992_Annular,120,None_MSE_Method_Assumed_Zenith,11.99237210844872,0.192682,85.98623663046182,0.24210264488848354,0.0,86.22833927535031,0.0,0.24652461100516818,DeepLabV3+_Xception65_ADE20K,C:\Users\pandya\OneDrive - UCL\Field experiment raw data\Complete Participantwise data\Final Data\ucm\P9\WalkG\ucm\CamUp\cam_20250806_114020.jpg,C:\Users\pandya\Documents\Github\docker\Paper3_Analysis\output\SVF Output\P9\WalkG\CamUp_SVF\cam_20250806_114020_svf.jpg,True,50.81251912,4.36998289,,,,,,,,,,,,,,,
P9,WalkG,cam_20250806_114021.jpg,2025-08-06 11:40:21,CamUp,neginja_MSE_SkyViewFactor_reference_table,"24,25,25,26,26,27,27,29,29,32,32,36,36,40,41,43,44",9d4c5f0c12889fb034103b01efa54b21690d648acad08c427f81fc6d33241e03,b677f291bd6311850d8cb19c1c51cfff76b3a1e2deece82b67687ca72a30d9f8,REFERENCE_OR_CUSTOM_TABLE_NOT_MARKED_LENS_VERIFIED,542.0,240.0,240.0,True,Holmer_1992_Annular,120,None_MSE_Method_Assumed_Zenith,9.108697454605755,0.141522,88.53826382555343,0.3852637979161485,0.0,88.92352762346958,0.0,1.1077025122295001,DeepLabV3+_Xception65_ADE20K,C:\Users\pandya\OneDrive - UCL\Field experiment raw data\Complete Participantwise data\Final Data\ucm\P9\WalkG\ucm\CamUp\cam_20250806_114021.jpg,C:\Users\pandya\Documents\Github\docker\Paper3_Analysis\output\SVF Output\P9\WalkG\CamUp_SVF\cam_20250806_114021_svf.jpg,True,50.81251086,4.36998221,,,,,,,,,,,,,,,
P9,WalkG,cam_20250806_114022.jpg,2025-08-06 11:40:22,CamUp,neginja_MSE_SkyViewFactor_reference_table,"24,25,25,26,26,27,27,29,29,32,32,36,36,40,41,43,44",9d4c5f0c12889fb034103b01efa54b21690d648acad08c427f81fc6d33241e03,b677f291bd6311850d8cb19c1c51cfff76b3a1e2deece82b67687ca72a30d9f8,REFERENCE_OR_CUSTOM_TABLE_NOT_MARKED_LENS_VERIFIED,542.0,240.0,240.0,True,Holmer_1992_Annular,120,None_MSE_Method_Assumed_Zenith,6.210651410883564,0.100154,92.3533150927231,0.6367631208025869,0.0,92.99007821352568,0.0,0.1387391869109803,DeepLabV3+_Xception65_ADE20K,C:\Users\pandya\OneDrive - UCL\Field experiment raw data\Complete Participantwise data\Final Data\ucm\P9\WalkG\ucm\CamUp\cam_20250806_114022.jpg,C:\Users\pandya\Documents\Github\docker\Paper3_Analysis\output\SVF Output\P9\WalkG\CamUp_SVF\cam_20250806_114022_svf.jpg,True,50.81249879,4.36998754,,,,,,,,,,,,,,,
P9,WalkG,cam_20250806_114023.jpg,2025-08-06 11:40:23,CamUp,neginja_MSE_SkyViewFactor_reference_table,"24,25,25,26,26,27,27,29,29,32,32,36,36,40,41,43,44",9d4c5f0c12889fb034103b01efa54b21690d648acad08c427f81fc6d33241e03,b677f291bd6311850d8cb19c1c51cfff76b3a1e2deece82b67687ca72a30d9f8,REFERENCE_OR_CUSTOM_TABLE_NOT_MARKED_LENS_VERIFIED,542.0,240.0,240.0,True,Holmer_1992_Annular,120,None_MSE_Method_Assumed_Zenith,5.0211425254953985,0.078823,93.52845258823204,0.2327059668905287,0.0,93.76115855512258,0.0,0.09507227150871957,DeepLabV3+_Xception65_ADE20K,C:\Users\pandya\OneDrive - UCL\Field experiment raw data\Complete Participantwise data\Final Data\ucm\P9\WalkG\ucm\CamUp\cam_20250806_114023.jpg,C:\Users\pandya\Documents\Github\docker\Paper3_Analysis\output\SVF Output\P9\WalkG\CamUp_SVF\cam_20250806_114023_svf.jpg,True,50.81248605,4.3699878,,,,,,,,,,,,,,,
P9,WalkG,cam_20250806_114024.jpg,2025-08-06 11:40:24,CamUp,neginja_MSE_SkyViewFactor_reference_table,"24,25,25,26,26,27,27,29,29,32,32,36,36,40,41,43,44",9d4c5f0c12889fb034103b01efa54b21690d648acad08c427f81fc6d33241e03,b677f291bd6311850d8cb19c1c51cfff76b3a1e2deece82b67687ca72a30d9f8,REFERENCE_OR_CUSTOM_TABLE_NOT_MARKED_LENS_VERIFIED,542.0,240.0,240.0,True,Holmer_1992_Annular,120,None_MSE_Method_Assumed_Zenith,4.158306386977309,0.067761,92.60149794102203,0.0,0.0,92.60149794102203,0.0,0.34601884863057236,DeepLabV3+_Xception65_ADE20K,C:\Users\pandya\OneDrive - UCL\Field experiment raw data\Complete Participantwise data\Final Data\ucm\P9\WalkG\ucm\CamUp\cam_20250806_114024.jpg,C:\Users\pandya\Documents\Github\docker\Paper3_Analysis\output\SVF Output\P9\WalkG\CamUp_SVF\cam_20250806_114024_svf.jpg,True,50.81247467,4.36998861,,,,,,,,,,,,,,,
P9,WalkG,cam_20250806_114025.jpg,2025-08-06 11:40:25,CamUp,neginja_MSE_SkyViewFactor_reference_table,"24,25,25,26,26,27,27,29,29,32,32,36,36,40,41,43,44",9d4c5f0c12889fb034103b01efa54b21690d648acad08c427f81fc6d33241e03,b677f291bd6311850d8cb19c1c51cfff76b3a1e2deece82b67687ca72a30d9f8,REFERENCE_OR_CUSTOM_TABLE_NOT_MARKED_LENS_VERIFIED,542.0,240.0,240.0,True,Holmer_1992_Annular,120,None_MSE_Method_Assumed_Zenith,4.716026863444159,0.073156,89.60837962579112,2.021391261089462,0.0,91.62977088688058,0.0,0.3134068485200232,DeepLabV3+_Xception65_ADE20K,C:\Users\pandya\OneDrive - UCL\Field experiment raw data\Complete Participantwise data\Final Data\ucm\P9\WalkG\ucm\CamUp\cam_20250806_114025.jpg,C:\Users\pandya\Documents\Github\docker\Paper3_Analysis\output\SVF Output\P9\WalkG\CamUp_SVF\cam_20250806_114025_svf.jpg,True,50.81246146,4.36998943,,,,,,,,,,,,,,,
P9,WalkG,cam_20250806_114026.jpg,2025-08-06 11:40:26,CamUp,neginja_MSE_SkyViewFactor_reference_table,"24,25,25,26,26,27,27,29,29,32,32,36,36,40,41,43,44",9d4c5f0c12889fb034103b01efa54b21690d648acad08c427f81fc6d33241e03,b677f291bd6311850d8cb19c1c51cfff76b3a1e2deece82b67687ca72a30d9f8,REFERENCE_OR_CUSTOM_TABLE_NOT_MARKED_LENS_VERIFIED,542.0,240.0,240.0,True,Holmer_1992_Annular,120,None_MSE_Method_Assumed_Zenith,5.460575408340933,0.071447,92.18362214299532,0.44606583202056216,0.0,92.62968797501588,0.0,0.1122073902108725,DeepLabV3+_Xception65_ADE20K,C:\Users\pandya\OneDrive - UCL\Field experiment raw data\Complete Participantwise data\Final Data\ucm\P9\WalkG\ucm\CamUp\cam_20250806_114026.jpg,C:\Users\pandya\Documents\Github\docker\Paper3_Analysis\output\SVF Output\P9\WalkG\CamUp_SVF\cam_20250806_114026_svf.jpg,True,50.81245245,4.36998828,,,,,,,,,,,,,,,
P9,WalkG,cam_20250806_114027.jpg,2025-08-06 11:40:27,CamUp,neginja_MSE_SkyViewFactor_reference_table,"24,25,25,26,26,27,27,29,29,32,32,36,36,40,41,43,44",9d4c5f0c12889fb034103b01efa54b21690d648acad08c427f81fc6d33241e03,b677f291bd6311850d8cb19c1c51cfff76b3a1e2deece82b67687ca72a30d9f8,REFERENCE_OR_CUSTOM_TABLE_NOT_MARKED_LENS_VERIFIED,542.0,240.0,240.0,True,Holmer_1992_Annular,120,None_MSE_Method_Assumed_Zenith,4.203078793908742,0.058358,93.95627781002128,0.0,0.0,93.95627781002128,0.0,0.09562501727330515,DeepLabV3+_Xception65_ADE20K,C:\Users\pandya\OneDrive - UCL\Field experiment raw data\Complete Participantwise data\Final Data\ucm\P9\WalkG\ucm\CamUp\cam_20250806_114027.jpg,C:\Users\pandya\Documents\Github\docker\Paper3_Analysis\output\SVF Output\P9\WalkG\CamUp_SVF\cam_20250806_114027_svf.jpg,True,50.81245245,4.36998828,,,,,,,,,,,,,,,
P9,WalkG,cam_20250806_114028.jpg,2025-08-06 11:40:28,CamUp,neginja_MSE_SkyViewFactor_reference_table,"24,25,25,26,26,27,27,29,29,32,32,36,36,40,41,43,44",9d4c5f0c12889fb034103b01efa54b21690d648acad08c427f81fc6d33241e03,b677f291bd6311850d8cb19c1c51cfff76b3a1e2deece82b67687ca72a30d9f8,REFERENCE_OR_CUSTOM_TABLE_NOT_MARKED_LENS_VERIFIED,542.0,240.0,240.0,True,Holmer_1992_Annular,120,None_MSE_Method_Assumed_Zenith,4.552414117126827,0.049886,91.48052953044248,0.4913909847165796,0.0,91.97192051515906,0.0,0.15200508526103418,DeepLabV3+_Xception65_ADE20K,C:\Users\pandya\OneDrive - UCL\Field experiment raw data\Complete Participantwise data\Final Data\ucm\P9\WalkG\ucm\CamUp\cam_20250806_114028.jpg,C:\Users\pandya\Documents\Github\docker\Paper3_Analysis\output\SVF Output\P9\WalkG\CamUp_SVF\cam_20250806_114028_svf.jpg,True,50.81243845,4.3699891,,,,,,,,,,,,,,,
P9,WalkG,cam_20250806_114029.jpg,2025-08-06 11:40:29,CamUp,neginja_MSE_SkyViewFactor_reference_table,"24,25,25,26,26,27,27,29,29,32,32,36,36,40,41,43,44",9d4c5f0c12889fb034103b01efa54b21690d648acad08c427f81fc6d33241e03,b677f291bd6311850d8cb19c1c51cfff76b3a1e2deece82b67687ca72a30d9f8,REFERENCE_OR_CUSTOM_TABLE_NOT_MARKED_LENS_VERIFIED,542.0,240.0,240.0,True,Holmer_1992_Annular,120,None_MSE_Method_Assumed_Zenith,4.211922726142111,0.040103,90.63538125639113,0.20783240748417764,0.0,90.8432136638753,0.0,0.2896387806428433,DeepLabV3+_Xception65_ADE20K,C:\Users\pandya\OneDrive - UCL\Field experiment raw data\Complete Participantwise data\Final Data\ucm\P9\WalkG\ucm\CamUp\cam_20250806_114029.jpg,C:\Users\pandya\Documents\Github\docker\Paper3_Analysis\output\SVF Output\P9\WalkG\CamUp_SVF\cam_20250806_114029_svf.jpg,True,50.81241226,4.3699793,,,,,,,,,,,,,,,
P9,WalkG,cam_20250806_114030.jpg,2025-08-06 11:40:30,CamUp,neginja_MSE_SkyViewFactor_reference_table,"24,25,25,26,26,27,27,29,29,32,32,36,36,40,41,43,44",9d4c5f0c12889fb034103b01efa54b21690d648acad08c427f81fc6d33241e03,b677f291bd6311850d8cb19c1c51cfff76b3a1e2deece82b67687ca72a30d9f8,REFERENCE_OR_CUSTOM_TABLE_NOT_MARKED_LENS_VERIFIED,542.0,240.0,240.0,True,Holmer_1992_Annular,120,None_MSE_Method_Assumed_Zenith,3.8493215045739717,0.035236,94.36033496393334,0.0,0.0,94.36033496393334,0.0,0.38471105215156287,DeepLabV3+_Xception65_ADE20K,C:\Users\pandya\OneDrive - UCL\Field experiment raw data\Complete Participantwise data\Final Data\ucm\P9\WalkG\ucm\CamUp\cam_20250806_114030.jpg,C:\Users\pandya\Documents\Github\docker\Paper3_Analysis\output\SVF Output\P9\WalkG\CamUp_SVF\cam_20250806_114030_svf.jpg,True,50.81239981,4.3699793,,,,,,,,,,,,,,,
P9,WalkG,cam_20250806_114031.jpg,2025-08-06 11:40:31,CamUp,neginja_MSE_SkyViewFactor_reference_table,"24,25,25,26,26,27,27,29,29,32,32,36,36,40,41,43,44",9d4c5f0c12889fb034103b01efa54b21690d648acad08c427f81fc6d33241e03,b677f291bd6311850d8cb19c1c51cfff76b3a1e2deece82b67687ca72a30d9f8,REFERENCE_OR_CUSTOM_TABLE_NOT_MARKED_LENS_VERIFIED,542.0,240.0,240.0,True,Holmer_1992_Annular,120,None_MSE_Method_Assumed_Zenith,2.694635602354697,0.020344,93.38639692673355,0.0,0.0,93.38639692673355,0.0,0.31838156040129345,DeepLabV3+_Xception65_ADE20K,C:\Users\pandya\OneDrive - UCL\Field experiment raw data\Complete Participantwise data\Final Data\ucm\P9\WalkG\ucm\CamUp\cam_20250806_114031.jpg,C:\Users\pandya\Documents\Github\docker\Paper3_Analysis\output\SVF Output\P9\WalkG\CamUp_SVF\cam_20250806_114031_svf.jpg,True,50.8123879,4.36998318,,,,,,,,,,,,,,,
P9,WalkG,cam_20250806_114032.jpg,2025-08-06 11:40:32,CamUp,neginja_MSE_SkyViewFactor_reference_table,"24,25,25,26,26,27,27,29,29,32,32,36,36,40,41,43,44",9d4c5f0c12889fb034103b01efa54b21690d648acad08c427f81fc6d33241e03,b677f291bd6311850d8cb19c1c51cfff76b3a1e2deece82b67687ca72a30d9f8,REFERENCE_OR_CUSTOM_TABLE_NOT_MARKED_LENS_VERIFIED,542.0,240.0,240.0,True,Holmer_1992_Annular,120,None_MSE_Method_Assumed_Zenith,0.8954481386286378,0.010923,95.87430561313323,0.03261200011054915,0.0,95.90691761324378,0.0,1.4249785811016225,DeepLabV3+_Xception65_ADE20K,C:\Users\pandya\OneDrive - UCL\Field experiment raw data\Complete Participantwise data\Final Data\ucm\P9\WalkG\ucm\CamUp\cam_20250806_114032.jpg,C:\Users\pandya\Documents\Github\docker\Paper3_Analysis\output\SVF Output\P9\WalkG\CamUp_SVF\cam_20250806_114032_svf.jpg,True,50.81237755,4.36998716,,,,,,,,,,,,,,,
P9,WalkG,cam_20250806_114033.jpg,2025-08-06 11:40:33,CamUp,neginja_MSE_SkyViewFactor_reference_table,"24,25,25,26,26,27,27,29,29,32,32,36,36,40,41,43,44",9d4c5f0c12889fb034103b01efa54b21690d648acad08c427f81fc6d33241e03,b677f291bd6311850d8cb19c1c51cfff76b3a1e2deece82b67687ca72a30d9f8,REFERENCE_OR_CUSTOM_TABLE_NOT_MARKED_LENS_VERIFIED,542.0,240.0,240.0,True,Holmer_1992_Annular,120,None_MSE_Method_Assumed_Zenith,0.4830997982477959,0.007287,96.56468507310063,0.0,0.0,96.56468507310063,0.0,2.064505430727137,DeepLabV3+_Xception65_ADE20K,C:\Users\pandya\OneDrive - UCL\Field experiment raw data\Complete Participantwise data\Final Data\ucm\P9\WalkG\ucm\CamUp\cam_20250806_114033.jpg,C:\Users\pandya\Documents\Github\docker\Paper3_Analysis\output\SVF Output\P9\WalkG\CamUp_SVF\cam_20250806_114033_svf.jpg,True,50.81236721,4.36999282,,,,,,,,,,,,,,,
P9,WalkG,cam_20250806_114034.jpg,2025-08-06 11:40:34,CamUp,neginja_MSE_SkyViewFactor_reference_table,"24,25,25,26,26,27,27,29,29,32,32,36,36,40,41,43,44",9d4c5f0c12889fb034103b01efa54b21690d648acad08c427f81fc6d33241e03,b677f291bd6311850d8cb19c1c51cfff76b3a1e2deece82b67687ca72a30d9f8,REFERENCE_OR_CUSTOM_TABLE_NOT_MARKED_LENS_VERIFIED,542.0,240.0,240.0,True,Holmer_1992_Annular,120,None_MSE_Method_Assumed_Zenith,1.0469004781250864,0.013182,95.58521957825498,0.0,0.0,95.58521957825498,0.0,0.6417378326838571,DeepLabV3+_Xception65_ADE20K,C:\Users\pandya\OneDrive - UCL\Field experiment raw data\Complete Participantwise data\Final Data\ucm\P9\WalkG\ucm\CamUp\cam_20250806_114034.jpg,C:\Users\pandya\Documents\Github\docker\Paper3_Analysis\output\SVF Output\P9\WalkG\CamUp_SVF\cam_20250806_114034_svf.jpg,True,50.81235611,4.36999191,,,,,,,,,,,,,,,
P9,WalkG,cam_20250806_114035.jpg,2025-08-06 11:40:35,CamUp,neginja_MSE_SkyViewFactor_reference_table,"24,25,25,26,26,27,27,29,29,32,32,36,36,40,41,43,44",9d4c5f0c12889fb034103b01efa54b21690d648acad08c427f81fc6d33241e03,b677f291bd6311850d8cb19c1c51cfff76b3a1e2deece82b67687ca72a30d9f8,REFERENCE_OR_CUSTOM_TABLE_NOT_MARKED_LENS_VERIFIED,542.0,240.0,240.0,True,Holmer_1992_Annular,120,None_MSE_Method_Assumed_Zenith,2.282287261973855,0.021311,91.56620512395324,0.5687753917585606,0.0,92.1349805157118,0.0,0.5693281375231461,DeepLabV3+_Xception65_ADE20K,C:\Users\pandya\OneDrive - UCL\Field experiment raw data\Complete Participantwise data\Final Data\ucm\P9\WalkG\ucm\CamUp\cam_20250806_114035.jpg,C:\Users\pandya\Documents\Github\docker\Paper3_Analysis\output\SVF Output\P9\WalkG\CamUp_SVF\cam_20250806_114035_svf.jpg,True,50.81234422,4.36999397,,,,,,,,,,,,,,,
P9,WalkG,cam_20250806_114036.jpg,2025-08-06 11:40:36,CamUp,neginja_MSE_SkyViewFactor_reference_table,"24,25,25,26,26,27,27,29,29,32,32,36,36,40,41,43,44",9d4c5f0c12889fb034103b01efa54b21690d648acad08c427f81fc6d33241e03,b677f291bd6311850d8cb19c1c51cfff76b3a1e2deece82b67687ca72a30d9f8,REFERENCE_OR_CUSTOM_TABLE_NOT_MARKED_LENS_VERIFIED,542.0,240.0,240.0,True,Holmer_1992_Annular,120,None_MSE_Method_Assumed_Zenith,2.367410109720034,0.018408,89.71395406682696,0.2863223060553298,0.0,90.00027637288228,0.0,0.757261697482243,DeepLabV3+_Xception65_ADE20K,C:\Users\pandya\OneDrive - UCL\Field experiment raw data\Complete Participantwise data\Final Data\ucm\P9\WalkG\ucm\CamUp\cam_20250806_114036.jpg,C:\Users\pandya\Documents\Github\docker\Paper3_Analysis\output\SVF Output\P9\WalkG\CamUp_SVF\cam_20250806_114036_svf.jpg,True,50.81234422,4.36999397,,,,,,,,,,,,,,,
P9,WalkG,cam_20250806_114037.jpg,2025-08-06 11:40:37,CamUp,neginja_MSE_SkyViewFactor_reference_table,"24,25,25,26,26,27,27,29,29,32,32,36,36,40,41,43,44",9d4c5f0c12889fb034103b01efa54b21690d648acad08c427f81fc6d33241e03,b677f291bd6311850d8cb19c1c51cfff76b3a1e2deece82b67687ca72a30d9f8,REFERENCE_OR_CUSTOM_TABLE_NOT_MARKED_LENS_VERIFIED,542.0,240.0,240.0,True,Holmer_1992_Annular,120,None_MSE_Method_Assumed_Zenith,2.035762650968687,0.022114,91.61705773429512,0.9584611557913937,0.0,92.57551889008651,0.0,1.0286598678937622,DeepLabV3+_Xception65_ADE20K,C:\Users\pandya\OneDrive - UCL\Field experiment raw data\Complete Participantwise data\Final Data\ucm\P9\WalkG\ucm\CamUp\cam_20250806_114037.jpg,C:\Users\pandya\Documents\Github\docker\Paper3_Analysis\output\SVF Output\P9\WalkG\CamUp_SVF\cam_20250806_114037_svf.jpg,True,50.81232425,4.36999614,,,,,,,,,,,,,,,
P9,WalkG,cam_20250806_114038.jpg,2025-08-06 11:40:38,CamUp,neginja_MSE_SkyViewFactor_reference_table,"24,25,25,26,26,27,27,29,29,32,32,36,36,40,41,43,44",9d4c5f0c12889fb034103b01efa54b21690d648acad08c427f81fc6d33241e03,b677f291bd6311850d8cb19c1c51cfff76b3a1e2deece82b67687ca72a30d9f8,REFERENCE_OR_CUSTOM_TABLE_NOT_MARKED_LENS_VERIFIED,542.0,240.0,240.0,True,Holmer_1992_Annular,120,None_MSE_Method_Assumed_Zenith,3.9101235386783846,0.026152,89.45858552358843,3.4336566896056158,0.0,92.89224221319404,0.0,0.05638006798772904,DeepLabV3+_Xception65_ADE20K,C:\Users\pandya\OneDrive - UCL\Field experiment raw data\Complete Participantwise data\Final Data\ucm\P9\WalkG\ucm\CamUp\cam_20250806_114038.jpg,C:\Users\pandya\Documents\Github\docker\Paper3_Analysis\output\SVF Output\P9\WalkG\CamUp_SVF\cam_20250806_114038_svf.jpg,True,50.81231449,4.36999721,,,,,,,,,,,,,,,
P9,WalkG,cam_20250806_114039.jpg,2025-08-06 11:40:39,CamUp,neginja_MSE_SkyViewFactor_reference_table,"24,25,25,26,26,27,27,29,29,32,32,36,36,40,41,43,44",9d4c5f0c12889fb034103b01efa54b21690d648acad08c427f81fc6d33241e03,b677f291bd6311850d8cb19c1c51cfff76b3a1e2deece82b67687ca72a30d9f8,REFERENCE_OR_CUSTOM_TABLE_NOT_MARKED_LENS_VERIFIED,542.0,240.0,240.0,True,Holmer_1992_Annular,120,None_MSE_Method_Assumed_Zenith,3.6027968935688026,0.023712,67.82909100959014,8.494596910151175,0.0,76.32368791974132,0.0,0.0,DeepLabV3+_Xception65_ADE20K,C:\Users\pandya\OneDrive - UCL\Field experiment raw data\Complete Participantwise data\Final Data\ucm\P9\WalkG\ucm\CamUp\cam_20250806_114039.jpg,C:\Users\pandya\Documents\Github\docker\Paper3_Analysis\output\SVF Output\P9\WalkG\CamUp_SVF\cam_20250806_114039_svf.jpg,True,50.81230287,4.36999694,,,,,,,,,,,,,,,
P9,WalkG,cam_20250806_114040.jpg,2025-08-06 11:40:40,CamUp,neginja_MSE_SkyViewFactor_reference_table,"24,25,25,26,26,27,27,29,29,32,32,36,36,40,41,43,44",9d4c5f0c12889fb034103b01efa54b21690d648acad08c427f81fc6d33241e03,b677f291bd6311850d8cb19c1c51cfff76b3a1e2deece82b67687ca72a30d9f8,REFERENCE_OR_CUSTOM_TABLE_NOT_MARKED_LENS_VERIFIED,542.0,240.0,240.0,True,Holmer_1992_Annular,120,None_MSE_Method_Assumed_Zenith,5.82483486720283,0.035458,57.14451538015089,16.19545090235746,0.0,73.33996628250836,0.0,0.0,DeepLabV3+_Xception65_ADE20K,C:\Users\pandya\OneDrive - UCL\Field experiment raw data\Complete Participantwise data\Final Data\ucm\P9\WalkG\ucm\CamUp\cam_20250806_114040.jpg,C:\Users\pandya\Documents\Github\docker\Paper3_Analysis\output\SVF Output\P9\WalkG\CamUp_SVF\cam_20250806_114040_svf.jpg,True,50.81229123,4.3699958,,,,,,,,,,,,,,,
P9,WalkG,cam_20250806_114041.jpg,2025-08-06 11:40:41,CamUp,neginja_MSE_SkyViewFactor_reference_table,"24,25,25,26,26,27,27,29,29,32,32,36,36,40,41,43,44",9d4c5f0c12889fb034103b01efa54b21690d648acad08c427f81fc6d33241e03,b677f291bd6311850d8cb19c1c51cfff76b3a1e2deece82b67687ca72a30d9f8,REFERENCE_OR_CUSTOM_TABLE_NOT_MARKED_LENS_VERIFIED,542.0,240.0,240.0,True,Holmer_1992_Annular,120,None_MSE_Method_Assumed_Zenith,4.073183539231131,0.038101,83.86148191139485,6.442804632009508,0.0,90.30428654340436,0.0,0.14703037337976396,DeepLabV3+_Xception65_ADE20K,C:\Users\pandya\OneDrive - UCL\Field experiment raw data\Complete Participantwise data\Final Data\ucm\P9\WalkG\ucm\CamUp\cam_20250806_114041.jpg,C:\Users\pandya\Documents\Github\docker\Paper3_Analysis\output\SVF Output\P9\WalkG\CamUp_SVF\cam_20250806_114041_svf.jpg,True,50.81228002,4.36999834,,,,,,,,,,,,,,,
P9,WalkG,cam_20250806_114042.jpg,2025-08-06 11:40:42,CamUp,neginja_MSE_SkyViewFactor_reference_table,"24,25,25,26,26,27,27,29,29,32,32,36,36,40,41,43,44",9d4c5f0c12889fb034103b01efa54b21690d648acad08c427f81fc6d33241e03,b677f291bd6311850d8cb19c1c51cfff76b3a1e2deece82b67687ca72a30d9f8,REFERENCE_OR_CUSTOM_TABLE_NOT_MARKED_LENS_VERIFIED,542.0,240.0,240.0,True,Holmer_1992_Annular,120,None_MSE_Method_Assumed_Zenith,4.571760218887323,0.045875,83.82389519940303,7.3238813807589205,0.0,91.14777658016195,0.0,0.12326230550258409,DeepLabV3+_Xception65_ADE20K,C:\Users\pandya\OneDrive - UCL\Field experiment raw data\Complete Participantwise data\Final Data\ucm\P9\WalkG\ucm\CamUp\cam_20250806_114042.jpg,C:\Users\pandya\Documents\Github\docker\Paper3_Analysis\output\SVF Output\P9\WalkG\CamUp_SVF\cam_20250806_114042_svf.jpg,True,50.81227133,4.37000686,,,,,,,,,,,,,,,
P9,WalkG,cam_20250806_114043.jpg,2025-08-06 11:40:43,CamUp,neginja_MSE_SkyViewFactor_reference_table,"24,25,25,26,26,27,27,29,29,32,32,36,36,40,41,43,44",9d4c5f0c12889fb034103b01efa54b21690d648acad08c427f81fc6d33241e03,b677f291bd6311850d8cb19c1c51cfff76b3a1e2deece82b67687ca72a30d9f8,REFERENCE_OR_CUSTOM_TABLE_NOT_MARKED_LENS_VERIFIED,542.0,240.0,240.0,True,Holmer_1992_Annular,120,None_MSE_Method_Assumed_Zenith,5.780615206035984,0.052481,83.92725865738053,2.302186109498936,0.0,86.22944476687947,0.0,0.017687864466738524,DeepLabV3+_Xception65_ADE20K,C:\Users\pandya\OneDrive - UCL\Field experiment raw data\Complete Participantwise data\Final Data\ucm\P9\WalkG\ucm\CamUp\cam_20250806_114043.jpg,C:\Users\pandya\Documents\Github\docker\Paper3_Analysis\output\SVF Output\P9\WalkG\CamUp_SVF\cam_20250806_114043_svf.jpg,True,50.81225691,4.37000878,,,,,,,,,,,,,,,
P9,WalkG,cam_20250806_114044.jpg,2025-08-06 11:40:44,CamUp,neginja_MSE_SkyViewFactor_reference_table,"24,25,25,26,26,27,27,29,29,32,32,36,36,40,41,43,44",9d4c5f0c12889fb034103b01efa54b21690d648acad08c427f81fc6d33241e03,b677f291bd6311850d8cb19c1c51cfff76b3a1e2deece82b67687ca72a30d9f8,REFERENCE_OR_CUSTOM_TABLE_NOT_MARKED_LENS_VERIFIED,542.0,240.0,240.0,True,Holmer_1992_Annular,120,None_MSE_Method_Assumed_Zenith,4.5104054390183235,0.058202,92.36547549954398,0.0022109830583423155,0.0,92.36768648260232,0.0,0.10502169527125998,DeepLabV3+_Xception65_ADE20K,C:\Users\pandya\OneDrive - UCL\Field experiment raw data\Complete Participantwise data\Final Data\ucm\P9\WalkG\ucm\CamUp\cam_20250806_114044.jpg,C:\Users\pandya\Documents\Github\docker\Paper3_Analysis\output\SVF Output\P9\WalkG\CamUp_SVF\cam_20250806_114044_svf.jpg,True,50.81224246,4.37000881,,,,,,,,,,,,,,,
P9,WalkG,cam_20250806_114045.jpg,2025-08-06 11:40:45,CamUp,neginja_MSE_SkyViewFactor_reference_table,"24,25,25,26,26,27,27,29,29,32,32,36,36,40,41,43,44",9d4c5f0c12889fb034103b01efa54b21690d648acad08c427f81fc6d33241e03,b677f291bd6311850d8cb19c1c51cfff76b3a1e2deece82b67687ca72a30d9f8,REFERENCE_OR_CUSTOM_TABLE_NOT_MARKED_LENS_VERIFIED,542.0,240.0,240.0,True,Holmer_1992_Annular,120,None_MSE_Method_Assumed_Zenith,4.478898930436945,0.067055,93.48699665588812,0.0,0.0,93.48699665588812,0.0,0.00994942376254042,DeepLabV3+_Xception65_ADE20K,C:\Users\pandya\OneDrive - UCL\Field experiment raw data\Complete Participantwise data\Final Data\ucm\P9\WalkG\ucm\CamUp\cam_20250806_114045.jpg,C:\Users\pandya\Documents\Github\docker\Paper3_Analysis\output\SVF Output\P9\WalkG\CamUp_SVF\cam_20250806_114045_svf.jpg,True,50.81224246,4.37000881,,,,,,,,,,,,,,,
