ParticipantID,PhaseID,Filename,Timestamp,Camera,Calibration,Calibration_Table,Run_Config_Signature,Model_SHA256,Calibration_QC,Calibration_Ref_Radius_px,Raw_Lens_Radius_px,Rectified_Lens_Radius_px,Square_Hemisphere_Crop,SVF_Method,SVF_Rings,Pitch_Roll_Correction,Sky_%,SVF_Holmer,Tree_%,Plant_%,Grass_%,Combined_Vegetation_%,Building_%,Wall_%,Model,Image_Path,Segmented_Image_Path,telemetry_matched,GPS_lat,GPS_lon,Altitude_m,Speed_kmh,Heading_deg,PM25_ugm3,PM10_ugm3,CO2_ppm,Temperature_C,Humidity_%,Noise_dB,Manual_Mask_Path,Manual_Sky_IoU,Manual_Sky_Dice,Manual_Pixel_Accuracy,Manual_SVF_Holmer,SVF_Abs_Error_vs_Manual
P9,WalkG,cam_20250806_113246.jpg,2025-08-06 11:32:46,CamUp,neginja_MSE_SkyViewFactor_reference_table,"24,25,25,26,26,27,27,29,29,32,32,36,36,40,41,43,44",9d4c5f0c12889fb034103b01efa54b21690d648acad08c427f81fc6d33241e03,b677f291bd6311850d8cb19c1c51cfff76b3a1e2deece82b67687ca72a30d9f8,REFERENCE_OR_CUSTOM_TABLE_NOT_MARKED_LENS_VERIFIED,542.0,240.0,240.0,True,Holmer_1992_Annular,120,None_MSE_Method_Assumed_Zenith,13.26479285852472,0.089473,85.38761296741563,0.0,0.0,85.38761296741563,0.0,0.0304010170522068,DeepLabV3+_Xception65_ADE20K,C:\Users\pandya\OneDrive - UCL\Field experiment raw data\Complete Participantwise data\Final Data\ucm\P9\WalkG\ucm\CamUp\cam_20250806_113246.jpg,C:\Users\pandya\Documents\Github\docker\Paper3_Analysis\output\SVF Output\P9\WalkG\CamUp_SVF\cam_20250806_113246_svf.jpg,True,50.81485251,4.37655197,,,,,,,,,,,,,,,
P9,WalkG,cam_20250806_113247.jpg,2025-08-06 11:32:47,CamUp,neginja_MSE_SkyViewFactor_reference_table,"24,25,25,26,26,27,27,29,29,32,32,36,36,40,41,43,44",9d4c5f0c12889fb034103b01efa54b21690d648acad08c427f81fc6d33241e03,b677f291bd6311850d8cb19c1c51cfff76b3a1e2deece82b67687ca72a30d9f8,REFERENCE_OR_CUSTOM_TABLE_NOT_MARKED_LENS_VERIFIED,542.0,240.0,240.0,True,Holmer_1992_Annular,120,None_MSE_Method_Assumed_Zenith,7.637840975043529,0.046944,85.98844761352015,0.0,0.0,85.98844761352015,0.0,0.0149241356438106,DeepLabV3+_Xception65_ADE20K,C:\Users\pandya\OneDrive - UCL\Field experiment raw data\Complete Participantwise data\Final Data\ucm\P9\WalkG\ucm\CamUp\cam_20250806_113247.jpg,C:\Users\pandya\Documents\Github\docker\Paper3_Analysis\output\SVF Output\P9\WalkG\CamUp_SVF\cam_20250806_113247_svf.jpg,True,50.8149,4.376596,,,,,,,,,,,,,,,
P9,WalkG,cam_20250806_113248.jpg,2025-08-06 11:32:48,CamUp,neginja_MSE_SkyViewFactor_reference_table,"24,25,25,26,26,27,27,29,29,32,32,36,36,40,41,43,44",9d4c5f0c12889fb034103b01efa54b21690d648acad08c427f81fc6d33241e03,b677f291bd6311850d8cb19c1c51cfff76b3a1e2deece82b67687ca72a30d9f8,REFERENCE_OR_CUSTOM_TABLE_NOT_MARKED_LENS_VERIFIED,542.0,240.0,240.0,True,Holmer_1992_Annular,120,None_MSE_Method_Assumed_Zenith,11.436309869275629,0.07869,83.4231545200785,0.0,0.0,83.4231545200785,0.0,2.245806041511207,DeepLabV3+_Xception65_ADE20K,C:\Users\pandya\OneDrive - UCL\Field experiment raw data\Complete Participantwise data\Final Data\ucm\P9\WalkG\ucm\CamUp\cam_20250806_113248.jpg,C:\Users\pandya\Documents\Github\docker\Paper3_Analysis\output\SVF Output\P9\WalkG\CamUp_SVF\cam_20250806_113248_svf.jpg,True,50.8149,4.376596,,,,,,,,,,,,,,,
P9,WalkG,cam_20250806_113249.jpg,2025-08-06 11:32:49,CamUp,neginja_MSE_SkyViewFactor_reference_table,"24,25,25,26,26,27,27,29,29,32,32,36,36,40,41,43,44",9d4c5f0c12889fb034103b01efa54b21690d648acad08c427f81fc6d33241e03,b677f291bd6311850d8cb19c1c51cfff76b3a1e2deece82b67687ca72a30d9f8,REFERENCE_OR_CUSTOM_TABLE_NOT_MARKED_LENS_VERIFIED,542.0,240.0,240.0,True,Holmer_1992_Annular,120,None_MSE_Method_Assumed_Zenith,10.268910814470884,0.080285,88.884282674184,0.0,0.0,88.884282674184,0.0,0.0386922035209905,DeepLabV3+_Xception65_ADE20K,C:\Users\pandya\OneDrive - UCL\Field experiment raw data\Complete Participantwise data\Final Data\ucm\P9\WalkG\ucm\CamUp\cam_20250806_113249.jpg,C:\Users\pandya\Documents\Github\docker\Paper3_Analysis\output\SVF Output\P9\WalkG\CamUp_SVF\cam_20250806_113249_svf.jpg,True,50.814884,4.376548,,,,,,,,,,,,,,,
P9,WalkG,cam_20250806_113250.jpg,2025-08-06 11:32:50,CamUp,neginja_MSE_SkyViewFactor_reference_table,"24,25,25,26,26,27,27,29,29,32,32,36,36,40,41,43,44",9d4c5f0c12889fb034103b01efa54b21690d648acad08c427f81fc6d33241e03,b677f291bd6311850d8cb19c1c51cfff76b3a1e2deece82b67687ca72a30d9f8,REFERENCE_OR_CUSTOM_TABLE_NOT_MARKED_LENS_VERIFIED,542.0,240.0,240.0,True,Holmer_1992_Annular,120,None_MSE_Method_Assumed_Zenith,12.51361136445292,0.125065,86.34828510626538,0.0,0.0,86.34828510626538,0.0,0.1796423734903131,DeepLabV3+_Xception65_ADE20K,C:\Users\pandya\OneDrive - UCL\Field experiment raw data\Complete Participantwise data\Final Data\ucm\P9\WalkG\ucm\CamUp\cam_20250806_113250.jpg,C:\Users\pandya\Documents\Github\docker\Paper3_Analysis\output\SVF Output\P9\WalkG\CamUp_SVF\cam_20250806_113250_svf.jpg,True,50.814884,4.376548,,,,,,,,,,,,,,,
P9,WalkG,cam_20250806_113251.jpg,2025-08-06 11:32:51,CamUp,neginja_MSE_SkyViewFactor_reference_table,"24,25,25,26,26,27,27,29,29,32,32,36,36,40,41,43,44",9d4c5f0c12889fb034103b01efa54b21690d648acad08c427f81fc6d33241e03,b677f291bd6311850d8cb19c1c51cfff76b3a1e2deece82b67687ca72a30d9f8,REFERENCE_OR_CUSTOM_TABLE_NOT_MARKED_LENS_VERIFIED,542.0,240.0,240.0,True,Holmer_1992_Annular,120,None_MSE_Method_Assumed_Zenith,12.015587430561313,0.133744,86.56109222563082,0.0,0.0,86.56109222563082,0.0,0.9076085454495204,DeepLabV3+_Xception65_ADE20K,C:\Users\pandya\OneDrive - UCL\Field experiment raw data\Complete Participantwise data\Final Data\ucm\P9\WalkG\ucm\CamUp\cam_20250806_113251.jpg,C:\Users\pandya\Documents\Github\docker\Paper3_Analysis\output\SVF Output\P9\WalkG\CamUp_SVF\cam_20250806_113251_svf.jpg,True,50.814876,4.376525,,,,,,,,,,,,,,,
P9,WalkG,cam_20250806_113252.jpg,2025-08-06 11:32:52,CamUp,neginja_MSE_SkyViewFactor_reference_table,"24,25,25,26,26,27,27,29,29,32,32,36,36,40,41,43,44",9d4c5f0c12889fb034103b01efa54b21690d648acad08c427f81fc6d33241e03,b677f291bd6311850d8cb19c1c51cfff76b3a1e2deece82b67687ca72a30d9f8,REFERENCE_OR_CUSTOM_TABLE_NOT_MARKED_LENS_VERIFIED,542.0,240.0,240.0,True,Holmer_1992_Annular,120,None_MSE_Method_Assumed_Zenith,11.036121935715668,0.142015,87.04308653234945,0.0,0.0,87.04308653234945,0.0,0.0,DeepLabV3+_Xception65_ADE20K,C:\Users\pandya\OneDrive - UCL\Field experiment raw data\Complete Participantwise data\Final Data\ucm\P9\WalkG\ucm\CamUp\cam_20250806_113252.jpg,C:\Users\pandya\Documents\Github\docker\Paper3_Analysis\output\SVF Output\P9\WalkG\CamUp_SVF\cam_20250806_113252_svf.jpg,True,50.81486,4.376505,,,,,,,,,,,,,,,
P9,WalkG,cam_20250806_113253.jpg,2025-08-06 11:32:53,CamUp,neginja_MSE_SkyViewFactor_reference_table,"24,25,25,26,26,27,27,29,29,32,32,36,36,40,41,43,44",9d4c5f0c12889fb034103b01efa54b21690d648acad08c427f81fc6d33241e03,b677f291bd6311850d8cb19c1c51cfff76b3a1e2deece82b67687ca72a30d9f8,REFERENCE_OR_CUSTOM_TABLE_NOT_MARKED_LENS_VERIFIED,542.0,240.0,240.0,True,Holmer_1992_Annular,120,None_MSE_Method_Assumed_Zenith,10.381118204681757,0.132138,88.76157311444601,0.0193461017604952,0.0,88.7809192162065,0.0,0.6152060359837493,DeepLabV3+_Xception65_ADE20K,C:\Users\pandya\OneDrive - UCL\Field experiment raw data\Complete Participantwise data\Final Data\ucm\P9\WalkG\ucm\CamUp\cam_20250806_113253.jpg,C:\Users\pandya\Documents\Github\docker\Paper3_Analysis\output\SVF Output\P9\WalkG\CamUp_SVF\cam_20250806_113253_svf.jpg,True,50.81481794,4.3763589,,,,,,,,,,,,,,,
P9,WalkG,cam_20250806_113254.jpg,2025-08-06 11:32:54,CamUp,neginja_MSE_SkyViewFactor_reference_table,"24,25,25,26,26,27,27,29,29,32,32,36,36,40,41,43,44",9d4c5f0c12889fb034103b01efa54b21690d648acad08c427f81fc6d33241e03,b677f291bd6311850d8cb19c1c51cfff76b3a1e2deece82b67687ca72a30d9f8,REFERENCE_OR_CUSTOM_TABLE_NOT_MARKED_LENS_VERIFIED,542.0,240.0,240.0,True,Holmer_1992_Annular,120,None_MSE_Method_Assumed_Zenith,14.853936931708262,0.127418,49.31708260785452,30.31921067904817,0.0,79.63629328690268,0.0,0.003869220352099,DeepLabV3+_Xception65_ADE20K,C:\Users\pandya\OneDrive - UCL\Field experiment raw data\Complete Participantwise data\Final Data\ucm\P9\WalkG\ucm\CamUp\cam_20250806_113254.jpg,C:\Users\pandya\Documents\Github\docker\Paper3_Analysis\output\SVF Output\P9\WalkG\CamUp_SVF\cam_20250806_113254_svf.jpg,True,50.81480628,4.37638418,,,,,,,,,,,,,,,
P9,WalkG,cam_20250806_113255.jpg,2025-08-06 11:32:55,CamUp,neginja_MSE_SkyViewFactor_reference_table,"24,25,25,26,26,27,27,29,29,32,32,36,36,40,41,43,44",9d4c5f0c12889fb034103b01efa54b21690d648acad08c427f81fc6d33241e03,b677f291bd6311850d8cb19c1c51cfff76b3a1e2deece82b67687ca72a30d9f8,REFERENCE_OR_CUSTOM_TABLE_NOT_MARKED_LENS_VERIFIED,542.0,240.0,240.0,True,Holmer_1992_Annular,120,None_MSE_Method_Assumed_Zenith,13.02490119669458,0.183255,82.32540143161154,0.2957189840532847,0.0,82.62112041566482,0.0,0.0022109830583423,DeepLabV3+_Xception65_ADE20K,C:\Users\pandya\OneDrive - UCL\Field experiment raw data\Complete Participantwise data\Final Data\ucm\P9\WalkG\ucm\CamUp\cam_20250806_113255.jpg,C:\Users\pandya\Documents\Github\docker\Paper3_Analysis\output\SVF Output\P9\WalkG\CamUp_SVF\cam_20250806_113255_svf.jpg,True,50.81479636,4.3763946,,,,,,,,,,,,,,,
P9,WalkG,cam_20250806_113256.jpg,2025-08-06 11:32:56,CamUp,neginja_MSE_SkyViewFactor_reference_table,"24,25,25,26,26,27,27,29,29,32,32,36,36,40,41,43,44",9d4c5f0c12889fb034103b01efa54b21690d648acad08c427f81fc6d33241e03,b677f291bd6311850d8cb19c1c51cfff76b3a1e2deece82b67687ca72a30d9f8,REFERENCE_OR_CUSTOM_TABLE_NOT_MARKED_LENS_VERIFIED,542.0,240.0,240.0,True,Holmer_1992_Annular,120,None_MSE_Method_Assumed_Zenith,14.006024928833982,0.162291,84.2086062515546,0.0,0.0,84.2086062515546,0.0,0.0945195257441339,DeepLabV3+_Xception65_ADE20K,C:\Users\pandya\OneDrive - UCL\Field experiment raw data\Complete Participantwise data\Final Data\ucm\P9\WalkG\ucm\CamUp\cam_20250806_113256.jpg,C:\Users\pandya\Documents\Github\docker\Paper3_Analysis\output\SVF Output\P9\WalkG\CamUp_SVF\cam_20250806_113256_svf.jpg,True,50.81479636,4.3763946,,,,,,,,,,,,,,,
P9,WalkG,cam_20250806_113257.jpg,2025-08-06 11:32:57,CamUp,neginja_MSE_SkyViewFactor_reference_table,"24,25,25,26,26,27,27,29,29,32,32,36,36,40,41,43,44",9d4c5f0c12889fb034103b01efa54b21690d648acad08c427f81fc6d33241e03,b677f291bd6311850d8cb19c1c51cfff76b3a1e2deece82b67687ca72a30d9f8,REFERENCE_OR_CUSTOM_TABLE_NOT_MARKED_LENS_VERIFIED,542.0,240.0,240.0,True,Holmer_1992_Annular,120,None_MSE_Method_Assumed_Zenith,13.015504518696623,0.159797,86.96128015919078,0.0,0.0,86.96128015919078,0.003869220352099,0.0,DeepLabV3+_Xception65_ADE20K,C:\Users\pandya\OneDrive - UCL\Field experiment raw data\Complete Participantwise data\Final Data\ucm\P9\WalkG\ucm\CamUp\cam_20250806_113257.jpg,C:\Users\pandya\Documents\Github\docker\Paper3_Analysis\output\SVF Output\P9\WalkG\CamUp_SVF\cam_20250806_113257_svf.jpg,True,50.81479292,4.37638631,,,,,,,,,,,,,,,
P9,WalkG,cam_20250806_113258.jpg,2025-08-06 11:32:58,CamUp,neginja_MSE_SkyViewFactor_reference_table,"24,25,25,26,26,27,27,29,29,32,32,36,36,40,41,43,44",9d4c5f0c12889fb034103b01efa54b21690d648acad08c427f81fc6d33241e03,b677f291bd6311850d8cb19c1c51cfff76b3a1e2deece82b67687ca72a30d9f8,REFERENCE_OR_CUSTOM_TABLE_NOT_MARKED_LENS_VERIFIED,542.0,240.0,240.0,True,Holmer_1992_Annular,120,None_MSE_Method_Assumed_Zenith,13.529558079761214,0.176064,85.59102340878313,0.0,0.0,85.59102340878313,0.0,0.0,DeepLabV3+_Xception65_ADE20K,C:\Users\pandya\OneDrive - UCL\Field experiment raw data\Complete Participantwise data\Final Data\ucm\P9\WalkG\ucm\CamUp\cam_20250806_113258.jpg,C:\Users\pandya\Documents\Github\docker\Paper3_Analysis\output\SVF Output\P9\WalkG\CamUp_SVF\cam_20250806_113258_svf.jpg,True,50.81478479,4.37638508,,,,,,,,,,,,,,,
P9,WalkG,cam_20250806_113259.jpg,2025-08-06 11:32:59,CamUp,neginja_MSE_SkyViewFactor_reference_table,"24,25,25,26,26,27,27,29,29,32,32,36,36,40,41,43,44",9d4c5f0c12889fb034103b01efa54b21690d648acad08c427f81fc6d33241e03,b677f291bd6311850d8cb19c1c51cfff76b3a1e2deece82b67687ca72a30d9f8,REFERENCE_OR_CUSTOM_TABLE_NOT_MARKED_LENS_VERIFIED,542.0,240.0,240.0,True,Holmer_1992_Annular,120,None_MSE_Method_Assumed_Zenith,12.811541331564548,0.165075,80.05914379681066,4.247851200840174,0.0,84.30699499765083,0.0,0.1962247464278805,DeepLabV3+_Xception65_ADE20K,C:\Users\pandya\OneDrive - UCL\Field experiment raw data\Complete Participantwise data\Final Data\ucm\P9\WalkG\ucm\CamUp\cam_20250806_113259.jpg,C:\Users\pandya\Documents\Github\docker\Paper3_Analysis\output\SVF Output\P9\WalkG\CamUp_SVF\cam_20250806_113259_svf.jpg,True,50.81478053,4.37637895,,,,,,,,,,,,,,,
P9,WalkG,cam_20250806_113300.jpg,2025-08-06 11:33:00,CamUp,neginja_MSE_SkyViewFactor_reference_table,"24,25,25,26,26,27,27,29,29,32,32,36,36,40,41,43,44",9d4c5f0c12889fb034103b01efa54b21690d648acad08c427f81fc6d33241e03,b677f291bd6311850d8cb19c1c51cfff76b3a1e2deece82b67687ca72a30d9f8,REFERENCE_OR_CUSTOM_TABLE_NOT_MARKED_LENS_VERIFIED,542.0,240.0,240.0,True,Holmer_1992_Annular,120,None_MSE_Method_Assumed_Zenith,11.324102479064754,0.149412,88.45203548627809,0.0,0.0,88.45203548627809,0.0,0.1707984412569438,DeepLabV3+_Xception65_ADE20K,C:\Users\pandya\OneDrive - UCL\Field experiment raw data\Complete Participantwise data\Final Data\ucm\P9\WalkG\ucm\CamUp\cam_20250806_113300.jpg,C:\Users\pandya\Documents\Github\docker\Paper3_Analysis\output\SVF Output\P9\WalkG\CamUp_SVF\cam_20250806_113300_svf.jpg,True,50.81476921,4.37637327,,,,,,,,,,,,,,,
P9,WalkG,cam_20250806_113301.jpg,2025-08-06 11:33:01,CamUp,neginja_MSE_SkyViewFactor_reference_table,"24,25,25,26,26,27,27,29,29,32,32,36,36,40,41,43,44",9d4c5f0c12889fb034103b01efa54b21690d648acad08c427f81fc6d33241e03,b677f291bd6311850d8cb19c1c51cfff76b3a1e2deece82b67687ca72a30d9f8,REFERENCE_OR_CUSTOM_TABLE_NOT_MARKED_LENS_VERIFIED,542.0,240.0,240.0,True,Holmer_1992_Annular,120,None_MSE_Method_Assumed_Zenith,9.979824779592626,0.140266,89.92178647431113,0.0,0.0,89.92178647431113,0.0,0.098388746096233,DeepLabV3+_Xception65_ADE20K,C:\Users\pandya\OneDrive - UCL\Field experiment raw data\Complete Participantwise data\Final Data\ucm\P9\WalkG\ucm\CamUp\cam_20250806_113301.jpg,C:\Users\pandya\Documents\Github\docker\Paper3_Analysis\output\SVF Output\P9\WalkG\CamUp_SVF\cam_20250806_113301_svf.jpg,True,50.81476394,4.37634869,,,,,,,,,,,,,,,
P9,WalkG,cam_20250806_113302.jpg,2025-08-06 11:33:02,CamUp,neginja_MSE_SkyViewFactor_reference_table,"24,25,25,26,26,27,27,29,29,32,32,36,36,40,41,43,44",9d4c5f0c12889fb034103b01efa54b21690d648acad08c427f81fc6d33241e03,b677f291bd6311850d8cb19c1c51cfff76b3a1e2deece82b67687ca72a30d9f8,REFERENCE_OR_CUSTOM_TABLE_NOT_MARKED_LENS_VERIFIED,542.0,240.0,240.0,True,Holmer_1992_Annular,120,None_MSE_Method_Assumed_Zenith,10.455186137136224,0.141849,89.54481386286378,0.0,0.0,89.54481386286378,0.0,0.0,DeepLabV3+_Xception65_ADE20K,C:\Users\pandya\OneDrive - UCL\Field experiment raw data\Complete Participantwise data\Final Data\ucm\P9\WalkG\ucm\CamUp\cam_20250806_113302.jpg,C:\Users\pandya\Documents\Github\docker\Paper3_Analysis\output\SVF Output\P9\WalkG\CamUp_SVF\cam_20250806_113302_svf.jpg,True,50.81474808,4.37634087,,,,,,,,,,,,,,,
P9,WalkG,cam_20250806_113303.jpg,2025-08-06 11:33:03,CamUp,neginja_MSE_SkyViewFactor_reference_table,"24,25,25,26,26,27,27,29,29,32,32,36,36,40,41,43,44",9d4c5f0c12889fb034103b01efa54b21690d648acad08c427f81fc6d33241e03,b677f291bd6311850d8cb19c1c51cfff76b3a1e2deece82b67687ca72a30d9f8,REFERENCE_OR_CUSTOM_TABLE_NOT_MARKED_LENS_VERIFIED,542.0,240.0,240.0,True,Holmer_1992_Annular,120,None_MSE_Method_Assumed_Zenith,9.018599894978305,0.131709,90.97310891855292,0.0,0.0,90.97310891855292,0.0,0.0082911864687836,DeepLabV3+_Xception65_ADE20K,C:\Users\pandya\OneDrive - UCL\Field experiment raw data\Complete Participantwise data\Final Data\ucm\P9\WalkG\ucm\CamUp\cam_20250806_113303.jpg,C:\Users\pandya\Documents\Github\docker\Paper3_Analysis\output\SVF Output\P9\WalkG\CamUp_SVF\cam_20250806_113303_svf.jpg,True,50.81474808,4.37634087,,,,,,,,,,,,,,,
P9,WalkG,cam_20250806_113304.jpg,2025-08-06 11:33:04,CamUp,neginja_MSE_SkyViewFactor_reference_table,"24,25,25,26,26,27,27,29,29,32,32,36,36,40,41,43,44",9d4c5f0c12889fb034103b01efa54b21690d648acad08c427f81fc6d33241e03,b677f291bd6311850d8cb19c1c51cfff76b3a1e2deece82b67687ca72a30d9f8,REFERENCE_OR_CUSTOM_TABLE_NOT_MARKED_LENS_VERIFIED,542.0,240.0,240.0,True,Holmer_1992_Annular,120,None_MSE_Method_Assumed_Zenith,8.536605588259679,0.129077,91.46339441174032,0.0,0.0,91.46339441174032,0.0,0.0,DeepLabV3+_Xception65_ADE20K,C:\Users\pandya\OneDrive - UCL\Field experiment raw data\Complete Participantwise data\Final Data\ucm\P9\WalkG\ucm\CamUp\cam_20250806_113304.jpg,C:\Users\pandya\Documents\Github\docker\Paper3_Analysis\output\SVF Output\P9\WalkG\CamUp_SVF\cam_20250806_113304_svf.jpg,True,50.81472591,4.37632046,,,,,,,,,,,,,,,
P9,WalkG,cam_20250806_113305.jpg,2025-08-06 11:33:05,CamUp,neginja_MSE_SkyViewFactor_reference_table,"24,25,25,26,26,27,27,29,29,32,32,36,36,40,41,43,44",9d4c5f0c12889fb034103b01efa54b21690d648acad08c427f81fc6d33241e03,b677f291bd6311850d8cb19c1c51cfff76b3a1e2deece82b67687ca72a30d9f8,REFERENCE_OR_CUSTOM_TABLE_NOT_MARKED_LENS_VERIFIED,542.0,240.0,240.0,True,Holmer_1992_Annular,120,None_MSE_Method_Assumed_Zenith,8.036370671309731,0.122185,91.84976370118564,0.0,0.0,91.84976370118564,0.0,0.1138656275046292,DeepLabV3+_Xception65_ADE20K,C:\Users\pandya\OneDrive - UCL\Field experiment raw data\Complete Participantwise data\Final Data\ucm\P9\WalkG\ucm\CamUp\cam_20250806_113305.jpg,C:\Users\pandya\Documents\Github\docker\Paper3_Analysis\output\SVF Output\P9\WalkG\CamUp_SVF\cam_20250806_113305_svf.jpg,True,50.81471579,4.37630453,,,,,,,,,,,,,,,
P9,WalkG,cam_20250806_113306.jpg,2025-08-06 11:33:06,CamUp,neginja_MSE_SkyViewFactor_reference_table,"24,25,25,26,26,27,27,29,29,32,32,36,36,40,41,43,44",9d4c5f0c12889fb034103b01efa54b21690d648acad08c427f81fc6d33241e03,b677f291bd6311850d8cb19c1c51cfff76b3a1e2deece82b67687ca72a30d9f8,REFERENCE_OR_CUSTOM_TABLE_NOT_MARKED_LENS_VERIFIED,542.0,240.0,240.0,True,Holmer_1992_Annular,120,None_MSE_Method_Assumed_Zenith,7.934112704861398,0.128447,91.60268634441589,0.0,0.0,91.60268634441589,0.0,0.4604372218997872,DeepLabV3+_Xception65_ADE20K,C:\Users\pandya\OneDrive - UCL\Field experiment raw data\Complete Participantwise data\Final Data\ucm\P9\WalkG\ucm\CamUp\cam_20250806_113306.jpg,C:\Users\pandya\Documents\Github\docker\Paper3_Analysis\output\SVF Output\P9\WalkG\CamUp_SVF\cam_20250806_113306_svf.jpg,True,50.81471579,4.37630453,,,,,,,,,,,,,,,
P9,WalkG,cam_20250806_113307.jpg,2025-08-06 11:33:07,CamUp,neginja_MSE_SkyViewFactor_reference_table,"24,25,25,26,26,27,27,29,29,32,32,36,36,40,41,43,44",9d4c5f0c12889fb034103b01efa54b21690d648acad08c427f81fc6d33241e03,b677f291bd6311850d8cb19c1c51cfff76b3a1e2deece82b67687ca72a30d9f8,REFERENCE_OR_CUSTOM_TABLE_NOT_MARKED_LENS_VERIFIED,542.0,240.0,240.0,True,Holmer_1992_Annular,120,None_MSE_Method_Assumed_Zenith,7.625680568222647,0.119443,91.78896166708122,0.0,0.0,91.78896166708122,0.0,0.5848050189315424,DeepLabV3+_Xception65_ADE20K,C:\Users\pandya\OneDrive - UCL\Field experiment raw data\Complete Participantwise data\Final Data\ucm\P9\WalkG\ucm\CamUp\cam_20250806_113307.jpg,C:\Users\pandya\Documents\Github\docker\Paper3_Analysis\output\SVF Output\P9\WalkG\CamUp_SVF\cam_20250806_113307_svf.jpg,True,50.81470626,4.37628773,,,,,,,,,,,,,,,
P9,WalkG,cam_20250806_113308.jpg,2025-08-06 11:33:08,CamUp,neginja_MSE_SkyViewFactor_reference_table,"24,25,25,26,26,27,27,29,29,32,32,36,36,40,41,43,44",9d4c5f0c12889fb034103b01efa54b21690d648acad08c427f81fc6d33241e03,b677f291bd6311850d8cb19c1c51cfff76b3a1e2deece82b67687ca72a30d9f8,REFERENCE_OR_CUSTOM_TABLE_NOT_MARKED_LENS_VERIFIED,542.0,240.0,240.0,True,Holmer_1992_Annular,120,None_MSE_Method_Assumed_Zenith,7.112179752922643,0.114742,92.4837630931653,0.0,0.0,92.4837630931653,0.0,0.392449492855761,DeepLabV3+_Xception65_ADE20K,C:\Users\pandya\OneDrive - UCL\Field experiment raw data\Complete Participantwise data\Final Data\ucm\P9\WalkG\ucm\CamUp\cam_20250806_113308.jpg,C:\Users\pandya\Documents\Github\docker\Paper3_Analysis\output\SVF Output\P9\WalkG\CamUp_SVF\cam_20250806_113308_svf.jpg,True,50.81468027,4.37624977,,,,,,,,,,,,,,,
P9,WalkG,cam_20250806_113309.jpg,2025-08-06 11:33:09,CamUp,neginja_MSE_SkyViewFactor_reference_table,"24,25,25,26,26,27,27,29,29,32,32,36,36,40,41,43,44",9d4c5f0c12889fb034103b01efa54b21690d648acad08c427f81fc6d33241e03,b677f291bd6311850d8cb19c1c51cfff76b3a1e2deece82b67687ca72a30d9f8,REFERENCE_OR_CUSTOM_TABLE_NOT_MARKED_LENS_VERIFIED,542.0,240.0,240.0,True,Holmer_1992_Annular,120,None_MSE_Method_Assumed_Zenith,7.140922532681094,0.105456,91.80664953154796,0.0679877290440262,0.0,91.87463726059198,0.0,0.0,DeepLabV3+_Xception65_ADE20K,C:\Users\pandya\OneDrive - UCL\Field experiment raw data\Complete Participantwise data\Final Data\ucm\P9\WalkG\ucm\CamUp\cam_20250806_113309.jpg,C:\Users\pandya\Documents\Github\docker\Paper3_Analysis\output\SVF Output\P9\WalkG\CamUp_SVF\cam_20250806_113309_svf.jpg,True,50.81468027,4.37624977,,,,,,,,,,,,,,,
P9,WalkG,cam_20250806_113310.jpg,2025-08-06 11:33:10,CamUp,neginja_MSE_SkyViewFactor_reference_table,"24,25,25,26,26,27,27,29,29,32,32,36,36,40,41,43,44",9d4c5f0c12889fb034103b01efa54b21690d648acad08c427f81fc6d33241e03,b677f291bd6311850d8cb19c1c51cfff76b3a1e2deece82b67687ca72a30d9f8,REFERENCE_OR_CUSTOM_TABLE_NOT_MARKED_LENS_VERIFIED,542.0,240.0,240.0,True,Holmer_1992_Annular,120,None_MSE_Method_Assumed_Zenith,7.767736229721139,0.103625,92.23226377027883,0.0,0.0,92.23226377027883,0.0,0.0,DeepLabV3+_Xception65_ADE20K,C:\Users\pandya\OneDrive - UCL\Field experiment raw data\Complete Participantwise data\Final Data\ucm\P9\WalkG\ucm\CamUp\cam_20250806_113310.jpg,C:\Users\pandya\Documents\Github\docker\Paper3_Analysis\output\SVF Output\P9\WalkG\CamUp_SVF\cam_20250806_113310_svf.jpg,True,50.81467455,4.37622295,,,,,,,,,,,,,,,
P9,WalkG,cam_20250806_113311.jpg,2025-08-06 11:33:11,CamUp,neginja_MSE_SkyViewFactor_reference_table,"24,25,25,26,26,27,27,29,29,32,32,36,36,40,41,43,44",9d4c5f0c12889fb034103b01efa54b21690d648acad08c427f81fc6d33241e03,b677f291bd6311850d8cb19c1c51cfff76b3a1e2deece82b67687ca72a30d9f8,REFERENCE_OR_CUSTOM_TABLE_NOT_MARKED_LENS_VERIFIED,542.0,240.0,240.0,True,Holmer_1992_Annular,120,None_MSE_Method_Assumed_Zenith,8.701876571870768,0.125237,91.24450708896444,0.0,0.0,91.24450708896444,0.0,0.0071856949396125,DeepLabV3+_Xception65_ADE20K,C:\Users\pandya\OneDrive - UCL\Field experiment raw data\Complete Participantwise data\Final Data\ucm\P9\WalkG\ucm\CamUp\cam_20250806_113311.jpg,C:\Users\pandya\Documents\Github\docker\Paper3_Analysis\output\SVF Output\P9\WalkG\CamUp_SVF\cam_20250806_113311_svf.jpg,True,50.81466501,4.37621139,,,,,,,,,,,,,,,
P9,WalkG,cam_20250806_113312.jpg,2025-08-06 11:33:12,CamUp,neginja_MSE_SkyViewFactor_reference_table,"24,25,25,26,26,27,27,29,29,32,32,36,36,40,41,43,44",9d4c5f0c12889fb034103b01efa54b21690d648acad08c427f81fc6d33241e03,b677f291bd6311850d8cb19c1c51cfff76b3a1e2deece82b67687ca72a30d9f8,REFERENCE_OR_CUSTOM_TABLE_NOT_MARKED_LENS_VERIFIED,542.0,240.0,240.0,True,Holmer_1992_Annular,120,None_MSE_Method_Assumed_Zenith,7.525633584832655,0.101664,92.47436641516734,0.0,0.0,92.47436641516734,0.0,0.0,DeepLabV3+_Xception65_ADE20K,C:\Users\pandya\OneDrive - UCL\Field experiment raw data\Complete Participantwise data\Final Data\ucm\P9\WalkG\ucm\CamUp\cam_20250806_113312.jpg,C:\Users\pandya\Documents\Github\docker\Paper3_Analysis\output\SVF Output\P9\WalkG\CamUp_SVF\cam_20250806_113312_svf.jpg,True,50.8146638,4.37620622,,,,,,,,,,,,,,,
P9,WalkG,cam_20250806_113313.jpg,2025-08-06 11:33:13,CamUp,neginja_MSE_SkyViewFactor_reference_table,"24,25,25,26,26,27,27,29,29,32,32,36,36,40,41,43,44",9d4c5f0c12889fb034103b01efa54b21690d648acad08c427f81fc6d33241e03,b677f291bd6311850d8cb19c1c51cfff76b3a1e2deece82b67687ca72a30d9f8,REFERENCE_OR_CUSTOM_TABLE_NOT_MARKED_LENS_VERIFIED,542.0,240.0,240.0,True,Holmer_1992_Annular,120,None_MSE_Method_Assumed_Zenith,6.504159411878506,0.080298,93.4958405881215,0.0,0.0,93.4958405881215,0.0,0.0,DeepLabV3+_Xception65_ADE20K,C:\Users\pandya\OneDrive - UCL\Field experiment raw data\Complete Participantwise data\Final Data\ucm\P9\WalkG\ucm\CamUp\cam_20250806_113313.jpg,C:\Users\pandya\Documents\Github\docker\Paper3_Analysis\output\SVF Output\P9\WalkG\CamUp_SVF\cam_20250806_113313_svf.jpg,True,50.8146519,4.37619484,,,,,,,,,,,,,,,
P9,WalkG,cam_20250806_113314.jpg,2025-08-06 11:33:14,CamUp,neginja_MSE_SkyViewFactor_reference_table,"24,25,25,26,26,27,27,29,29,32,32,36,36,40,41,43,44",9d4c5f0c12889fb034103b01efa54b21690d648acad08c427f81fc6d33241e03,b677f291bd6311850d8cb19c1c51cfff76b3a1e2deece82b67687ca72a30d9f8,REFERENCE_OR_CUSTOM_TABLE_NOT_MARKED_LENS_VERIFIED,542.0,240.0,240.0,True,Holmer_1992_Annular,120,None_MSE_Method_Assumed_Zenith,5.236713373683774,0.060169,94.76328662631624,0.0,0.0,94.76328662631624,0.0,0.0,DeepLabV3+_Xception65_ADE20K,C:\Users\pandya\OneDrive - UCL\Field experiment raw data\Complete Participantwise data\Final Data\ucm\P9\WalkG\ucm\CamUp\cam_20250806_113314.jpg,C:\Users\pandya\Documents\Github\docker\Paper3_Analysis\output\SVF Output\P9\WalkG\CamUp_SVF\cam_20250806_113314_svf.jpg,True,50.814732,4.376298,,,,,,,,,,,,,,,
P9,WalkG,cam_20250806_113315.jpg,2025-08-06 11:33:15,CamUp,neginja_MSE_SkyViewFactor_reference_table,"24,25,25,26,26,27,27,29,29,32,32,36,36,40,41,43,44",9d4c5f0c12889fb034103b01efa54b21690d648acad08c427f81fc6d33241e03,b677f291bd6311850d8cb19c1c51cfff76b3a1e2deece82b67687ca72a30d9f8,REFERENCE_OR_CUSTOM_TABLE_NOT_MARKED_LENS_VERIFIED,542.0,240.0,240.0,True,Holmer_1992_Annular,120,None_MSE_Method_Assumed_Zenith,4.131221844512616,0.041271,95.84998479949148,0.0,0.0,95.84998479949148,0.0,0.0,DeepLabV3+_Xception65_ADE20K,C:\Users\pandya\OneDrive - UCL\Field experiment raw data\Complete Participantwise data\Final Data\ucm\P9\WalkG\ucm\CamUp\cam_20250806_113315.jpg,C:\Users\pandya\Documents\Github\docker\Paper3_Analysis\output\SVF Output\P9\WalkG\CamUp_SVF\cam_20250806_113315_svf.jpg,True,50.814704,4.376281,,,,,,,,,,,,,,,
P9,WalkG,cam_20250806_113316.jpg,2025-08-06 11:33:16,CamUp,neginja_MSE_SkyViewFactor_reference_table,"24,25,25,26,26,27,27,29,29,32,32,36,36,40,41,43,44",9d4c5f0c12889fb034103b01efa54b21690d648acad08c427f81fc6d33241e03,b677f291bd6311850d8cb19c1c51cfff76b3a1e2deece82b67687ca72a30d9f8,REFERENCE_OR_CUSTOM_TABLE_NOT_MARKED_LENS_VERIFIED,542.0,240.0,240.0,True,Holmer_1992_Annular,120,None_MSE_Method_Assumed_Zenith,5.602078324074842,0.051181,94.39294696404389,0.0,0.0,94.39294696404389,0.0,0.0044219661166846,DeepLabV3+_Xception65_ADE20K,C:\Users\pandya\OneDrive - UCL\Field experiment raw data\Complete Participantwise data\Final Data\ucm\P9\WalkG\ucm\CamUp\cam_20250806_113316.jpg,C:\Users\pandya\Documents\Github\docker\Paper3_Analysis\output\SVF Output\P9\WalkG\CamUp_SVF\cam_20250806_113316_svf.jpg,True,50.814704,4.376281,,,,,,,,,,,,,,,
P9,WalkG,cam_20250806_113317.jpg,2025-08-06 11:33:17,CamUp,neginja_MSE_SkyViewFactor_reference_table,"24,25,25,26,26,27,27,29,29,32,32,36,36,40,41,43,44",9d4c5f0c12889fb034103b01efa54b21690d648acad08c427f81fc6d33241e03,b677f291bd6311850d8cb19c1c51cfff76b3a1e2deece82b67687ca72a30d9f8,REFERENCE_OR_CUSTOM_TABLE_NOT_MARKED_LENS_VERIFIED,542.0,240.0,240.0,True,Holmer_1992_Annular,120,None_MSE_Method_Assumed_Zenith,5.706547273581516,0.055434,94.22049028549318,0.0729624409252964,0.0,94.29345272641848,0.0,0.0,DeepLabV3+_Xception65_ADE20K,C:\Users\pandya\OneDrive - UCL\Field experiment raw data\Complete Participantwise data\Final Data\ucm\P9\WalkG\ucm\CamUp\cam_20250806_113317.jpg,C:\Users\pandya\Documents\Github\docker\Paper3_Analysis\output\SVF Output\P9\WalkG\CamUp_SVF\cam_20250806_113317_svf.jpg,True,50.814704,4.376281,,,,,,,,,,,,,,,
P9,WalkG,cam_20250806_113318.jpg,2025-08-06 11:33:18,CamUp,neginja_MSE_SkyViewFactor_reference_table,"24,25,25,26,26,27,27,29,29,32,32,36,36,40,41,43,44",9d4c5f0c12889fb034103b01efa54b21690d648acad08c427f81fc6d33241e03,b677f291bd6311850d8cb19c1c51cfff76b3a1e2deece82b67687ca72a30d9f8,REFERENCE_OR_CUSTOM_TABLE_NOT_MARKED_LENS_VERIFIED,542.0,240.0,240.0,True,Holmer_1992_Annular,120,None_MSE_Method_Assumed_Zenith,5.020037033966228,0.045209,90.67407345991212,0.0,0.0,90.67407345991212,0.0,0.0254263051709366,DeepLabV3+_Xception65_ADE20K,C:\Users\pandya\OneDrive - UCL\Field experiment raw data\Complete Participantwise data\Final Data\ucm\P9\WalkG\ucm\CamUp\cam_20250806_113318.jpg,C:\Users\pandya\Documents\Github\docker\Paper3_Analysis\output\SVF Output\P9\WalkG\CamUp_SVF\cam_20250806_113318_svf.jpg,True,50.81457558,4.37618064,,,,,,,,,,,,,,,
P9,WalkG,cam_20250806_113319.jpg,2025-08-06 11:33:19,CamUp,neginja_MSE_SkyViewFactor_reference_table,"24,25,25,26,26,27,27,29,29,32,32,36,36,40,41,43,44",9d4c5f0c12889fb034103b01efa54b21690d648acad08c427f81fc6d33241e03,b677f291bd6311850d8cb19c1c51cfff76b3a1e2deece82b67687ca72a30d9f8,REFERENCE_OR_CUSTOM_TABLE_NOT_MARKED_LENS_VERIFIED,542.0,240.0,240.0,True,Holmer_1992_Annular,120,None_MSE_Method_Assumed_Zenith,3.478429096537048,0.036055,93.98170411519222,0.0,0.0,93.98170411519222,0.0,0.003869220352099,DeepLabV3+_Xception65_ADE20K,C:\Users\pandya\OneDrive - UCL\Field experiment raw data\Complete Participantwise data\Final Data\ucm\P9\WalkG\ucm\CamUp\cam_20250806_113319.jpg,C:\Users\pandya\Documents\Github\docker\Paper3_Analysis\output\SVF Output\P9\WalkG\CamUp_SVF\cam_20250806_113319_svf.jpg,True,50.81457933,4.3761512,,,,,,,,,,,,,,,
P9,WalkG,cam_20250806_113320.jpg,2025-08-06 11:33:20,CamUp,neginja_MSE_SkyViewFactor_reference_table,"24,25,25,26,26,27,27,29,29,32,32,36,36,40,41,43,44",9d4c5f0c12889fb034103b01efa54b21690d648acad08c427f81fc6d33241e03,b677f291bd6311850d8cb19c1c51cfff76b3a1e2deece82b67687ca72a30d9f8,REFERENCE_OR_CUSTOM_TABLE_NOT_MARKED_LENS_VERIFIED,542.0,240.0,240.0,True,Holmer_1992_Annular,120,None_MSE_Method_Assumed_Zenith,5.804936019677749,0.051679,91.81770444683968,0.0,0.0,91.81770444683968,0.0,0.0,DeepLabV3+_Xception65_ADE20K,C:\Users\pandya\OneDrive - UCL\Field experiment raw data\Complete Participantwise data\Final Data\ucm\P9\WalkG\ucm\CamUp\cam_20250806_113320.jpg,C:\Users\pandya\Documents\Github\docker\Paper3_Analysis\output\SVF Output\P9\WalkG\CamUp_SVF\cam_20250806_113320_svf.jpg,True,50.81457361,4.37613801,,,,,,,,,,,,,,,
P9,WalkG,cam_20250806_113321.jpg,2025-08-06 11:33:21,CamUp,neginja_MSE_SkyViewFactor_reference_table,"24,25,25,26,26,27,27,29,29,32,32,36,36,40,41,43,44",9d4c5f0c12889fb034103b01efa54b21690d648acad08c427f81fc6d33241e03,b677f291bd6311850d8cb19c1c51cfff76b3a1e2deece82b67687ca72a30d9f8,REFERENCE_OR_CUSTOM_TABLE_NOT_MARKED_LENS_VERIFIED,542.0,240.0,240.0,True,Holmer_1992_Annular,120,None_MSE_Method_Assumed_Zenith,4.734267473675483,0.028331,95.02971008484649,0.0,0.0,95.02971008484649,0.0,0.0,DeepLabV3+_Xception65_ADE20K,C:\Users\pandya\OneDrive - UCL\Field experiment raw data\Complete Participantwise data\Final Data\ucm\P9\WalkG\ucm\CamUp\cam_20250806_113321.jpg,C:\Users\pandya\Documents\Github\docker\Paper3_Analysis\output\SVF Output\P9\WalkG\CamUp_SVF\cam_20250806_113321_svf.jpg,True,50.81457361,4.37613801,,,,,,,,,,,,,,,
P9,WalkG,cam_20250806_113322.jpg,2025-08-06 11:33:22,CamUp,neginja_MSE_SkyViewFactor_reference_table,"24,25,25,26,26,27,27,29,29,32,32,36,36,40,41,43,44",9d4c5f0c12889fb034103b01efa54b21690d648acad08c427f81fc6d33241e03,b677f291bd6311850d8cb19c1c51cfff76b3a1e2deece82b67687ca72a30d9f8,REFERENCE_OR_CUSTOM_TABLE_NOT_MARKED_LENS_VERIFIED,542.0,240.0,240.0,True,Holmer_1992_Annular,120,None_MSE_Method_Assumed_Zenith,3.058342315452008,0.015306,96.57297625956942,0.0,0.0,96.57297625956942,0.0,0.0,DeepLabV3+_Xception65_ADE20K,C:\Users\pandya\OneDrive - UCL\Field experiment raw data\Complete Participantwise data\Final Data\ucm\P9\WalkG\ucm\CamUp\cam_20250806_113322.jpg,C:\Users\pandya\Documents\Github\docker\Paper3_Analysis\output\SVF Output\P9\WalkG\CamUp_SVF\cam_20250806_113322_svf.jpg,True,50.81455084,4.37610319,,,,,,,,,,,,,,,
P9,WalkG,cam_20250806_113323.jpg,2025-08-06 11:33:23,CamUp,neginja_MSE_SkyViewFactor_reference_table,"24,25,25,26,26,27,27,29,29,32,32,36,36,40,41,43,44",9d4c5f0c12889fb034103b01efa54b21690d648acad08c427f81fc6d33241e03,b677f291bd6311850d8cb19c1c51cfff76b3a1e2deece82b67687ca72a30d9f8,REFERENCE_OR_CUSTOM_TABLE_NOT_MARKED_LENS_VERIFIED,542.0,240.0,240.0,True,Holmer_1992_Annular,120,None_MSE_Method_Assumed_Zenith,1.220462648204958,0.001361,98.77953735179504,0.0,0.0,98.77953735179504,0.0,0.0,DeepLabV3+_Xception65_ADE20K,C:\Users\pandya\OneDrive - UCL\Field experiment raw data\Complete Participantwise data\Final Data\ucm\P9\WalkG\ucm\CamUp\cam_20250806_113323.jpg,C:\Users\pandya\Documents\Github\docker\Paper3_Analysis\output\SVF Output\P9\WalkG\CamUp_SVF\cam_20250806_113323_svf.jpg,True,50.81455084,4.37610319,,,,,,,,,,,,,,,
P9,WalkG,cam_20250806_113324.jpg,2025-08-06 11:33:24,CamUp,neginja_MSE_SkyViewFactor_reference_table,"24,25,25,26,26,27,27,29,29,32,32,36,36,40,41,43,44",9d4c5f0c12889fb034103b01efa54b21690d648acad08c427f81fc6d33241e03,b677f291bd6311850d8cb19c1c51cfff76b3a1e2deece82b67687ca72a30d9f8,REFERENCE_OR_CUSTOM_TABLE_NOT_MARKED_LENS_VERIFIED,542.0,240.0,240.0,True,Holmer_1992_Annular,120,None_MSE_Method_Assumed_Zenith,3.2401956720006635,0.016249,96.75869883647016,0.0,0.0,96.75869883647016,0.0,0.0,DeepLabV3+_Xception65_ADE20K,C:\Users\pandya\OneDrive - UCL\Field experiment raw data\Complete Participantwise data\Final Data\ucm\P9\WalkG\ucm\CamUp\cam_20250806_113324.jpg,C:\Users\pandya\Documents\Github\docker\Paper3_Analysis\output\SVF Output\P9\WalkG\CamUp_SVF\cam_20250806_113324_svf.jpg,True,50.81452364,4.37607486,,,,,,,,,,,,,,,
P9,WalkG,cam_20250806_113325.jpg,2025-08-06 11:33:25,CamUp,neginja_MSE_SkyViewFactor_reference_table,"24,25,25,26,26,27,27,29,29,32,32,36,36,40,41,43,44",9d4c5f0c12889fb034103b01efa54b21690d648acad08c427f81fc6d33241e03,b677f291bd6311850d8cb19c1c51cfff76b3a1e2deece82b67687ca72a30d9f8,REFERENCE_OR_CUSTOM_TABLE_NOT_MARKED_LENS_VERIFIED,542.0,240.0,240.0,True,Holmer_1992_Annular,120,None_MSE_Method_Assumed_Zenith,3.632092419091839,0.013119,96.32147693668296,0.0066329491750269,0.0,96.328109885858,0.0,0.0016582372937567,DeepLabV3+_Xception65_ADE20K,C:\Users\pandya\OneDrive - UCL\Field experiment raw data\Complete Participantwise data\Final Data\ucm\P9\WalkG\ucm\CamUp\cam_20250806_113325.jpg,C:\Users\pandya\Documents\Github\docker\Paper3_Analysis\output\SVF Output\P9\WalkG\CamUp_SVF\cam_20250806_113325_svf.jpg,True,50.81452364,4.37607486,,,,,,,,,,,,,,,
P9,WalkG,cam_20250806_113326.jpg,2025-08-06 11:33:26,CamUp,neginja_MSE_SkyViewFactor_reference_table,"24,25,25,26,26,27,27,29,29,32,32,36,36,40,41,43,44",9d4c5f0c12889fb034103b01efa54b21690d648acad08c427f81fc6d33241e03,b677f291bd6311850d8cb19c1c51cfff76b3a1e2deece82b67687ca72a30d9f8,REFERENCE_OR_CUSTOM_TABLE_NOT_MARKED_LENS_VERIFIED,542.0,240.0,240.0,True,Holmer_1992_Annular,120,None_MSE_Method_Assumed_Zenith,4.405383743747064,0.011061,95.21322167868888,0.0,0.0,95.21322167868888,0.0,0.0,DeepLabV3+_Xception65_ADE20K,C:\Users\pandya\OneDrive - UCL\Field experiment raw data\Complete Participantwise data\Final Data\ucm\P9\WalkG\ucm\CamUp\cam_20250806_113326.jpg,C:\Users\pandya\Documents\Github\docker\Paper3_Analysis\output\SVF Output\P9\WalkG\CamUp_SVF\cam_20250806_113326_svf.jpg,True,50.81452178,4.37603935,,,,,,,,,,,,,,,
P9,WalkG,cam_20250806_113327.jpg,2025-08-06 11:33:27,CamUp,neginja_MSE_SkyViewFactor_reference_table,"24,25,25,26,26,27,27,29,29,32,32,36,36,40,41,43,44",9d4c5f0c12889fb034103b01efa54b21690d648acad08c427f81fc6d33241e03,b677f291bd6311850d8cb19c1c51cfff76b3a1e2deece82b67687ca72a30d9f8,REFERENCE_OR_CUSTOM_TABLE_NOT_MARKED_LENS_VERIFIED,542.0,240.0,240.0,True,Holmer_1992_Annular,120,None_MSE_Method_Assumed_Zenith,7.206699278666777,0.019394,92.79164248403949,0.0,0.0,92.79164248403949,0.0,0.0,DeepLabV3+_Xception65_ADE20K,C:\Users\pandya\OneDrive - UCL\Field experiment raw data\Complete Participantwise data\Final Data\ucm\P9\WalkG\ucm\CamUp\cam_20250806_113327.jpg,C:\Users\pandya\Documents\Github\docker\Paper3_Analysis\output\SVF Output\P9\WalkG\CamUp_SVF\cam_20250806_113327_svf.jpg,True,50.81452178,4.37603935,,,,,,,,,,,,,,,
P9,WalkG,cam_20250806_113328.jpg,2025-08-06 11:33:28,CamUp,neginja_MSE_SkyViewFactor_reference_table,"24,25,25,26,26,27,27,29,29,32,32,36,36,40,41,43,44",9d4c5f0c12889fb034103b01efa54b21690d648acad08c427f81fc6d33241e03,b677f291bd6311850d8cb19c1c51cfff76b3a1e2deece82b67687ca72a30d9f8,REFERENCE_OR_CUSTOM_TABLE_NOT_MARKED_LENS_VERIFIED,542.0,240.0,240.0,True,Holmer_1992_Annular,120,None_MSE_Method_Assumed_Zenith,2.355802448663737,0.0035,97.64419755133626,0.0,0.0,97.64419755133626,0.0,0.0,DeepLabV3+_Xception65_ADE20K,C:\Users\pandya\OneDrive - UCL\Field experiment raw data\Complete Participantwise data\Final Data\ucm\P9\WalkG\ucm\CamUp\cam_20250806_113328.jpg,C:\Users\pandya\Documents\Github\docker\Paper3_Analysis\output\SVF Output\P9\WalkG\CamUp_SVF\cam_20250806_113328_svf.jpg,True,50.8145012,4.37601625,,,,,,,,,,,,,,,
P9,WalkG,cam_20250806_113329.jpg,2025-08-06 11:33:29,CamUp,neginja_MSE_SkyViewFactor_reference_table,"24,25,25,26,26,27,27,29,29,32,32,36,36,40,41,43,44",9d4c5f0c12889fb034103b01efa54b21690d648acad08c427f81fc6d33241e03,b677f291bd6311850d8cb19c1c51cfff76b3a1e2deece82b67687ca72a30d9f8,REFERENCE_OR_CUSTOM_TABLE_NOT_MARKED_LENS_VERIFIED,542.0,240.0,240.0,True,Holmer_1992_Annular,120,None_MSE_Method_Assumed_Zenith,2.708454246469336,0.016376,97.27219965177017,0.0,0.0,97.27219965177017,0.0,0.0,DeepLabV3+_Xception65_ADE20K,C:\Users\pandya\OneDrive - UCL\Field experiment raw data\Complete Participantwise data\Final Data\ucm\P9\WalkG\ucm\CamUp\cam_20250806_113329.jpg,C:\Users\pandya\Documents\Github\docker\Paper3_Analysis\output\SVF Output\P9\WalkG\CamUp_SVF\cam_20250806_113329_svf.jpg,True,50.8145012,4.37601625,,,,,,,,,,,,,,,
P9,WalkG,cam_20250806_113330.jpg,2025-08-06 11:33:30,CamUp,neginja_MSE_SkyViewFactor_reference_table,"24,25,25,26,26,27,27,29,29,32,32,36,36,40,41,43,44",9d4c5f0c12889fb034103b01efa54b21690d648acad08c427f81fc6d33241e03,b677f291bd6311850d8cb19c1c51cfff76b3a1e2deece82b67687ca72a30d9f8,REFERENCE_OR_CUSTOM_TABLE_NOT_MARKED_LENS_VERIFIED,542.0,240.0,240.0,True,Holmer_1992_Annular,120,None_MSE_Method_Assumed_Zenith,1.3923665809910732,0.014147,98.60763341900892,0.0,0.0,98.60763341900892,0.0,0.0,DeepLabV3+_Xception65_ADE20K,C:\Users\pandya\OneDrive - UCL\Field experiment raw data\Complete Participantwise data\Final Data\ucm\P9\WalkG\ucm\CamUp\cam_20250806_113330.jpg,C:\Users\pandya\Documents\Github\docker\Paper3_Analysis\output\SVF Output\P9\WalkG\CamUp_SVF\cam_20250806_113330_svf.jpg,True,50.8146,4.376106,,,,,,,,,,,,,,,
P9,WalkG,cam_20250806_113331.jpg,2025-08-06 11:33:31,CamUp,neginja_MSE_SkyViewFactor_reference_table,"24,25,25,26,26,27,27,29,29,32,32,36,36,40,41,43,44",9d4c5f0c12889fb034103b01efa54b21690d648acad08c427f81fc6d33241e03,b677f291bd6311850d8cb19c1c51cfff76b3a1e2deece82b67687ca72a30d9f8,REFERENCE_OR_CUSTOM_TABLE_NOT_MARKED_LENS_VERIFIED,542.0,240.0,240.0,True,Holmer_1992_Annular,120,None_MSE_Method_Assumed_Zenith,2.7609650941049666,0.023903,97.23903490589504,0.0,0.0,97.23903490589504,0.0,0.0,DeepLabV3+_Xception65_ADE20K,C:\Users\pandya\OneDrive - UCL\Field experiment raw data\Complete Participantwise data\Final Data\ucm\P9\WalkG\ucm\CamUp\cam_20250806_113331.jpg,C:\Users\pandya\Documents\Github\docker\Paper3_Analysis\output\SVF Output\P9\WalkG\CamUp_SVF\cam_20250806_113331_svf.jpg,True,50.814584,4.376093,,,,,,,,,,,,,,,
P9,WalkG,cam_20250806_113332.jpg,2025-08-06 11:33:32,CamUp,neginja_MSE_SkyViewFactor_reference_table,"24,25,25,26,26,27,27,29,29,32,32,36,36,40,41,43,44",9d4c5f0c12889fb034103b01efa54b21690d648acad08c427f81fc6d33241e03,b677f291bd6311850d8cb19c1c51cfff76b3a1e2deece82b67687ca72a30d9f8,REFERENCE_OR_CUSTOM_TABLE_NOT_MARKED_LENS_VERIFIED,542.0,240.0,240.0,True,Holmer_1992_Annular,120,None_MSE_Method_Assumed_Zenith,2.707901500704751,0.020876,97.29209849929524,0.0,0.0,97.29209849929524,0.0,0.0,DeepLabV3+_Xception65_ADE20K,C:\Users\pandya\OneDrive - UCL\Field experiment raw data\Complete Participantwise data\Final Data\ucm\P9\WalkG\ucm\CamUp\cam_20250806_113332.jpg,C:\Users\pandya\Documents\Github\docker\Paper3_Analysis\output\SVF Output\P9\WalkG\CamUp_SVF\cam_20250806_113332_svf.jpg,True,50.81446955,4.37595971,,,,,,,,,,,,,,,
P9,WalkG,cam_20250806_113333.jpg,2025-08-06 11:33:33,CamUp,neginja_MSE_SkyViewFactor_reference_table,"24,25,25,26,26,27,27,29,29,32,32,36,36,40,41,43,44",9d4c5f0c12889fb034103b01efa54b21690d648acad08c427f81fc6d33241e03,b677f291bd6311850d8cb19c1c51cfff76b3a1e2deece82b67687ca72a30d9f8,REFERENCE_OR_CUSTOM_TABLE_NOT_MARKED_LENS_VERIFIED,542.0,240.0,240.0,True,Holmer_1992_Annular,120,None_MSE_Method_Assumed_Zenith,1.4216621065141088,0.022799,98.5783378934859,0.0,0.0,98.5783378934859,0.0,0.0,DeepLabV3+_Xception65_ADE20K,C:\Users\pandya\OneDrive - UCL\Field experiment raw data\Complete Participantwise data\Final Data\ucm\P9\WalkG\ucm\CamUp\cam_20250806_113333.jpg,C:\Users\pandya\Documents\Github\docker\Paper3_Analysis\output\SVF Output\P9\WalkG\CamUp_SVF\cam_20250806_113333_svf.jpg,True,50.81454,4.376051,,,,,,,,,,,,,,,
P9,WalkG,cam_20250806_113334.jpg,2025-08-06 11:33:34,CamUp,neginja_MSE_SkyViewFactor_reference_table,"24,25,25,26,26,27,27,29,29,32,32,36,36,40,41,43,44",9d4c5f0c12889fb034103b01efa54b21690d648acad08c427f81fc6d33241e03,b677f291bd6311850d8cb19c1c51cfff76b3a1e2deece82b67687ca72a30d9f8,REFERENCE_OR_CUSTOM_TABLE_NOT_MARKED_LENS_VERIFIED,542.0,240.0,240.0,True,Holmer_1992_Annular,120,None_MSE_Method_Assumed_Zenith,1.5952242765939806,0.025416,98.40477572340602,0.0,0.0,98.40477572340602,0.0,0.0,DeepLabV3+_Xception65_ADE20K,C:\Users\pandya\OneDrive - UCL\Field experiment raw data\Complete Participantwise data\Final Data\ucm\P9\WalkG\ucm\CamUp\cam_20250806_113334.jpg,C:\Users\pandya\Documents\Github\docker\Paper3_Analysis\output\SVF Output\P9\WalkG\CamUp_SVF\cam_20250806_113334_svf.jpg,True,50.81454,4.376051,,,,,,,,,,,,,,,
P9,WalkG,cam_20250806_113335.jpg,2025-08-06 11:33:35,CamUp,neginja_MSE_SkyViewFactor_reference_table,"24,25,25,26,26,27,27,29,29,32,32,36,36,40,41,43,44",9d4c5f0c12889fb034103b01efa54b21690d648acad08c427f81fc6d33241e03,b677f291bd6311850d8cb19c1c51cfff76b3a1e2deece82b67687ca72a30d9f8,REFERENCE_OR_CUSTOM_TABLE_NOT_MARKED_LENS_VERIFIED,542.0,240.0,240.0,True,Holmer_1992_Annular,120,None_MSE_Method_Assumed_Zenith,2.856037365613686,0.020146,96.19379266506373,0.0,0.0,96.19379266506373,0.0,0.0,DeepLabV3+_Xception65_ADE20K,C:\Users\pandya\OneDrive - UCL\Field experiment raw data\Complete Participantwise data\Final Data\ucm\P9\WalkG\ucm\CamUp\cam_20250806_113335.jpg,C:\Users\pandya\Documents\Github\docker\Paper3_Analysis\output\SVF Output\P9\WalkG\CamUp_SVF\cam_20250806_113335_svf.jpg,True,50.81443434,4.37587914,,,,,,,,,,,,,,,
P9,WalkG,cam_20250806_113336.jpg,2025-08-06 11:33:36,CamUp,neginja_MSE_SkyViewFactor_reference_table,"24,25,25,26,26,27,27,29,29,32,32,36,36,40,41,43,44",9d4c5f0c12889fb034103b01efa54b21690d648acad08c427f81fc6d33241e03,b677f291bd6311850d8cb19c1c51cfff76b3a1e2deece82b67687ca72a30d9f8,REFERENCE_OR_CUSTOM_TABLE_NOT_MARKED_LENS_VERIFIED,542.0,240.0,240.0,True,Holmer_1992_Annular,120,None_MSE_Method_Assumed_Zenith,2.734433297404858,0.005143,88.51947046955753,0.0,0.0,88.51947046955753,0.0,0.0,DeepLabV3+_Xception65_ADE20K,C:\Users\pandya\OneDrive - UCL\Field experiment raw data\Complete Participantwise data\Final Data\ucm\P9\WalkG\ucm\CamUp\cam_20250806_113336.jpg,C:\Users\pandya\Documents\Github\docker\Paper3_Analysis\output\SVF Output\P9\WalkG\CamUp_SVF\cam_20250806_113336_svf.jpg,True,50.814504,4.37603,,,,,,,,,,,,,,,
P9,WalkG,cam_20250806_113337.jpg,2025-08-06 11:33:37,CamUp,neginja_MSE_SkyViewFactor_reference_table,"24,25,25,26,26,27,27,29,29,32,32,36,36,40,41,43,44",9d4c5f0c12889fb034103b01efa54b21690d648acad08c427f81fc6d33241e03,b677f291bd6311850d8cb19c1c51cfff76b3a1e2deece82b67687ca72a30d9f8,REFERENCE_OR_CUSTOM_TABLE_NOT_MARKED_LENS_VERIFIED,542.0,240.0,240.0,True,Holmer_1992_Annular,120,None_MSE_Method_Assumed_Zenith,3.791835945057071,0.008259,84.96642069480143,0.0,0.0,84.96642069480143,0.0,0.0,DeepLabV3+_Xception65_ADE20K,C:\Users\pandya\OneDrive - UCL\Field experiment raw data\Complete Participantwise data\Final Data\ucm\P9\WalkG\ucm\CamUp\cam_20250806_113337.jpg,C:\Users\pandya\Documents\Github\docker\Paper3_Analysis\output\SVF Output\P9\WalkG\CamUp_SVF\cam_20250806_113337_svf.jpg,True,50.81444449,4.37588383,,,,,,,,,,,,,,,
P9,WalkG,cam_20250806_113338.jpg,2025-08-06 11:33:38,CamUp,neginja_MSE_SkyViewFactor_reference_table,"24,25,25,26,26,27,27,29,29,32,32,36,36,40,41,43,44",9d4c5f0c12889fb034103b01efa54b21690d648acad08c427f81fc6d33241e03,b677f291bd6311850d8cb19c1c51cfff76b3a1e2deece82b67687ca72a30d9f8,REFERENCE_OR_CUSTOM_TABLE_NOT_MARKED_LENS_VERIFIED,542.0,240.0,240.0,True,Holmer_1992_Annular,120,None_MSE_Method_Assumed_Zenith,1.9600364812204625,0.001446,86.81701351463394,0.0,0.0,86.81701351463394,0.0,0.0,DeepLabV3+_Xception65_ADE20K,C:\Users\pandya\OneDrive - UCL\Field experiment raw data\Complete Participantwise data\Final Data\ucm\P9\WalkG\ucm\CamUp\cam_20250806_113338.jpg,C:\Users\pandya\Documents\Github\docker\Paper3_Analysis\output\SVF Output\P9\WalkG\CamUp_SVF\cam_20250806_113338_svf.jpg,True,50.81442586,4.3758583,,,,,,,,,,,,,,,
P9,WalkG,cam_20250806_113339.jpg,2025-08-06 11:33:39,CamUp,neginja_MSE_SkyViewFactor_reference_table,"24,25,25,26,26,27,27,29,29,32,32,36,36,40,41,43,44",9d4c5f0c12889fb034103b01efa54b21690d648acad08c427f81fc6d33241e03,b677f291bd6311850d8cb19c1c51cfff76b3a1e2deece82b67687ca72a30d9f8,REFERENCE_OR_CUSTOM_TABLE_NOT_MARKED_LENS_VERIFIED,542.0,240.0,240.0,True,Holmer_1992_Annular,120,None_MSE_Method_Assumed_Zenith,3.660282453085703,0.005954,86.63681839537904,0.0,0.0,86.63681839537904,0.0,0.0,DeepLabV3+_Xception65_ADE20K,C:\Users\pandya\OneDrive - UCL\Field experiment raw data\Complete Participantwise data\Final Data\ucm\P9\WalkG\ucm\CamUp\cam_20250806_113339.jpg,C:\Users\pandya\Documents\Github\docker\Paper3_Analysis\output\SVF Output\P9\WalkG\CamUp_SVF\cam_20250806_113339_svf.jpg,True,50.814468,4.375994,,,,,,,,,,,,,,,
P9,WalkG,cam_20250806_113340.jpg,2025-08-06 11:33:40,CamUp,neginja_MSE_SkyViewFactor_reference_table,"24,25,25,26,26,27,27,29,29,32,32,36,36,40,41,43,44",9d4c5f0c12889fb034103b01efa54b21690d648acad08c427f81fc6d33241e03,b677f291bd6311850d8cb19c1c51cfff76b3a1e2deece82b67687ca72a30d9f8,REFERENCE_OR_CUSTOM_TABLE_NOT_MARKED_LENS_VERIFIED,542.0,240.0,240.0,True,Holmer_1992_Annular,120,None_MSE_Method_Assumed_Zenith,3.029046789928972,0.002785,91.82654837907305,0.0,0.0,91.82654837907305,0.0,0.0,DeepLabV3+_Xception65_ADE20K,C:\Users\pandya\OneDrive - UCL\Field experiment raw data\Complete Participantwise data\Final Data\ucm\P9\WalkG\ucm\CamUp\cam_20250806_113340.jpg,C:\Users\pandya\Documents\Github\docker\Paper3_Analysis\output\SVF Output\P9\WalkG\CamUp_SVF\cam_20250806_113340_svf.jpg,True,50.814468,4.375981,,,,,,,,,,,,,,,
P9,WalkG,cam_20250806_113341.jpg,2025-08-06 11:33:41,CamUp,neginja_MSE_SkyViewFactor_reference_table,"24,25,25,26,26,27,27,29,29,32,32,36,36,40,41,43,44",9d4c5f0c12889fb034103b01efa54b21690d648acad08c427f81fc6d33241e03,b677f291bd6311850d8cb19c1c51cfff76b3a1e2deece82b67687ca72a30d9f8,REFERENCE_OR_CUSTOM_TABLE_NOT_MARKED_LENS_VERIFIED,542.0,240.0,240.0,True,Holmer_1992_Annular,120,None_MSE_Method_Assumed_Zenith,3.644805571677307,0.00664,91.36003095376282,0.0,0.0,91.36003095376282,0.0,0.0685404748086117,DeepLabV3+_Xception65_ADE20K,C:\Users\pandya\OneDrive - UCL\Field experiment raw data\Complete Participantwise data\Final Data\ucm\P9\WalkG\ucm\CamUp\cam_20250806_113341.jpg,C:\Users\pandya\Documents\Github\docker\Paper3_Analysis\output\SVF Output\P9\WalkG\CamUp_SVF\cam_20250806_113341_svf.jpg,True,50.81437063,4.37582263,,,,,,,,,,,,,,,
P9,WalkG,cam_20250806_113342.jpg,2025-08-06 11:33:42,CamUp,neginja_MSE_SkyViewFactor_reference_table,"24,25,25,26,26,27,27,29,29,32,32,36,36,40,41,43,44",9d4c5f0c12889fb034103b01efa54b21690d648acad08c427f81fc6d33241e03,b677f291bd6311850d8cb19c1c51cfff76b3a1e2deece82b67687ca72a30d9f8,REFERENCE_OR_CUSTOM_TABLE_NOT_MARKED_LENS_VERIFIED,542.0,240.0,240.0,True,Holmer_1992_Annular,120,None_MSE_Method_Assumed_Zenith,8.799712572202417,0.043787,88.30168863831081,0.0,0.0,88.30168863831081,0.0,0.0,DeepLabV3+_Xception65_ADE20K,C:\Users\pandya\OneDrive - UCL\Field experiment raw data\Complete Participantwise data\Final Data\ucm\P9\WalkG\ucm\CamUp\cam_20250806_113342.jpg,C:\Users\pandya\Documents\Github\docker\Paper3_Analysis\output\SVF Output\P9\WalkG\CamUp_SVF\cam_20250806_113342_svf.jpg,True,50.814444,4.375952,,,,,,,,,,,,,,,
P9,WalkG,cam_20250806_113343.jpg,2025-08-06 11:33:43,CamUp,neginja_MSE_SkyViewFactor_reference_table,"24,25,25,26,26,27,27,29,29,32,32,36,36,40,41,43,44",9d4c5f0c12889fb034103b01efa54b21690d648acad08c427f81fc6d33241e03,b677f291bd6311850d8cb19c1c51cfff76b3a1e2deece82b67687ca72a30d9f8,REFERENCE_OR_CUSTOM_TABLE_NOT_MARKED_LENS_VERIFIED,542.0,240.0,240.0,True,Holmer_1992_Annular,120,None_MSE_Method_Assumed_Zenith,4.246192963546417,0.006925,85.42630517093663,0.0,0.0,85.42630517093663,0.0,0.0,DeepLabV3+_Xception65_ADE20K,C:\Users\pandya\OneDrive - UCL\Field experiment raw data\Complete Participantwise data\Final Data\ucm\P9\WalkG\ucm\CamUp\cam_20250806_113343.jpg,C:\Users\pandya\Documents\Github\docker\Paper3_Analysis\output\SVF Output\P9\WalkG\CamUp_SVF\cam_20250806_113343_svf.jpg,True,50.814436,4.375936,,,,,,,,,,,,,,,
P9,WalkG,cam_20250806_113344.jpg,2025-08-06 11:33:44,CamUp,neginja_MSE_SkyViewFactor_reference_table,"24,25,25,26,26,27,27,29,29,32,32,36,36,40,41,43,44",9d4c5f0c12889fb034103b01efa54b21690d648acad08c427f81fc6d33241e03,b677f291bd6311850d8cb19c1c51cfff76b3a1e2deece82b67687ca72a30d9f8,REFERENCE_OR_CUSTOM_TABLE_NOT_MARKED_LENS_VERIFIED,542.0,240.0,240.0,True,Holmer_1992_Annular,120,None_MSE_Method_Assumed_Zenith,5.368819611419728,0.015219,83.51380482547053,0.0,0.0,83.51380482547053,0.0,0.0,DeepLabV3+_Xception65_ADE20K,C:\Users\pandya\OneDrive - UCL\Field experiment raw data\Complete Participantwise data\Final Data\ucm\P9\WalkG\ucm\CamUp\cam_20250806_113344.jpg,C:\Users\pandya\Documents\Github\docker\Paper3_Analysis\output\SVF Output\P9\WalkG\CamUp_SVF\cam_20250806_113344_svf.jpg,True,50.8143331,4.37575367,,,,,,,,,,,,,,,
P9,WalkG,cam_20250806_113345.jpg,2025-08-06 11:33:45,CamUp,neginja_MSE_SkyViewFactor_reference_table,"24,25,25,26,26,27,27,29,29,32,32,36,36,40,41,43,44",9d4c5f0c12889fb034103b01efa54b21690d648acad08c427f81fc6d33241e03,b677f291bd6311850d8cb19c1c51cfff76b3a1e2deece82b67687ca72a30d9f8,REFERENCE_OR_CUSTOM_TABLE_NOT_MARKED_LENS_VERIFIED,542.0,240.0,240.0,True,Holmer_1992_Annular,120,None_MSE_Method_Assumed_Zenith,12.002874277975843,0.063393,82.86156482325954,0.0,0.0,82.86156482325954,0.0,0.0,DeepLabV3+_Xception65_ADE20K,C:\Users\pandya\OneDrive - UCL\Field experiment raw data\Complete Participantwise data\Final Data\ucm\P9\WalkG\ucm\CamUp\cam_20250806_113345.jpg,C:\Users\pandya\Documents\Github\docker\Paper3_Analysis\output\SVF Output\P9\WalkG\CamUp_SVF\cam_20250806_113345_svf.jpg,True,50.8143331,4.37575367,,,,,,,,,,,,,,,
P9,WalkG,cam_20250806_113346.jpg,2025-08-06 11:33:46,CamUp,neginja_MSE_SkyViewFactor_reference_table,"24,25,25,26,26,27,27,29,29,32,32,36,36,40,41,43,44",9d4c5f0c12889fb034103b01efa54b21690d648acad08c427f81fc6d33241e03,b677f291bd6311850d8cb19c1c51cfff76b3a1e2deece82b67687ca72a30d9f8,REFERENCE_OR_CUSTOM_TABLE_NOT_MARKED_LENS_VERIFIED,542.0,240.0,240.0,True,Holmer_1992_Annular,120,None_MSE_Method_Assumed_Zenith,6.945803277782384,0.031621,88.67921399552276,0.0,0.0,88.67921399552276,0.0,0.0,DeepLabV3+_Xception65_ADE20K,C:\Users\pandya\OneDrive - UCL\Field experiment raw data\Complete Participantwise data\Final Data\ucm\P9\WalkG\ucm\CamUp\cam_20250806_113346.jpg,C:\Users\pandya\Documents\Github\docker\Paper3_Analysis\output\SVF Output\P9\WalkG\CamUp_SVF\cam_20250806_113346_svf.jpg,True,50.814412,4.375906,,,,,,,,,,,,,,,
P9,WalkG,cam_20250806_113347.jpg,2025-08-06 11:33:47,CamUp,neginja_MSE_SkyViewFactor_reference_table,"24,25,25,26,26,27,27,29,29,32,32,36,36,40,41,43,44",9d4c5f0c12889fb034103b01efa54b21690d648acad08c427f81fc6d33241e03,b677f291bd6311850d8cb19c1c51cfff76b3a1e2deece82b67687ca72a30d9f8,REFERENCE_OR_CUSTOM_TABLE_NOT_MARKED_LENS_VERIFIED,542.0,240.0,240.0,True,Holmer_1992_Annular,120,None_MSE_Method_Assumed_Zenith,8.093856230826631,0.028545,87.49302158472211,0.0,0.0,87.49302158472211,0.0,0.0,DeepLabV3+_Xception65_ADE20K,C:\Users\pandya\OneDrive - UCL\Field experiment raw data\Complete Participantwise data\Final Data\ucm\P9\WalkG\ucm\CamUp\cam_20250806_113347.jpg,C:\Users\pandya\Documents\Github\docker\Paper3_Analysis\output\SVF Output\P9\WalkG\CamUp_SVF\cam_20250806_113347_svf.jpg,True,50.814404,4.37588,,,,,,,,,,,,,,,
P9,WalkG,cam_20250806_113348.jpg,2025-08-06 11:33:48,CamUp,neginja_MSE_SkyViewFactor_reference_table,"24,25,25,26,26,27,27,29,29,32,32,36,36,40,41,43,44",9d4c5f0c12889fb034103b01efa54b21690d648acad08c427f81fc6d33241e03,b677f291bd6311850d8cb19c1c51cfff76b3a1e2deece82b67687ca72a30d9f8,REFERENCE_OR_CUSTOM_TABLE_NOT_MARKED_LENS_VERIFIED,542.0,240.0,240.0,True,Holmer_1992_Annular,120,None_MSE_Method_Assumed_Zenith,10.162783627670454,0.035317,82.2806290246801,0.0,0.0,82.2806290246801,0.0,0.0,DeepLabV3+_Xception65_ADE20K,C:\Users\pandya\OneDrive - UCL\Field experiment raw data\Complete Participantwise data\Final Data\ucm\P9\WalkG\ucm\CamUp\cam_20250806_113348.jpg,C:\Users\pandya\Documents\Github\docker\Paper3_Analysis\output\SVF Output\P9\WalkG\CamUp_SVF\cam_20250806_113348_svf.jpg,True,50.814388,4.375851,,,,,,,,,,,,,,,
P9,WalkG,cam_20250806_113349.jpg,2025-08-06 11:33:49,CamUp,neginja_MSE_SkyViewFactor_reference_table,"24,25,25,26,26,27,27,29,29,32,32,36,36,40,41,43,44",9d4c5f0c12889fb034103b01efa54b21690d648acad08c427f81fc6d33241e03,b677f291bd6311850d8cb19c1c51cfff76b3a1e2deece82b67687ca72a30d9f8,REFERENCE_OR_CUSTOM_TABLE_NOT_MARKED_LENS_VERIFIED,542.0,240.0,240.0,True,Holmer_1992_Annular,120,None_MSE_Method_Assumed_Zenith,5.249979272033828,0.010725,83.83439736893015,0.0,0.0,83.83439736893015,0.0,1.154685902219274,DeepLabV3+_Xception65_ADE20K,C:\Users\pandya\OneDrive - UCL\Field experiment raw data\Complete Participantwise data\Final Data\ucm\P9\WalkG\ucm\CamUp\cam_20250806_113349.jpg,C:\Users\pandya\Documents\Github\docker\Paper3_Analysis\output\SVF Output\P9\WalkG\CamUp_SVF\cam_20250806_113349_svf.jpg,True,50.8143405,4.37571739,,,,,,,,,,,,,,,
P9,WalkG,cam_20250806_113350.jpg,2025-08-06 11:33:50,CamUp,neginja_MSE_SkyViewFactor_reference_table,"24,25,25,26,26,27,27,29,29,32,32,36,36,40,41,43,44",9d4c5f0c12889fb034103b01efa54b21690d648acad08c427f81fc6d33241e03,b677f291bd6311850d8cb19c1c51cfff76b3a1e2deece82b67687ca72a30d9f8,REFERENCE_OR_CUSTOM_TABLE_NOT_MARKED_LENS_VERIFIED,542.0,240.0,240.0,True,Holmer_1992_Annular,120,None_MSE_Method_Assumed_Zenith,6.269242461929636,0.013715,77.75198297543045,0.0,0.0,77.75198297543045,0.0,1.800845701019816,DeepLabV3+_Xception65_ADE20K,C:\Users\pandya\OneDrive - UCL\Field experiment raw data\Complete Participantwise data\Final Data\ucm\P9\WalkG\ucm\CamUp\cam_20250806_113350.jpg,C:\Users\pandya\Documents\Github\docker\Paper3_Analysis\output\SVF Output\P9\WalkG\CamUp_SVF\cam_20250806_113350_svf.jpg,True,50.81433815,4.37569197,,,,,,,,,,,,,,,
P9,WalkG,cam_20250806_113351.jpg,2025-08-06 11:33:51,CamUp,neginja_MSE_SkyViewFactor_reference_table,"24,25,25,26,26,27,27,29,29,32,32,36,36,40,41,43,44",9d4c5f0c12889fb034103b01efa54b21690d648acad08c427f81fc6d33241e03,b677f291bd6311850d8cb19c1c51cfff76b3a1e2deece82b67687ca72a30d9f8,REFERENCE_OR_CUSTOM_TABLE_NOT_MARKED_LENS_VERIFIED,542.0,240.0,240.0,True,Holmer_1992_Annular,120,None_MSE_Method_Assumed_Zenith,9.871486609733852,0.025543,83.06442251886244,0.0,0.0,83.06442251886244,0.0,0.4499350523726612,DeepLabV3+_Xception65_ADE20K,C:\Users\pandya\OneDrive - UCL\Field experiment raw data\Complete Participantwise data\Final Data\ucm\P9\WalkG\ucm\CamUp\cam_20250806_113351.jpg,C:\Users\pandya\Documents\Github\docker\Paper3_Analysis\output\SVF Output\P9\WalkG\CamUp_SVF\cam_20250806_113351_svf.jpg,True,50.81433815,4.37569197,,,,,,,,,,,,,,,
P9,WalkG,cam_20250806_113352.jpg,2025-08-06 11:33:52,CamUp,neginja_MSE_SkyViewFactor_reference_table,"24,25,25,26,26,27,27,29,29,32,32,36,36,40,41,43,44",9d4c5f0c12889fb034103b01efa54b21690d648acad08c427f81fc6d33241e03,b677f291bd6311850d8cb19c1c51cfff76b3a1e2deece82b67687ca72a30d9f8,REFERENCE_OR_CUSTOM_TABLE_NOT_MARKED_LENS_VERIFIED,542.0,240.0,240.0,True,Holmer_1992_Annular,120,None_MSE_Method_Assumed_Zenith,5.722576900754498,0.012499,80.83464610452423,0.0,0.0,80.83464610452423,0.0,1.6952712599839703,DeepLabV3+_Xception65_ADE20K,C:\Users\pandya\OneDrive - UCL\Field experiment raw data\Complete Participantwise data\Final Data\ucm\P9\WalkG\ucm\CamUp\cam_20250806_113352.jpg,C:\Users\pandya\Documents\Github\docker\Paper3_Analysis\output\SVF Output\P9\WalkG\CamUp_SVF\cam_20250806_113352_svf.jpg,True,50.81431884,4.37567304,,,,,,,,,,,,,,,
P9,WalkG,cam_20250806_113353.jpg,2025-08-06 11:33:53,CamUp,neginja_MSE_SkyViewFactor_reference_table,"24,25,25,26,26,27,27,29,29,32,32,36,36,40,41,43,44",9d4c5f0c12889fb034103b01efa54b21690d648acad08c427f81fc6d33241e03,b677f291bd6311850d8cb19c1c51cfff76b3a1e2deece82b67687ca72a30d9f8,REFERENCE_OR_CUSTOM_TABLE_NOT_MARKED_LENS_VERIFIED,542.0,240.0,240.0,True,Holmer_1992_Annular,120,None_MSE_Method_Assumed_Zenith,10.696183290495537,0.02703,80.28963878064285,0.0,0.0,80.28963878064285,0.0,0.0812536273940801,DeepLabV3+_Xception65_ADE20K,C:\Users\pandya\OneDrive - UCL\Field experiment raw data\Complete Participantwise data\Final Data\ucm\P9\WalkG\ucm\CamUp\cam_20250806_113353.jpg,C:\Users\pandya\Documents\Github\docker\Paper3_Analysis\output\SVF Output\P9\WalkG\CamUp_SVF\cam_20250806_113353_svf.jpg,True,50.81429069,4.37562268,,,,,,,,,,,,,,,
P9,WalkG,cam_20250806_113354.jpg,2025-08-06 11:33:54,CamUp,neginja_MSE_SkyViewFactor_reference_table,"24,25,25,26,26,27,27,29,29,32,32,36,36,40,41,43,44",9d4c5f0c12889fb034103b01efa54b21690d648acad08c427f81fc6d33241e03,b677f291bd6311850d8cb19c1c51cfff76b3a1e2deece82b67687ca72a30d9f8,REFERENCE_OR_CUSTOM_TABLE_NOT_MARKED_LENS_VERIFIED,542.0,240.0,240.0,True,Holmer_1992_Annular,120,None_MSE_Method_Assumed_Zenith,13.993311776248516,0.04893,68.81021474172954,0.0,0.0,68.81021474172954,0.0,0.1901445430174391,DeepLabV3+_Xception65_ADE20K,C:\Users\pandya\OneDrive - UCL\Field experiment raw data\Complete Participantwise data\Final Data\ucm\P9\WalkG\ucm\CamUp\cam_20250806_113354.jpg,C:\Users\pandya\Documents\Github\docker\Paper3_Analysis\output\SVF Output\P9\WalkG\CamUp_SVF\cam_20250806_113354_svf.jpg,True,50.8142733,4.37561338,,,,,,,,,,,,,,,
P9,WalkG,cam_20250806_113355.jpg,2025-08-06 11:33:55,CamUp,neginja_MSE_SkyViewFactor_reference_table,"24,25,25,26,26,27,27,29,29,32,32,36,36,40,41,43,44",9d4c5f0c12889fb034103b01efa54b21690d648acad08c427f81fc6d33241e03,b677f291bd6311850d8cb19c1c51cfff76b3a1e2deece82b67687ca72a30d9f8,REFERENCE_OR_CUSTOM_TABLE_NOT_MARKED_LENS_VERIFIED,542.0,240.0,240.0,True,Holmer_1992_Annular,120,None_MSE_Method_Assumed_Zenith,7.764419755133627,0.018776,73.59809855456983,0.3482298316889147,0.0,73.94632838625874,0.0,3.747063538125639,DeepLabV3+_Xception65_ADE20K,C:\Users\pandya\OneDrive - UCL\Field experiment raw data\Complete Participantwise data\Final Data\ucm\P9\WalkG\ucm\CamUp\cam_20250806_113355.jpg,C:\Users\pandya\Documents\Github\docker\Paper3_Analysis\output\SVF Output\P9\WalkG\CamUp_SVF\cam_20250806_113355_svf.jpg,True,50.814364,4.375782,,,,,,,,,,,,,,,
P9,WalkG,cam_20250806_113356.jpg,2025-08-06 11:33:56,CamUp,neginja_MSE_SkyViewFactor_reference_table,"24,25,25,26,26,27,27,29,29,32,32,36,36,40,41,43,44",9d4c5f0c12889fb034103b01efa54b21690d648acad08c427f81fc6d33241e03,b677f291bd6311850d8cb19c1c51cfff76b3a1e2deece82b67687ca72a30d9f8,REFERENCE_OR_CUSTOM_TABLE_NOT_MARKED_LENS_VERIFIED,542.0,240.0,240.0,True,Holmer_1992_Annular,120,None_MSE_Method_Assumed_Zenith,9.54205013404085,0.029003,75.65154907000526,0.224414780421745,0.0,75.875963850427,0.0,0.2691871873531769,DeepLabV3+_Xception65_ADE20K,C:\Users\pandya\OneDrive - UCL\Field experiment raw data\Complete Participantwise data\Final Data\ucm\P9\WalkG\ucm\CamUp\cam_20250806_113356.jpg,C:\Users\pandya\Documents\Github\docker\Paper3_Analysis\output\SVF Output\P9\WalkG\CamUp_SVF\cam_20250806_113356_svf.jpg,True,50.814348,4.37575,,,,,,,,,,,,,,,
P9,WalkG,cam_20250806_113357.jpg,2025-08-06 11:33:57,CamUp,neginja_MSE_SkyViewFactor_reference_table,"24,25,25,26,26,27,27,29,29,32,32,36,36,40,41,43,44",9d4c5f0c12889fb034103b01efa54b21690d648acad08c427f81fc6d33241e03,b677f291bd6311850d8cb19c1c51cfff76b3a1e2deece82b67687ca72a30d9f8,REFERENCE_OR_CUSTOM_TABLE_NOT_MARKED_LENS_VERIFIED,542.0,240.0,240.0,True,Holmer_1992_Annular,120,None_MSE_Method_Assumed_Zenith,8.393444435232016,0.018704,69.19216206505817,0.0431141696376751,0.0,69.23527623469585,0.0,0.3487825774535003,DeepLabV3+_Xception65_ADE20K,C:\Users\pandya\OneDrive - UCL\Field experiment raw data\Complete Participantwise data\Final Data\ucm\P9\WalkG\ucm\CamUp\cam_20250806_113357.jpg,C:\Users\pandya\Documents\Github\docker\Paper3_Analysis\output\SVF Output\P9\WalkG\CamUp_SVF\cam_20250806_113357_svf.jpg,True,50.81434,4.375714,,,,,,,,,,,,,,,
P9,WalkG,cam_20250806_113358.jpg,2025-08-06 11:33:58,CamUp,neginja_MSE_SkyViewFactor_reference_table,"24,25,25,26,26,27,27,29,29,32,32,36,36,40,41,43,44",9d4c5f0c12889fb034103b01efa54b21690d648acad08c427f81fc6d33241e03,b677f291bd6311850d8cb19c1c51cfff76b3a1e2deece82b67687ca72a30d9f8,REFERENCE_OR_CUSTOM_TABLE_NOT_MARKED_LENS_VERIFIED,542.0,240.0,240.0,True,Holmer_1992_Annular,120,None_MSE_Method_Assumed_Zenith,7.467042533786585,0.015841,80.35596827239311,0.0011054915291711,0.0,80.35707376392229,0.0,1.89039051488268,DeepLabV3+_Xception65_ADE20K,C:\Users\pandya\OneDrive - UCL\Field experiment raw data\Complete Participantwise data\Final Data\ucm\P9\WalkG\ucm\CamUp\cam_20250806_113358.jpg,C:\Users\pandya\Documents\Github\docker\Paper3_Analysis\output\SVF Output\P9\WalkG\CamUp_SVF\cam_20250806_113358_svf.jpg,True,50.81434,4.375714,,,,,,,,,,,,,,,
P9,WalkG,cam_20250806_113359.jpg,2025-08-06 11:33:59,CamUp,neginja_MSE_SkyViewFactor_reference_table,"24,25,25,26,26,27,27,29,29,32,32,36,36,40,41,43,44",9d4c5f0c12889fb034103b01efa54b21690d648acad08c427f81fc6d33241e03,b677f291bd6311850d8cb19c1c51cfff76b3a1e2deece82b67687ca72a30d9f8,REFERENCE_OR_CUSTOM_TABLE_NOT_MARKED_LENS_VERIFIED,542.0,240.0,240.0,True,Holmer_1992_Annular,120,None_MSE_Method_Assumed_Zenith,12.723102009230857,0.036682,80.81861647735124,0.0,0.0,80.81861647735124,0.0,0.0,DeepLabV3+_Xception65_ADE20K,C:\Users\pandya\OneDrive - UCL\Field experiment raw data\Complete Participantwise data\Final Data\ucm\P9\WalkG\ucm\CamUp\cam_20250806_113359.jpg,C:\Users\pandya\Documents\Github\docker\Paper3_Analysis\output\SVF Output\P9\WalkG\CamUp_SVF\cam_20250806_113359_svf.jpg,True,50.81428862,4.37551509,,,,,,,,,,,,,,,
P9,WalkG,cam_20250806_113400.jpg,2025-08-06 11:34:00,CamUp,neginja_MSE_SkyViewFactor_reference_table,"24,25,25,26,26,27,27,29,29,32,32,36,36,40,41,43,44",9d4c5f0c12889fb034103b01efa54b21690d648acad08c427f81fc6d33241e03,b677f291bd6311850d8cb19c1c51cfff76b3a1e2deece82b67687ca72a30d9f8,REFERENCE_OR_CUSTOM_TABLE_NOT_MARKED_LENS_VERIFIED,542.0,240.0,240.0,True,Holmer_1992_Annular,120,None_MSE_Method_Assumed_Zenith,8.098830942707902,0.018067,88.84780145372136,0.0,0.0,88.84780145372136,0.0,0.0,DeepLabV3+_Xception65_ADE20K,C:\Users\pandya\OneDrive - UCL\Field experiment raw data\Complete Participantwise data\Final Data\ucm\P9\WalkG\ucm\CamUp\cam_20250806_113400.jpg,C:\Users\pandya\Documents\Github\docker\Paper3_Analysis\output\SVF Output\P9\WalkG\CamUp_SVF\cam_20250806_113400_svf.jpg,True,50.81428862,4.37551509,,,,,,,,,,,,,,,
P9,WalkG,cam_20250806_113401.jpg,2025-08-06 11:34:01,CamUp,neginja_MSE_SkyViewFactor_reference_table,"24,25,25,26,26,27,27,29,29,32,32,36,36,40,41,43,44",9d4c5f0c12889fb034103b01efa54b21690d648acad08c427f81fc6d33241e03,b677f291bd6311850d8cb19c1c51cfff76b3a1e2deece82b67687ca72a30d9f8,REFERENCE_OR_CUSTOM_TABLE_NOT_MARKED_LENS_VERIFIED,542.0,240.0,240.0,True,Holmer_1992_Annular,120,None_MSE_Method_Assumed_Zenith,6.848520023215323,0.020614,81.89370698947019,0.0,0.0,81.89370698947019,0.0,0.0,DeepLabV3+_Xception65_ADE20K,C:\Users\pandya\OneDrive - UCL\Field experiment raw data\Complete Participantwise data\Final Data\ucm\P9\WalkG\ucm\CamUp\cam_20250806_113401.jpg,C:\Users\pandya\Documents\Github\docker\Paper3_Analysis\output\SVF Output\P9\WalkG\CamUp_SVF\cam_20250806_113401_svf.jpg,True,50.8142276,4.37550067,,,,,,,,,,,,,,,
P9,WalkG,cam_20250806_113402.jpg,2025-08-06 11:34:02,CamUp,neginja_MSE_SkyViewFactor_reference_table,"24,25,25,26,26,27,27,29,29,32,32,36,36,40,41,43,44",9d4c5f0c12889fb034103b01efa54b21690d648acad08c427f81fc6d33241e03,b677f291bd6311850d8cb19c1c51cfff76b3a1e2deece82b67687ca72a30d9f8,REFERENCE_OR_CUSTOM_TABLE_NOT_MARKED_LENS_VERIFIED,542.0,240.0,240.0,True,Holmer_1992_Annular,120,None_MSE_Method_Assumed_Zenith,7.257551889008651,0.01889,91.01345935936766,0.0359284746980626,0.0,91.04938783406573,0.0,0.0005527457645855,DeepLabV3+_Xception65_ADE20K,C:\Users\pandya\OneDrive - UCL\Field experiment raw data\Complete Participantwise data\Final Data\ucm\P9\WalkG\ucm\CamUp\cam_20250806_113402.jpg,C:\Users\pandya\Documents\Github\docker\Paper3_Analysis\output\SVF Output\P9\WalkG\CamUp_SVF\cam_20250806_113402_svf.jpg,True,50.8142377,4.37545938,,,,,,,,,,,,,,,
P9,WalkG,cam_20250806_113403.jpg,2025-08-06 11:34:03,CamUp,neginja_MSE_SkyViewFactor_reference_table,"24,25,25,26,26,27,27,29,29,32,32,36,36,40,41,43,44",9d4c5f0c12889fb034103b01efa54b21690d648acad08c427f81fc6d33241e03,b677f291bd6311850d8cb19c1c51cfff76b3a1e2deece82b67687ca72a30d9f8,REFERENCE_OR_CUSTOM_TABLE_NOT_MARKED_LENS_VERIFIED,542.0,240.0,240.0,True,Holmer_1992_Annular,120,None_MSE_Method_Assumed_Zenith,13.948539369317084,0.058064,68.43379487604676,0.0,0.0,68.43379487604676,0.0,0.0071856949396125,DeepLabV3+_Xception65_ADE20K,C:\Users\pandya\OneDrive - UCL\Field experiment raw data\Complete Participantwise data\Final Data\ucm\P9\WalkG\ucm\CamUp\cam_20250806_113403.jpg,C:\Users\pandya\Documents\Github\docker\Paper3_Analysis\output\SVF Output\P9\WalkG\CamUp_SVF\cam_20250806_113403_svf.jpg,True,50.8142377,4.37545938,,,,,,,,,,,,,,,
P9,WalkG,cam_20250806_113404.jpg,2025-08-06 11:34:04,CamUp,neginja_MSE_SkyViewFactor_reference_table,"24,25,25,26,26,27,27,29,29,32,32,36,36,40,41,43,44",9d4c5f0c12889fb034103b01efa54b21690d648acad08c427f81fc6d33241e03,b677f291bd6311850d8cb19c1c51cfff76b3a1e2deece82b67687ca72a30d9f8,REFERENCE_OR_CUSTOM_TABLE_NOT_MARKED_LENS_VERIFIED,542.0,240.0,240.0,True,Holmer_1992_Annular,120,None_MSE_Method_Assumed_Zenith,11.30088715695216,0.036519,77.55520548323798,0.4830997982477959,0.0005527457645855,78.03885802725036,0.0,0.150899593731863,DeepLabV3+_Xception65_ADE20K,C:\Users\pandya\OneDrive - UCL\Field experiment raw data\Complete Participantwise data\Final Data\ucm\P9\WalkG\ucm\CamUp\cam_20250806_113404.jpg,C:\Users\pandya\Documents\Github\docker\Paper3_Analysis\output\SVF Output\P9\WalkG\CamUp_SVF\cam_20250806_113404_svf.jpg,True,50.81425105,4.37544749,,,,,,,,,,,,,,,
P9,WalkG,cam_20250806_113405.jpg,2025-08-06 11:34:05,CamUp,neginja_MSE_SkyViewFactor_reference_table,"24,25,25,26,26,27,27,29,29,32,32,36,36,40,41,43,44",9d4c5f0c12889fb034103b01efa54b21690d648acad08c427f81fc6d33241e03,b677f291bd6311850d8cb19c1c51cfff76b3a1e2deece82b67687ca72a30d9f8,REFERENCE_OR_CUSTOM_TABLE_NOT_MARKED_LENS_VERIFIED,542.0,240.0,240.0,True,Holmer_1992_Annular,120,None_MSE_Method_Assumed_Zenith,7.685929856562473,0.026527,71.98960837962579,0.0,0.0,71.98960837962579,0.0,0.0442196611668463,DeepLabV3+_Xception65_ADE20K,C:\Users\pandya\OneDrive - UCL\Field experiment raw data\Complete Participantwise data\Final Data\ucm\P9\WalkG\ucm\CamUp\cam_20250806_113405.jpg,C:\Users\pandya\Documents\Github\docker\Paper3_Analysis\output\SVF Output\P9\WalkG\CamUp_SVF\cam_20250806_113405_svf.jpg,True,50.81425481,4.37542827,,,,,,,,,,,,,,,
P9,WalkG,cam_20250806_113406.jpg,2025-08-06 11:34:06,CamUp,neginja_MSE_SkyViewFactor_reference_table,"24,25,25,26,26,27,27,29,29,32,32,36,36,40,41,43,44",9d4c5f0c12889fb034103b01efa54b21690d648acad08c427f81fc6d33241e03,b677f291bd6311850d8cb19c1c51cfff76b3a1e2deece82b67687ca72a30d9f8,REFERENCE_OR_CUSTOM_TABLE_NOT_MARKED_LENS_VERIFIED,542.0,240.0,240.0,True,Holmer_1992_Annular,120,None_MSE_Method_Assumed_Zenith,8.024210264488849,0.03746,87.91200287427797,0.0116076610562971,0.1586380344360611,88.08224856977034,0.0,0.2669762042948346,DeepLabV3+_Xception65_ADE20K,C:\Users\pandya\OneDrive - UCL\Field experiment raw data\Complete Participantwise data\Final Data\ucm\P9\WalkG\ucm\CamUp\cam_20250806_113406.jpg,C:\Users\pandya\Documents\Github\docker\Paper3_Analysis\output\SVF Output\P9\WalkG\CamUp_SVF\cam_20250806_113406_svf.jpg,True,50.81428,4.375528,,,,,,,,,,,,,,,
P9,WalkG,cam_20250806_113407.jpg,2025-08-06 11:34:07,CamUp,neginja_MSE_SkyViewFactor_reference_table,"24,25,25,26,26,27,27,29,29,32,32,36,36,40,41,43,44",9d4c5f0c12889fb034103b01efa54b21690d648acad08c427f81fc6d33241e03,b677f291bd6311850d8cb19c1c51cfff76b3a1e2deece82b67687ca72a30d9f8,REFERENCE_OR_CUSTOM_TABLE_NOT_MARKED_LENS_VERIFIED,542.0,240.0,240.0,True,Holmer_1992_Annular,120,None_MSE_Method_Assumed_Zenith,8.937346267584225,0.045248,90.3413205096316,0.0,0.0,90.3413205096316,0.0,0.119393085150485,DeepLabV3+_Xception65_ADE20K,C:\Users\pandya\OneDrive - UCL\Field experiment raw data\Complete Participantwise data\Final Data\ucm\P9\WalkG\ucm\CamUp\cam_20250806_113407.jpg,C:\Users\pandya\Documents\Github\docker\Paper3_Analysis\output\SVF Output\P9\WalkG\CamUp_SVF\cam_20250806_113407_svf.jpg,True,50.81428,4.375528,,,,,,,,,,,,,,,
P9,WalkG,cam_20250806_113408.jpg,2025-08-06 11:34:08,CamUp,neginja_MSE_SkyViewFactor_reference_table,"24,25,25,26,26,27,27,29,29,32,32,36,36,40,41,43,44",9d4c5f0c12889fb034103b01efa54b21690d648acad08c427f81fc6d33241e03,b677f291bd6311850d8cb19c1c51cfff76b3a1e2deece82b67687ca72a30d9f8,REFERENCE_OR_CUSTOM_TABLE_NOT_MARKED_LENS_VERIFIED,542.0,240.0,240.0,True,Holmer_1992_Annular,120,None_MSE_Method_Assumed_Zenith,13.744576182185003,0.07633,86.21009866511898,0.0,0.0,86.21009866511898,0.0,0.0375867119918193,DeepLabV3+_Xception65_ADE20K,C:\Users\pandya\OneDrive - UCL\Field experiment raw data\Complete Participantwise data\Final Data\ucm\P9\WalkG\ucm\CamUp\cam_20250806_113408.jpg,C:\Users\pandya\Documents\Github\docker\Paper3_Analysis\output\SVF Output\P9\WalkG\CamUp_SVF\cam_20250806_113408_svf.jpg,True,50.81421644,4.37532153,,,,,,,,,,,,,,,
P9,WalkG,cam_20250806_113409.jpg,2025-08-06 11:34:09,CamUp,neginja_MSE_SkyViewFactor_reference_table,"24,25,25,26,26,27,27,29,29,32,32,36,36,40,41,43,44",9d4c5f0c12889fb034103b01efa54b21690d648acad08c427f81fc6d33241e03,b677f291bd6311850d8cb19c1c51cfff76b3a1e2deece82b67687ca72a30d9f8,REFERENCE_OR_CUSTOM_TABLE_NOT_MARKED_LENS_VERIFIED,542.0,240.0,240.0,True,Holmer_1992_Annular,120,None_MSE_Method_Assumed_Zenith,7.531161042478512,0.051146,86.12387032584363,0.0,0.0,86.12387032584363,0.0,1.339855733355443,DeepLabV3+_Xception65_ADE20K,C:\Users\pandya\OneDrive - UCL\Field experiment raw data\Complete Participantwise data\Final Data\ucm\P9\WalkG\ucm\CamUp\cam_20250806_113409.jpg,C:\Users\pandya\Documents\Github\docker\Paper3_Analysis\output\SVF Output\P9\WalkG\CamUp_SVF\cam_20250806_113409_svf.jpg,True,50.81421644,4.37532153,,,,,,,,,,,,,,,
P9,WalkG,cam_20250806_113410.jpg,2025-08-06 11:34:10,CamUp,neginja_MSE_SkyViewFactor_reference_table,"24,25,25,26,26,27,27,29,29,32,32,36,36,40,41,43,44",9d4c5f0c12889fb034103b01efa54b21690d648acad08c427f81fc6d33241e03,b677f291bd6311850d8cb19c1c51cfff76b3a1e2deece82b67687ca72a30d9f8,REFERENCE_OR_CUSTOM_TABLE_NOT_MARKED_LENS_VERIFIED,542.0,240.0,240.0,True,Holmer_1992_Annular,120,None_MSE_Method_Assumed_Zenith,4.815521101069563,0.055479,93.08625597656358,0.0,0.0,93.08625597656358,0.0281900339938645,1.6366802089378991,DeepLabV3+_Xception65_ADE20K,C:\Users\pandya\OneDrive - UCL\Field experiment raw data\Complete Participantwise data\Final Data\ucm\P9\WalkG\ucm\CamUp\cam_20250806_113410.jpg,C:\Users\pandya\Documents\Github\docker\Paper3_Analysis\output\SVF Output\P9\WalkG\CamUp_SVF\cam_20250806_113410_svf.jpg,True,50.81422773,4.37527953,,,,,,,,,,,,,,,
P9,WalkG,cam_20250806_113411.jpg,2025-08-06 11:34:11,CamUp,neginja_MSE_SkyViewFactor_reference_table,"24,25,25,26,26,27,27,29,29,32,32,36,36,40,41,43,44",9d4c5f0c12889fb034103b01efa54b21690d648acad08c427f81fc6d33241e03,b677f291bd6311850d8cb19c1c51cfff76b3a1e2deece82b67687ca72a30d9f8,REFERENCE_OR_CUSTOM_TABLE_NOT_MARKED_LENS_VERIFIED,542.0,240.0,240.0,True,Holmer_1992_Annular,120,None_MSE_Method_Assumed_Zenith,7.884365586048697,0.072063,87.3283033468756,0.0,0.0,87.3283033468756,0.0,0.9645413592018351,DeepLabV3+_Xception65_ADE20K,C:\Users\pandya\OneDrive - UCL\Field experiment raw data\Complete Participantwise data\Final Data\ucm\P9\WalkG\ucm\CamUp\cam_20250806_113411.jpg,C:\Users\pandya\Documents\Github\docker\Paper3_Analysis\output\SVF Output\P9\WalkG\CamUp_SVF\cam_20250806_113411_svf.jpg,True,50.81422773,4.37527953,,,,,,,,,,,,,,,
P9,WalkG,cam_20250806_113412.jpg,2025-08-06 11:34:12,CamUp,neginja_MSE_SkyViewFactor_reference_table,"24,25,25,26,26,27,27,29,29,32,32,36,36,40,41,43,44",9d4c5f0c12889fb034103b01efa54b21690d648acad08c427f81fc6d33241e03,b677f291bd6311850d8cb19c1c51cfff76b3a1e2deece82b67687ca72a30d9f8,REFERENCE_OR_CUSTOM_TABLE_NOT_MARKED_LENS_VERIFIED,542.0,240.0,240.0,True,Holmer_1992_Annular,120,None_MSE_Method_Assumed_Zenith,13.5223723848216,0.109105,79.9651770168311,0.0,0.0,79.9651770168311,0.0,0.0646712544565127,DeepLabV3+_Xception65_ADE20K,C:\Users\pandya\OneDrive - UCL\Field experiment raw data\Complete Participantwise data\Final Data\ucm\P9\WalkG\ucm\CamUp\cam_20250806_113412.jpg,C:\Users\pandya\Documents\Github\docker\Paper3_Analysis\output\SVF Output\P9\WalkG\CamUp_SVF\cam_20250806_113412_svf.jpg,True,50.81423125,4.37524645,,,,,,,,,,,,,,,
P9,WalkG,cam_20250806_113413.jpg,2025-08-06 11:34:13,CamUp,neginja_MSE_SkyViewFactor_reference_table,"24,25,25,26,26,27,27,29,29,32,32,36,36,40,41,43,44",9d4c5f0c12889fb034103b01efa54b21690d648acad08c427f81fc6d33241e03,b677f291bd6311850d8cb19c1c51cfff76b3a1e2deece82b67687ca72a30d9f8,REFERENCE_OR_CUSTOM_TABLE_NOT_MARKED_LENS_VERIFIED,542.0,240.0,240.0,True,Holmer_1992_Annular,120,None_MSE_Method_Assumed_Zenith,12.575518890086505,0.108399,75.12809883094272,0.1249205427963408,0.0,75.25301937373906,0.0,0.0,DeepLabV3+_Xception65_ADE20K,C:\Users\pandya\OneDrive - UCL\Field experiment raw data\Complete Participantwise data\Final Data\ucm\P9\WalkG\ucm\CamUp\cam_20250806_113413.jpg,C:\Users\pandya\Documents\Github\docker\Paper3_Analysis\output\SVF Output\P9\WalkG\CamUp_SVF\cam_20250806_113413_svf.jpg,True,50.81422879,4.37522772,,,,,,,,,,,,,,,
P9,WalkG,cam_20250806_113414.jpg,2025-08-06 11:34:14,CamUp,neginja_MSE_SkyViewFactor_reference_table,"24,25,25,26,26,27,27,29,29,32,32,36,36,40,41,43,44",9d4c5f0c12889fb034103b01efa54b21690d648acad08c427f81fc6d33241e03,b677f291bd6311850d8cb19c1c51cfff76b3a1e2deece82b67687ca72a30d9f8,REFERENCE_OR_CUSTOM_TABLE_NOT_MARKED_LENS_VERIFIED,542.0,240.0,240.0,True,Holmer_1992_Annular,120,None_MSE_Method_Assumed_Zenith,16.338612055385127,0.150595,73.63568526656165,0.0005527457645855,0.0,73.63623801232623,0.0,0.0060802034104413,DeepLabV3+_Xception65_ADE20K,C:\Users\pandya\OneDrive - UCL\Field experiment raw data\Complete Participantwise data\Final Data\ucm\P9\WalkG\ucm\CamUp\cam_20250806_113414.jpg,C:\Users\pandya\Documents\Github\docker\Paper3_Analysis\output\SVF Output\P9\WalkG\CamUp_SVF\cam_20250806_113414_svf.jpg,True,50.81422033,4.37520802,,,,,,,,,,,,,,,
P9,WalkG,cam_20250806_113415.jpg,2025-08-06 11:34:15,CamUp,neginja_MSE_SkyViewFactor_reference_table,"24,25,25,26,26,27,27,29,29,32,32,36,36,40,41,43,44",9d4c5f0c12889fb034103b01efa54b21690d648acad08c427f81fc6d33241e03,b677f291bd6311850d8cb19c1c51cfff76b3a1e2deece82b67687ca72a30d9f8,REFERENCE_OR_CUSTOM_TABLE_NOT_MARKED_LENS_VERIFIED,542.0,240.0,240.0,True,Holmer_1992_Annular,120,None_MSE_Method_Assumed_Zenith,17.687311720973938,0.178516,72.3610535334273,0.0,0.0,72.3610535334273,0.0,0.0,DeepLabV3+_Xception65_ADE20K,C:\Users\pandya\OneDrive - UCL\Field experiment raw data\Complete Participantwise data\Final Data\ucm\P9\WalkG\ucm\CamUp\cam_20250806_113415.jpg,C:\Users\pandya\Documents\Github\docker\Paper3_Analysis\output\SVF Output\P9\WalkG\CamUp_SVF\cam_20250806_113415_svf.jpg,True,50.81420179,4.37517922,,,,,,,,,,,,,,,
P9,WalkG,cam_20250806_113416.jpg,2025-08-06 11:34:16,CamUp,neginja_MSE_SkyViewFactor_reference_table,"24,25,25,26,26,27,27,29,29,32,32,36,36,40,41,43,44",9d4c5f0c12889fb034103b01efa54b21690d648acad08c427f81fc6d33241e03,b677f291bd6311850d8cb19c1c51cfff76b3a1e2deece82b67687ca72a30d9f8,REFERENCE_OR_CUSTOM_TABLE_NOT_MARKED_LENS_VERIFIED,542.0,240.0,240.0,True,Holmer_1992_Annular,120,None_MSE_Method_Assumed_Zenith,19.592073625735843,0.198452,69.3331122350275,0.0,0.0,69.3331122350275,0.0,0.3791835945057071,DeepLabV3+_Xception65_ADE20K,C:\Users\pandya\OneDrive - UCL\Field experiment raw data\Complete Participantwise data\Final Data\ucm\P9\WalkG\ucm\CamUp\cam_20250806_113416.jpg,C:\Users\pandya\Documents\Github\docker\Paper3_Analysis\output\SVF Output\P9\WalkG\CamUp_SVF\cam_20250806_113416_svf.jpg,True,50.81419915,4.37515548,,,,,,,,,,,,,,,
P9,WalkG,cam_20250806_113417.jpg,2025-08-06 11:34:17,CamUp,neginja_MSE_SkyViewFactor_reference_table,"24,25,25,26,26,27,27,29,29,32,32,36,36,40,41,43,44",9d4c5f0c12889fb034103b01efa54b21690d648acad08c427f81fc6d33241e03,b677f291bd6311850d8cb19c1c51cfff76b3a1e2deece82b67687ca72a30d9f8,REFERENCE_OR_CUSTOM_TABLE_NOT_MARKED_LENS_VERIFIED,542.0,240.0,240.0,True,Holmer_1992_Annular,120,None_MSE_Method_Assumed_Zenith,15.110410966475971,0.210331,78.57999613077965,0.0,0.0,78.57999613077965,0.0,0.4416438659038775,DeepLabV3+_Xception65_ADE20K,C:\Users\pandya\OneDrive - UCL\Field experiment raw data\Complete Participantwise data\Final Data\ucm\P9\WalkG\ucm\CamUp\cam_20250806_113417.jpg,C:\Users\pandya\Documents\Github\docker\Paper3_Analysis\output\SVF Output\P9\WalkG\CamUp_SVF\cam_20250806_113417_svf.jpg,True,50.81419915,4.37515548,,,,,,,,,,,,,,,
P9,WalkG,cam_20250806_113418.jpg,2025-08-06 11:34:18,CamUp,neginja_MSE_SkyViewFactor_reference_table,"24,25,25,26,26,27,27,29,29,32,32,36,36,40,41,43,44",9d4c5f0c12889fb034103b01efa54b21690d648acad08c427f81fc6d33241e03,b677f291bd6311850d8cb19c1c51cfff76b3a1e2deece82b67687ca72a30d9f8,REFERENCE_OR_CUSTOM_TABLE_NOT_MARKED_LENS_VERIFIED,542.0,240.0,240.0,True,Holmer_1992_Annular,120,None_MSE_Method_Assumed_Zenith,19.508056269518832,0.254104,73.97009645413593,0.0,0.0,73.97009645413593,0.0,0.8081143078241162,DeepLabV3+_Xception65_ADE20K,C:\Users\pandya\OneDrive - UCL\Field experiment raw data\Complete Participantwise data\Final Data\ucm\P9\WalkG\ucm\CamUp\cam_20250806_113418.jpg,C:\Users\pandya\Documents\Github\docker\Paper3_Analysis\output\SVF Output\P9\WalkG\CamUp_SVF\cam_20250806_113418_svf.jpg,True,50.81418901,4.37511946,,,,,,,,,,,,,,,
P9,WalkG,cam_20250806_113419.jpg,2025-08-06 11:34:19,CamUp,neginja_MSE_SkyViewFactor_reference_table,"24,25,25,26,26,27,27,29,29,32,32,36,36,40,41,43,44",9d4c5f0c12889fb034103b01efa54b21690d648acad08c427f81fc6d33241e03,b677f291bd6311850d8cb19c1c51cfff76b3a1e2deece82b67687ca72a30d9f8,REFERENCE_OR_CUSTOM_TABLE_NOT_MARKED_LENS_VERIFIED,542.0,240.0,240.0,True,Holmer_1992_Annular,120,None_MSE_Method_Assumed_Zenith,25.566702595141365,0.309085,64.03449133571014,0.0,0.0,64.03449133571014,0.0,0.0,DeepLabV3+_Xception65_ADE20K,C:\Users\pandya\OneDrive - UCL\Field experiment raw data\Complete Participantwise data\Final Data\ucm\P9\WalkG\ucm\CamUp\cam_20250806_113419.jpg,C:\Users\pandya\Documents\Github\docker\Paper3_Analysis\output\SVF Output\P9\WalkG\CamUp_SVF\cam_20250806_113419_svf.jpg,True,50.81420698,4.37511359,,,,,,,,,,,,,,,
P9,WalkG,cam_20250806_113420.jpg,2025-08-06 11:34:20,CamUp,neginja_MSE_SkyViewFactor_reference_table,"24,25,25,26,26,27,27,29,29,32,32,36,36,40,41,43,44",9d4c5f0c12889fb034103b01efa54b21690d648acad08c427f81fc6d33241e03,b677f291bd6311850d8cb19c1c51cfff76b3a1e2deece82b67687ca72a30d9f8,REFERENCE_OR_CUSTOM_TABLE_NOT_MARKED_LENS_VERIFIED,542.0,240.0,240.0,True,Holmer_1992_Annular,120,None_MSE_Method_Assumed_Zenith,25.04988530525385,0.314417,66.3433103943841,0.0,0.0,66.3433103943841,0.0,1.5902495647127104,DeepLabV3+_Xception65_ADE20K,C:\Users\pandya\OneDrive - UCL\Field experiment raw data\Complete Participantwise data\Final Data\ucm\P9\WalkG\ucm\CamUp\cam_20250806_113420.jpg,C:\Users\pandya\Documents\Github\docker\Paper3_Analysis\output\SVF Output\P9\WalkG\CamUp_SVF\cam_20250806_113420_svf.jpg,True,50.81420698,4.37511359,,,,,,,,,,,,,,,
P9,WalkG,cam_20250806_113421.jpg,2025-08-06 11:34:21,CamUp,neginja_MSE_SkyViewFactor_reference_table,"24,25,25,26,26,27,27,29,29,32,32,36,36,40,41,43,44",9d4c5f0c12889fb034103b01efa54b21690d648acad08c427f81fc6d33241e03,b677f291bd6311850d8cb19c1c51cfff76b3a1e2deece82b67687ca72a30d9f8,REFERENCE_OR_CUSTOM_TABLE_NOT_MARKED_LENS_VERIFIED,542.0,240.0,240.0,True,Holmer_1992_Annular,120,None_MSE_Method_Assumed_Zenith,31.63972031064312,0.358272,64.48166265925988,0.0,0.0,64.48166265925988,0.0165823729375673,0.7893209518282066,DeepLabV3+_Xception65_ADE20K,C:\Users\pandya\OneDrive - UCL\Field experiment raw data\Complete Participantwise data\Final Data\ucm\P9\WalkG\ucm\CamUp\cam_20250806_113421.jpg,C:\Users\pandya\Documents\Github\docker\Paper3_Analysis\output\SVF Output\P9\WalkG\CamUp_SVF\cam_20250806_113421_svf.jpg,True,50.81420544,4.37509772,,,,,,,,,,,,,,,
P9,WalkG,cam_20250806_113422.jpg,2025-08-06 11:34:22,CamUp,neginja_MSE_SkyViewFactor_reference_table,"24,25,25,26,26,27,27,29,29,32,32,36,36,40,41,43,44",9d4c5f0c12889fb034103b01efa54b21690d648acad08c427f81fc6d33241e03,b677f291bd6311850d8cb19c1c51cfff76b3a1e2deece82b67687ca72a30d9f8,REFERENCE_OR_CUSTOM_TABLE_NOT_MARKED_LENS_VERIFIED,542.0,240.0,240.0,True,Holmer_1992_Annular,120,None_MSE_Method_Assumed_Zenith,33.834120996047865,0.355294,54.78373821960589,0.0,0.0,54.78373821960589,0.0,0.0,DeepLabV3+_Xception65_ADE20K,C:\Users\pandya\OneDrive - UCL\Field experiment raw data\Complete Participantwise data\Final Data\ucm\P9\WalkG\ucm\CamUp\cam_20250806_113422.jpg,C:\Users\pandya\Documents\Github\docker\Paper3_Analysis\output\SVF Output\P9\WalkG\CamUp_SVF\cam_20250806_113422_svf.jpg,True,50.81418706,4.37505595,,,,,,,,,,,,,,,
P9,WalkG,cam_20250806_113423.jpg,2025-08-06 11:34:23,CamUp,neginja_MSE_SkyViewFactor_reference_table,"24,25,25,26,26,27,27,29,29,32,32,36,36,40,41,43,44",9d4c5f0c12889fb034103b01efa54b21690d648acad08c427f81fc6d33241e03,b677f291bd6311850d8cb19c1c51cfff76b3a1e2deece82b67687ca72a30d9f8,REFERENCE_OR_CUSTOM_TABLE_NOT_MARKED_LENS_VERIFIED,542.0,240.0,240.0,True,Holmer_1992_Annular,120,None_MSE_Method_Assumed_Zenith,30.38940939115054,0.37681,62.09711743083769,0.0221098305834231,0.0,62.11922726142112,0.0,0.0292955255230356,DeepLabV3+_Xception65_ADE20K,C:\Users\pandya\OneDrive - UCL\Field experiment raw data\Complete Participantwise data\Final Data\ucm\P9\WalkG\ucm\CamUp\cam_20250806_113423.jpg,C:\Users\pandya\Documents\Github\docker\Paper3_Analysis\output\SVF Output\P9\WalkG\CamUp_SVF\cam_20250806_113423_svf.jpg,True,50.81418692,4.37503676,,,,,,,,,,,,,,,
P9,WalkG,cam_20250806_113424.jpg,2025-08-06 11:34:24,CamUp,neginja_MSE_SkyViewFactor_reference_table,"24,25,25,26,26,27,27,29,29,32,32,36,36,40,41,43,44",9d4c5f0c12889fb034103b01efa54b21690d648acad08c427f81fc6d33241e03,b677f291bd6311850d8cb19c1c51cfff76b3a1e2deece82b67687ca72a30d9f8,REFERENCE_OR_CUSTOM_TABLE_NOT_MARKED_LENS_VERIFIED,542.0,240.0,240.0,True,Holmer_1992_Annular,120,None_MSE_Method_Assumed_Zenith,46.74128734488572,0.46795,41.67260868363597,0.0,0.0,41.67260868363597,0.0,0.0,DeepLabV3+_Xception65_ADE20K,C:\Users\pandya\OneDrive - UCL\Field experiment raw data\Complete Participantwise data\Final Data\ucm\P9\WalkG\ucm\CamUp\cam_20250806_113424.jpg,C:\Users\pandya\Documents\Github\docker\Paper3_Analysis\output\SVF Output\P9\WalkG\CamUp_SVF\cam_20250806_113424_svf.jpg,True,50.81418692,4.37503676,,,,,,,,,,,,,,,
P9,WalkG,cam_20250806_113425.jpg,2025-08-06 11:34:25,CamUp,neginja_MSE_SkyViewFactor_reference_table,"24,25,25,26,26,27,27,29,29,32,32,36,36,40,41,43,44",9d4c5f0c12889fb034103b01efa54b21690d648acad08c427f81fc6d33241e03,b677f291bd6311850d8cb19c1c51cfff76b3a1e2deece82b67687ca72a30d9f8,REFERENCE_OR_CUSTOM_TABLE_NOT_MARKED_LENS_VERIFIED,542.0,240.0,240.0,True,Holmer_1992_Annular,120,None_MSE_Method_Assumed_Zenith,43.42315452007849,0.456579,41.14639471575049,4.062681369704005,0.0,45.20907608545449,0.0,0.0,DeepLabV3+_Xception65_ADE20K,C:\Users\pandya\OneDrive - UCL\Field experiment raw data\Complete Participantwise data\Final Data\ucm\P9\WalkG\ucm\CamUp\cam_20250806_113425.jpg,C:\Users\pandya\Documents\Github\docker\Paper3_Analysis\output\SVF Output\P9\WalkG\CamUp_SVF\cam_20250806_113425_svf.jpg,True,50.81418309,4.37499466,,,,,,,,,,,,,,,
P9,WalkG,cam_20250806_113426.jpg,2025-08-06 11:34:26,CamUp,neginja_MSE_SkyViewFactor_reference_table,"24,25,25,26,26,27,27,29,29,32,32,36,36,40,41,43,44",9d4c5f0c12889fb034103b01efa54b21690d648acad08c427f81fc6d33241e03,b677f291bd6311850d8cb19c1c51cfff76b3a1e2deece82b67687ca72a30d9f8,REFERENCE_OR_CUSTOM_TABLE_NOT_MARKED_LENS_VERIFIED,542.0,240.0,240.0,True,Holmer_1992_Annular,120,None_MSE_Method_Assumed_Zenith,34.059641267998785,0.451656,59.69488433794877,1.413370920045325,0.0,61.10825525799409,0.0,0.908161291214106,DeepLabV3+_Xception65_ADE20K,C:\Users\pandya\OneDrive - UCL\Field experiment raw data\Complete Participantwise data\Final Data\ucm\P9\WalkG\ucm\CamUp\cam_20250806_113426.jpg,C:\Users\pandya\Documents\Github\docker\Paper3_Analysis\output\SVF Output\P9\WalkG\CamUp_SVF\cam_20250806_113426_svf.jpg,True,50.81418309,4.37499466,,,,,,,,,,,,,,,
P9,WalkG,cam_20250806_113427.jpg,2025-08-06 11:34:27,CamUp,neginja_MSE_SkyViewFactor_reference_table,"24,25,25,26,26,27,27,29,29,32,32,36,36,40,41,43,44",9d4c5f0c12889fb034103b01efa54b21690d648acad08c427f81fc6d33241e03,b677f291bd6311850d8cb19c1c51cfff76b3a1e2deece82b67687ca72a30d9f8,REFERENCE_OR_CUSTOM_TABLE_NOT_MARKED_LENS_VERIFIED,542.0,240.0,240.0,True,Holmer_1992_Annular,120,None_MSE_Method_Assumed_Zenith,26.006135477986906,0.421251,70.01962247464279,0.0,0.0,70.01962247464279,0.0,0.8667053588701876,DeepLabV3+_Xception65_ADE20K,C:\Users\pandya\OneDrive - UCL\Field experiment raw data\Complete Participantwise data\Final Data\ucm\P9\WalkG\ucm\CamUp\cam_20250806_113427.jpg,C:\Users\pandya\Documents\Github\docker\Paper3_Analysis\output\SVF Output\P9\WalkG\CamUp_SVF\cam_20250806_113427_svf.jpg,True,50.81418292,4.37497634,,,,,,,,,,,,,,,
P9,WalkG,cam_20250806_113428.jpg,2025-08-06 11:34:28,CamUp,neginja_MSE_SkyViewFactor_reference_table,"24,25,25,26,26,27,27,29,29,32,32,36,36,40,41,43,44",9d4c5f0c12889fb034103b01efa54b21690d648acad08c427f81fc6d33241e03,b677f291bd6311850d8cb19c1c51cfff76b3a1e2deece82b67687ca72a30d9f8,REFERENCE_OR_CUSTOM_TABLE_NOT_MARKED_LENS_VERIFIED,542.0,240.0,240.0,True,Holmer_1992_Annular,120,None_MSE_Method_Assumed_Zenith,39.35439294696405,0.482072,46.04372218997872,0.0,0.0,46.04372218997872,0.0,0.0265317967001077,DeepLabV3+_Xception65_ADE20K,C:\Users\pandya\OneDrive - UCL\Field experiment raw data\Complete Participantwise data\Final Data\ucm\P9\WalkG\ucm\CamUp\cam_20250806_113428.jpg,C:\Users\pandya\Documents\Github\docker\Paper3_Analysis\output\SVF Output\P9\WalkG\CamUp_SVF\cam_20250806_113428_svf.jpg,True,50.81418129,4.37493736,,,,,,,,,,,,,,,
P9,WalkG,cam_20250806_113429.jpg,2025-08-06 11:34:29,CamUp,neginja_MSE_SkyViewFactor_reference_table,"24,25,25,26,26,27,27,29,29,32,32,36,36,40,41,43,44",9d4c5f0c12889fb034103b01efa54b21690d648acad08c427f81fc6d33241e03,b677f291bd6311850d8cb19c1c51cfff76b3a1e2deece82b67687ca72a30d9f8,REFERENCE_OR_CUSTOM_TABLE_NOT_MARKED_LENS_VERIFIED,542.0,240.0,240.0,True,Holmer_1992_Annular,120,None_MSE_Method_Assumed_Zenith,59.55282867645026,0.635879,27.22659812619186,1.436033496393334,0.0,28.662631622585195,0.0,0.0823591189232512,DeepLabV3+_Xception65_ADE20K,C:\Users\pandya\OneDrive - UCL\Field experiment raw data\Complete Participantwise data\Final Data\ucm\P9\WalkG\ucm\CamUp\cam_20250806_113429.jpg,C:\Users\pandya\Documents\Github\docker\Paper3_Analysis\output\SVF Output\P9\WalkG\CamUp_SVF\cam_20250806_113429_svf.jpg,True,50.8141812,4.37491869,,,,,,,,,,,,,,,
P9,WalkG,cam_20250806_113430.jpg,2025-08-06 11:34:30,CamUp,neginja_MSE_SkyViewFactor_reference_table,"24,25,25,26,26,27,27,29,29,32,32,36,36,40,41,43,44",9d4c5f0c12889fb034103b01efa54b21690d648acad08c427f81fc6d33241e03,b677f291bd6311850d8cb19c1c51cfff76b3a1e2deece82b67687ca72a30d9f8,REFERENCE_OR_CUSTOM_TABLE_NOT_MARKED_LENS_VERIFIED,542.0,240.0,240.0,True,Holmer_1992_Annular,120,None_MSE_Method_Assumed_Zenith,43.32587126551143,0.523693,51.07757786805959,1.4415609540391898,0.0,52.519138822098775,0.0,0.0,DeepLabV3+_Xception65_ADE20K,C:\Users\pandya\OneDrive - UCL\Field experiment raw data\Complete Participantwise data\Final Data\ucm\P9\WalkG\ucm\CamUp\cam_20250806_113430.jpg,C:\Users\pandya\Documents\Github\docker\Paper3_Analysis\output\SVF Output\P9\WalkG\CamUp_SVF\cam_20250806_113430_svf.jpg,True,50.8141812,4.37491869,,,,,,,,,,,,,,,
P9,WalkG,cam_20250806_113431.jpg,2025-08-06 11:34:31,CamUp,neginja_MSE_SkyViewFactor_reference_table,"24,25,25,26,26,27,27,29,29,32,32,36,36,40,41,43,44",9d4c5f0c12889fb034103b01efa54b21690d648acad08c427f81fc6d33241e03,b677f291bd6311850d8cb19c1c51cfff76b3a1e2deece82b67687ca72a30d9f8,REFERENCE_OR_CUSTOM_TABLE_NOT_MARKED_LENS_VERIFIED,542.0,240.0,240.0,True,Holmer_1992_Annular,120,None_MSE_Method_Assumed_Zenith,42.88256916231379,0.525812,53.66276980902634,0.1807478650194842,0.0,53.84351767404582,0.0,0.3377276621617887,DeepLabV3+_Xception65_ADE20K,C:\Users\pandya\OneDrive - UCL\Field experiment raw data\Complete Participantwise data\Final Data\ucm\P9\WalkG\ucm\CamUp\cam_20250806_113431.jpg,C:\Users\pandya\Documents\Github\docker\Paper3_Analysis\output\SVF Output\P9\WalkG\CamUp_SVF\cam_20250806_113431_svf.jpg,True,50.81418037,4.37488007,,,,,,,,,,,,,,,
P9,WalkG,cam_20250806_113432.jpg,2025-08-06 11:34:32,CamUp,neginja_MSE_SkyViewFactor_reference_table,"24,25,25,26,26,27,27,29,29,32,32,36,36,40,41,43,44",9d4c5f0c12889fb034103b01efa54b21690d648acad08c427f81fc6d33241e03,b677f291bd6311850d8cb19c1c51cfff76b3a1e2deece82b67687ca72a30d9f8,REFERENCE_OR_CUSTOM_TABLE_NOT_MARKED_LENS_VERIFIED,542.0,240.0,240.0,True,Holmer_1992_Annular,120,None_MSE_Method_Assumed_Zenith,39.19409667523423,0.517215,52.64240112760136,2.275654312798828,0.0,54.91805544040019,0.0,0.4958129508332642,DeepLabV3+_Xception65_ADE20K,C:\Users\pandya\OneDrive - UCL\Field experiment raw data\Complete Participantwise data\Final Data\ucm\P9\WalkG\ucm\CamUp\cam_20250806_113432.jpg,C:\Users\pandya\Documents\Github\docker\Paper3_Analysis\output\SVF Output\P9\WalkG\CamUp_SVF\cam_20250806_113432_svf.jpg,True,50.81418037,4.37488007,,,,,,,,,,,,,,,
P9,WalkG,cam_20250806_113433.jpg,2025-08-06 11:34:33,CamUp,neginja_MSE_SkyViewFactor_reference_table,"24,25,25,26,26,27,27,29,29,32,32,36,36,40,41,43,44",9d4c5f0c12889fb034103b01efa54b21690d648acad08c427f81fc6d33241e03,b677f291bd6311850d8cb19c1c51cfff76b3a1e2deece82b67687ca72a30d9f8,REFERENCE_OR_CUSTOM_TABLE_NOT_MARKED_LENS_VERIFIED,542.0,240.0,240.0,True,Holmer_1992_Annular,120,None_MSE_Method_Assumed_Zenith,31.04717685100738,0.462256,55.93068568112097,1.5559793273084046,0.0,57.48666500842938,0.0,1.899234447116049,DeepLabV3+_Xception65_ADE20K,C:\Users\pandya\OneDrive - UCL\Field experiment raw data\Complete Participantwise data\Final Data\ucm\P9\WalkG\ucm\CamUp\cam_20250806_113433.jpg,C:\Users\pandya\Documents\Github\docker\Paper3_Analysis\output\SVF Output\P9\WalkG\CamUp_SVF\cam_20250806_113433_svf.jpg,True,50.81417849,4.37484252,,,,,,,,,,,,,,,
P9,WalkG,cam_20250806_113434.jpg,2025-08-06 11:34:34,CamUp,neginja_MSE_SkyViewFactor_reference_table,"24,25,25,26,26,27,27,29,29,32,32,36,36,40,41,43,44",9d4c5f0c12889fb034103b01efa54b21690d648acad08c427f81fc6d33241e03,b677f291bd6311850d8cb19c1c51cfff76b3a1e2deece82b67687ca72a30d9f8,REFERENCE_OR_CUSTOM_TABLE_NOT_MARKED_LENS_VERIFIED,542.0,240.0,240.0,True,Holmer_1992_Annular,120,None_MSE_Method_Assumed_Zenith,27.36146809275074,0.433571,66.0442749357433,1.4387972252162615,0.0,67.48307216095957,0.0,0.7544979686593152,DeepLabV3+_Xception65_ADE20K,C:\Users\pandya\OneDrive - UCL\Field experiment raw data\Complete Participantwise data\Final Data\ucm\P9\WalkG\ucm\CamUp\cam_20250806_113434.jpg,C:\Users\pandya\Documents\Github\docker\Paper3_Analysis\output\SVF Output\P9\WalkG\CamUp_SVF\cam_20250806_113434_svf.jpg,True,50.81417849,4.37484252,,,,,,,,,,,,,,,
P9,WalkG,cam_20250806_113435.jpg,2025-08-06 11:34:35,CamUp,neginja_MSE_SkyViewFactor_reference_table,"24,25,25,26,26,27,27,29,29,32,32,36,36,40,41,43,44",9d4c5f0c12889fb034103b01efa54b21690d648acad08c427f81fc6d33241e03,b677f291bd6311850d8cb19c1c51cfff76b3a1e2deece82b67687ca72a30d9f8,REFERENCE_OR_CUSTOM_TABLE_NOT_MARKED_LENS_VERIFIED,542.0,240.0,240.0,True,Holmer_1992_Annular,120,None_MSE_Method_Assumed_Zenith,28.182848298924917,0.439029,61.10328054611281,4.032280352651798,0.0,65.13556089876461,0.0,0.0149241356438106,DeepLabV3+_Xception65_ADE20K,C:\Users\pandya\OneDrive - UCL\Field experiment raw data\Complete Participantwise data\Final Data\ucm\P9\WalkG\ucm\CamUp\cam_20250806_113435.jpg,C:\Users\pandya\Documents\Github\docker\Paper3_Analysis\output\SVF Output\P9\WalkG\CamUp_SVF\cam_20250806_113435_svf.jpg,True,50.81417675,4.3748027,,,,,,,,,,,,,,,
P9,WalkG,cam_20250806_113436.jpg,2025-08-06 11:34:36,CamUp,neginja_MSE_SkyViewFactor_reference_table,"24,25,25,26,26,27,27,29,29,32,32,36,36,40,41,43,44",9d4c5f0c12889fb034103b01efa54b21690d648acad08c427f81fc6d33241e03,b677f291bd6311850d8cb19c1c51cfff76b3a1e2deece82b67687ca72a30d9f8,REFERENCE_OR_CUSTOM_TABLE_NOT_MARKED_LENS_VERIFIED,542.0,240.0,240.0,True,Holmer_1992_Annular,120,None_MSE_Method_Assumed_Zenith,27.350413177459025,0.435868,57.61324378851948,3.715557029544261,0.0,61.32880081806374,0.0,0.318934306165879,DeepLabV3+_Xception65_ADE20K,C:\Users\pandya\OneDrive - UCL\Field experiment raw data\Complete Participantwise data\Final Data\ucm\P9\WalkG\ucm\CamUp\cam_20250806_113436.jpg,C:\Users\pandya\Documents\Github\docker\Paper3_Analysis\output\SVF Output\P9\WalkG\CamUp_SVF\cam_20250806_113436_svf.jpg,True,50.81417675,4.3748027,,,,,,,,,,,,,,,
P9,WalkG,cam_20250806_113437.jpg,2025-08-06 11:34:37,CamUp,neginja_MSE_SkyViewFactor_reference_table,"24,25,25,26,26,27,27,29,29,32,32,36,36,40,41,43,44",9d4c5f0c12889fb034103b01efa54b21690d648acad08c427f81fc6d33241e03,b677f291bd6311850d8cb19c1c51cfff76b3a1e2deece82b67687ca72a30d9f8,REFERENCE_OR_CUSTOM_TABLE_NOT_MARKED_LENS_VERIFIED,542.0,240.0,240.0,True,Holmer_1992_Annular,120,None_MSE_Method_Assumed_Zenith,25.257717712738025,0.414696,66.5771218528038,2.3911781775972143,0.0,68.96830003040101,0.0,0.3051156620512395,DeepLabV3+_Xception65_ADE20K,C:\Users\pandya\OneDrive - UCL\Field experiment raw data\Complete Participantwise data\Final Data\ucm\P9\WalkG\ucm\CamUp\cam_20250806_113437.jpg,C:\Users\pandya\Documents\Github\docker\Paper3_Analysis\output\SVF Output\P9\WalkG\CamUp_SVF\cam_20250806_113437_svf.jpg,True,50.81417507,4.37476282,,,,,,,,,,,,,,,
P9,WalkG,cam_20250806_113438.jpg,2025-08-06 11:34:38,CamUp,neginja_MSE_SkyViewFactor_reference_table,"24,25,25,26,26,27,27,29,29,32,32,36,36,40,41,43,44",9d4c5f0c12889fb034103b01efa54b21690d648acad08c427f81fc6d33241e03,b677f291bd6311850d8cb19c1c51cfff76b3a1e2deece82b67687ca72a30d9f8,REFERENCE_OR_CUSTOM_TABLE_NOT_MARKED_LENS_VERIFIED,542.0,240.0,240.0,True,Holmer_1992_Annular,120,None_MSE_Method_Assumed_Zenith,28.968852776165605,0.437153,50.27830749246884,7.010474532238897,0.0,57.288782024707736,0.0,0.0652240002210983,DeepLabV3+_Xception65_ADE20K,C:\Users\pandya\OneDrive - UCL\Field experiment raw data\Complete Participantwise data\Final Data\ucm\P9\WalkG\ucm\CamUp\cam_20250806_113438.jpg,C:\Users\pandya\Documents\Github\docker\Paper3_Analysis\output\SVF Output\P9\WalkG\CamUp_SVF\cam_20250806_113438_svf.jpg,True,50.81417507,4.37476282,,,,,,,,,,,,,,,
P9,WalkG,cam_20250806_113439.jpg,2025-08-06 11:34:39,CamUp,neginja_MSE_SkyViewFactor_reference_table,"24,25,25,26,26,27,27,29,29,32,32,36,36,40,41,43,44",9d4c5f0c12889fb034103b01efa54b21690d648acad08c427f81fc6d33241e03,b677f291bd6311850d8cb19c1c51cfff76b3a1e2deece82b67687ca72a30d9f8,REFERENCE_OR_CUSTOM_TABLE_NOT_MARKED_LENS_VERIFIED,542.0,240.0,240.0,True,Holmer_1992_Annular,120,None_MSE_Method_Assumed_Zenith,26.4814968355305,0.426503,63.10145648508968,2.961059060884946,0.0,66.06251554597462,0.0,0.087886576569107,DeepLabV3+_Xception65_ADE20K,C:\Users\pandya\OneDrive - UCL\Field experiment raw data\Complete Participantwise data\Final Data\ucm\P9\WalkG\ucm\CamUp\cam_20250806_113439.jpg,C:\Users\pandya\Documents\Github\docker\Paper3_Analysis\output\SVF Output\P9\WalkG\CamUp_SVF\cam_20250806_113439_svf.jpg,True,50.81416978,4.37472333,,,,,,,,,,,,,,,
P9,WalkG,cam_20250806_113440.jpg,2025-08-06 11:34:40,CamUp,neginja_MSE_SkyViewFactor_reference_table,"24,25,25,26,26,27,27,29,29,32,32,36,36,40,41,43,44",9d4c5f0c12889fb034103b01efa54b21690d648acad08c427f81fc6d33241e03,b677f291bd6311850d8cb19c1c51cfff76b3a1e2deece82b67687ca72a30d9f8,REFERENCE_OR_CUSTOM_TABLE_NOT_MARKED_LENS_VERIFIED,542.0,240.0,240.0,True,Holmer_1992_Annular,120,None_MSE_Method_Assumed_Zenith,26.08628361385181,0.420701,63.008595196639305,3.7127933007213327,0.0,66.72138849736064,0.0,0.0237680678771798,DeepLabV3+_Xception65_ADE20K,C:\Users\pandya\OneDrive - UCL\Field experiment raw data\Complete Participantwise data\Final Data\ucm\P9\WalkG\ucm\CamUp\cam_20250806_113440.jpg,C:\Users\pandya\Documents\Github\docker\Paper3_Analysis\output\SVF Output\P9\WalkG\CamUp_SVF\cam_20250806_113440_svf.jpg,True,50.81416983,4.37470249,,,,,,,,,,,,,,,
P9,WalkG,cam_20250806_113441.jpg,2025-08-06 11:34:41,CamUp,neginja_MSE_SkyViewFactor_reference_table,"24,25,25,26,26,27,27,29,29,32,32,36,36,40,41,43,44",9d4c5f0c12889fb034103b01efa54b21690d648acad08c427f81fc6d33241e03,b677f291bd6311850d8cb19c1c51cfff76b3a1e2deece82b67687ca72a30d9f8,REFERENCE_OR_CUSTOM_TABLE_NOT_MARKED_LENS_VERIFIED,542.0,240.0,240.0,True,Holmer_1992_Annular,120,None_MSE_Method_Assumed_Zenith,25.41911947599701,0.404746,68.65710416493933,0.6959069176132437,0.0,69.35301108255257,0.0,1.2176989193820302,DeepLabV3+_Xception65_ADE20K,C:\Users\pandya\OneDrive - UCL\Field experiment raw data\Complete Participantwise data\Final Data\ucm\P9\WalkG\ucm\CamUp\cam_20250806_113441.jpg,C:\Users\pandya\Documents\Github\docker\Paper3_Analysis\output\SVF Output\P9\WalkG\CamUp_SVF\cam_20250806_113441_svf.jpg,True,50.81416983,4.37470249,,,,,,,,,,,,,,,
P9,WalkG,cam_20250806_113442.jpg,2025-08-06 11:34:42,CamUp,neginja_MSE_SkyViewFactor_reference_table,"24,25,25,26,26,27,27,29,29,32,32,36,36,40,41,43,44",9d4c5f0c12889fb034103b01efa54b21690d648acad08c427f81fc6d33241e03,b677f291bd6311850d8cb19c1c51cfff76b3a1e2deece82b67687ca72a30d9f8,REFERENCE_OR_CUSTOM_TABLE_NOT_MARKED_LENS_VERIFIED,542.0,240.0,240.0,True,Holmer_1992_Annular,120,None_MSE_Method_Assumed_Zenith,26.90932205731973,0.418014,59.12168698007352,3.129093773318962,0.0,62.25078075339248,0.0,2.426553906530691,DeepLabV3+_Xception65_ADE20K,C:\Users\pandya\OneDrive - UCL\Field experiment raw data\Complete Participantwise data\Final Data\ucm\P9\WalkG\ucm\CamUp\cam_20250806_113442.jpg,C:\Users\pandya\Documents\Github\docker\Paper3_Analysis\output\SVF Output\P9\WalkG\CamUp_SVF\cam_20250806_113442_svf.jpg,True,50.81416994,4.37468369,,,,,,,,,,,,,,,
P9,WalkG,cam_20250806_113443.jpg,2025-08-06 11:34:43,CamUp,neginja_MSE_SkyViewFactor_reference_table,"24,25,25,26,26,27,27,29,29,32,32,36,36,40,41,43,44",9d4c5f0c12889fb034103b01efa54b21690d648acad08c427f81fc6d33241e03,b677f291bd6311850d8cb19c1c51cfff76b3a1e2deece82b67687ca72a30d9f8,REFERENCE_OR_CUSTOM_TABLE_NOT_MARKED_LENS_VERIFIED,542.0,240.0,240.0,True,Holmer_1992_Annular,120,None_MSE_Method_Assumed_Zenith,28.60404057153912,0.405991,56.58237293756737,11.44460105574441,0.0,68.02697399331178,0.0,0.8589669181659895,DeepLabV3+_Xception65_ADE20K,C:\Users\pandya\OneDrive - UCL\Field experiment raw data\Complete Participantwise data\Final Data\ucm\P9\WalkG\ucm\CamUp\cam_20250806_113443.jpg,C:\Users\pandya\Documents\Github\docker\Paper3_Analysis\output\SVF Output\P9\WalkG\CamUp_SVF\cam_20250806_113443_svf.jpg,True,50.81416712,4.3746441,,,,,,,,,,,,,,,
P9,WalkG,cam_20250806_113444.jpg,2025-08-06 11:34:44,CamUp,neginja_MSE_SkyViewFactor_reference_table,"24,25,25,26,26,27,27,29,29,32,32,36,36,40,41,43,44",9d4c5f0c12889fb034103b01efa54b21690d648acad08c427f81fc6d33241e03,b677f291bd6311850d8cb19c1c51cfff76b3a1e2deece82b67687ca72a30d9f8,REFERENCE_OR_CUSTOM_TABLE_NOT_MARKED_LENS_VERIFIED,542.0,240.0,240.0,True,Holmer_1992_Annular,120,None_MSE_Method_Assumed_Zenith,27.203935549843848,0.395333,65.36881961141972,3.6879197413149822,0.0,69.05673935273471,0.0,0.4654119337810574,DeepLabV3+_Xception65_ADE20K,C:\Users\pandya\OneDrive - UCL\Field experiment raw data\Complete Participantwise data\Final Data\ucm\P9\WalkG\ucm\CamUp\cam_20250806_113444.jpg,C:\Users\pandya\Documents\Github\docker\Paper3_Analysis\output\SVF Output\P9\WalkG\CamUp_SVF\cam_20250806_113444_svf.jpg,True,50.81416673,4.37462363,,,,,,,,,,,,,,,
P9,WalkG,cam_20250806_113445.jpg,2025-08-06 11:34:45,CamUp,neginja_MSE_SkyViewFactor_reference_table,"24,25,25,26,26,27,27,29,29,32,32,36,36,40,41,43,44",9d4c5f0c12889fb034103b01efa54b21690d648acad08c427f81fc6d33241e03,b677f291bd6311850d8cb19c1c51cfff76b3a1e2deece82b67687ca72a30d9f8,REFERENCE_OR_CUSTOM_TABLE_NOT_MARKED_LENS_VERIFIED,542.0,240.0,240.0,True,Holmer_1992_Annular,120,None_MSE_Method_Assumed_Zenith,22.24746427880496,0.333055,74.34154160793743,0.0243208136417654,0.0,74.3658624215792,0.0,0.6323411546859022,DeepLabV3+_Xception65_ADE20K,C:\Users\pandya\OneDrive - UCL\Field experiment raw data\Complete Participantwise data\Final Data\ucm\P9\WalkG\ucm\CamUp\cam_20250806_113445.jpg,C:\Users\pandya\Documents\Github\docker\Paper3_Analysis\output\SVF Output\P9\WalkG\CamUp_SVF\cam_20250806_113445_svf.jpg,True,50.81416583,4.37460241,,,,,,,,,,,,,,,
P9,WalkG,cam_20250806_113446.jpg,2025-08-06 11:34:46,CamUp,neginja_MSE_SkyViewFactor_reference_table,"24,25,25,26,26,27,27,29,29,32,32,36,36,40,41,43,44",9d4c5f0c12889fb034103b01efa54b21690d648acad08c427f81fc6d33241e03,b677f291bd6311850d8cb19c1c51cfff76b3a1e2deece82b67687ca72a30d9f8,REFERENCE_OR_CUSTOM_TABLE_NOT_MARKED_LENS_VERIFIED,542.0,240.0,240.0,True,Holmer_1992_Annular,120,None_MSE_Method_Assumed_Zenith,21.59577702235857,0.319747,73.69869828372441,0.0011054915291711,0.0,73.69980377525359,0.0,0.963435867672664,DeepLabV3+_Xception65_ADE20K,C:\Users\pandya\OneDrive - UCL\Field experiment raw data\Complete Participantwise data\Final Data\ucm\P9\WalkG\ucm\CamUp\cam_20250806_113446.jpg,C:\Users\pandya\Documents\Github\docker\Paper3_Analysis\output\SVF Output\P9\WalkG\CamUp_SVF\cam_20250806_113446_svf.jpg,True,50.81416385,4.37458132,,,,,,,,,,,,,,,
P9,WalkG,cam_20250806_113447.jpg,2025-08-06 11:34:47,CamUp,neginja_MSE_SkyViewFactor_reference_table,"24,25,25,26,26,27,27,29,29,32,32,36,36,40,41,43,44",9d4c5f0c12889fb034103b01efa54b21690d648acad08c427f81fc6d33241e03,b677f291bd6311850d8cb19c1c51cfff76b3a1e2deece82b67687ca72a30d9f8,REFERENCE_OR_CUSTOM_TABLE_NOT_MARKED_LENS_VERIFIED,542.0,240.0,240.0,True,Holmer_1992_Annular,120,None_MSE_Method_Assumed_Zenith,21.94566509134124,0.310329,74.60243760882183,0.0082911864687836,0.0,74.61072879529061,0.0,0.5510875272918221,DeepLabV3+_Xception65_ADE20K,C:\Users\pandya\OneDrive - UCL\Field experiment raw data\Complete Participantwise data\Final Data\ucm\P9\WalkG\ucm\CamUp\cam_20250806_113447.jpg,C:\Users\pandya\Documents\Github\docker\Paper3_Analysis\output\SVF Output\P9\WalkG\CamUp_SVF\cam_20250806_113447_svf.jpg,True,50.81416385,4.37458132,,,,,,,,,,,,,,,
P9,WalkG,cam_20250806_113448.jpg,2025-08-06 11:34:48,CamUp,neginja_MSE_SkyViewFactor_reference_table,"24,25,25,26,26,27,27,29,29,32,32,36,36,40,41,43,44",9d4c5f0c12889fb034103b01efa54b21690d648acad08c427f81fc6d33241e03,b677f291bd6311850d8cb19c1c51cfff76b3a1e2deece82b67687ca72a30d9f8,REFERENCE_OR_CUSTOM_TABLE_NOT_MARKED_LENS_VERIFIED,542.0,240.0,240.0,True,Holmer_1992_Annular,120,None_MSE_Method_Assumed_Zenith,19.951911118481057,0.286109,76.49890832711495,0.0525108476356299,0.0,76.55141917475058,0.0,0.8655998673410165,DeepLabV3+_Xception65_ADE20K,C:\Users\pandya\OneDrive - UCL\Field experiment raw data\Complete Participantwise data\Final Data\ucm\P9\WalkG\ucm\CamUp\cam_20250806_113448.jpg,C:\Users\pandya\Documents\Github\docker\Paper3_Analysis\output\SVF Output\P9\WalkG\CamUp_SVF\cam_20250806_113448_svf.jpg,True,50.8141633,4.37454264,,,,,,,,,,,,,,,
P9,WalkG,cam_20250806_113449.jpg,2025-08-06 11:34:49,CamUp,neginja_MSE_SkyViewFactor_reference_table,"24,25,25,26,26,27,27,29,29,32,32,36,36,40,41,43,44",9d4c5f0c12889fb034103b01efa54b21690d648acad08c427f81fc6d33241e03,b677f291bd6311850d8cb19c1c51cfff76b3a1e2deece82b67687ca72a30d9f8,REFERENCE_OR_CUSTOM_TABLE_NOT_MARKED_LENS_VERIFIED,542.0,240.0,240.0,True,Holmer_1992_Annular,120,None_MSE_Method_Assumed_Zenith,20.891026172511957,0.297863,75.9174197827709,0.0099494237625404,0.0,75.92736920653344,0.0,0.3686814249785811,DeepLabV3+_Xception65_ADE20K,C:\Users\pandya\OneDrive - UCL\Field experiment raw data\Complete Participantwise data\Final Data\ucm\P9\WalkG\ucm\CamUp\cam_20250806_113449.jpg,C:\Users\pandya\Documents\Github\docker\Paper3_Analysis\output\SVF Output\P9\WalkG\CamUp_SVF\cam_20250806_113449_svf.jpg,True,50.81416319,4.37452292,,,,,,,,,,,,,,,
P9,WalkG,cam_20250806_113450.jpg,2025-08-06 11:34:50,CamUp,neginja_MSE_SkyViewFactor_reference_table,"24,25,25,26,26,27,27,29,29,32,32,36,36,40,41,43,44",9d4c5f0c12889fb034103b01efa54b21690d648acad08c427f81fc6d33241e03,b677f291bd6311850d8cb19c1c51cfff76b3a1e2deece82b67687ca72a30d9f8,REFERENCE_OR_CUSTOM_TABLE_NOT_MARKED_LENS_VERIFIED,542.0,240.0,240.0,True,Holmer_1992_Annular,120,None_MSE_Method_Assumed_Zenith,19.767294033109472,0.298288,78.24613768896997,0.2940607467595279,0.0,78.5401984357295,0.0,0.389685764032833,DeepLabV3+_Xception65_ADE20K,C:\Users\pandya\OneDrive - UCL\Field experiment raw data\Complete Participantwise data\Final Data\ucm\P9\WalkG\ucm\CamUp\cam_20250806_113450.jpg,C:\Users\pandya\Documents\Github\docker\Paper3_Analysis\output\SVF Output\P9\WalkG\CamUp_SVF\cam_20250806_113450_svf.jpg,True,50.81416319,4.37452292,,,,,,,,,,,,,,,
P9,WalkG,cam_20250806_113451.jpg,2025-08-06 11:34:51,CamUp,neginja_MSE_SkyViewFactor_reference_table,"24,25,25,26,26,27,27,29,29,32,32,36,36,40,41,43,44",9d4c5f0c12889fb034103b01efa54b21690d648acad08c427f81fc6d33241e03,b677f291bd6311850d8cb19c1c51cfff76b3a1e2deece82b67687ca72a30d9f8,REFERENCE_OR_CUSTOM_TABLE_NOT_MARKED_LENS_VERIFIED,542.0,240.0,240.0,True,Holmer_1992_Annular,120,None_MSE_Method_Assumed_Zenith,19.62358013431722,0.306076,78.11624243429235,0.0,0.0,78.11624243429235,0.0,0.1332117292651245,DeepLabV3+_Xception65_ADE20K,C:\Users\pandya\OneDrive - UCL\Field experiment raw data\Complete Participantwise data\Final Data\ucm\P9\WalkG\ucm\CamUp\cam_20250806_113451.jpg,C:\Users\pandya\Documents\Github\docker\Paper3_Analysis\output\SVF Output\P9\WalkG\CamUp_SVF\cam_20250806_113451_svf.jpg,True,50.81416775,4.37447938,,,,,,,,,,,,,,,
P9,WalkG,cam_20250806_113452.jpg,2025-08-06 11:34:52,CamUp,neginja_MSE_SkyViewFactor_reference_table,"24,25,25,26,26,27,27,29,29,32,32,36,36,40,41,43,44",9d4c5f0c12889fb034103b01efa54b21690d648acad08c427f81fc6d33241e03,b677f291bd6311850d8cb19c1c51cfff76b3a1e2deece82b67687ca72a30d9f8,REFERENCE_OR_CUSTOM_TABLE_NOT_MARKED_LENS_VERIFIED,542.0,240.0,240.0,True,Holmer_1992_Annular,120,None_MSE_Method_Assumed_Zenith,19.8391509825056,0.318877,75.35527734018737,0.0436669154022607,0.0,75.39894425558963,0.0,1.2149351905591024,DeepLabV3+_Xception65_ADE20K,C:\Users\pandya\OneDrive - UCL\Field experiment raw data\Complete Participantwise data\Final Data\ucm\P9\WalkG\ucm\CamUp\cam_20250806_113452.jpg,C:\Users\pandya\Documents\Github\docker\Paper3_Analysis\output\SVF Output\P9\WalkG\CamUp_SVF\cam_20250806_113452_svf.jpg,True,50.81416691,4.37445812,,,,,,,,,,,,,,,
P9,WalkG,cam_20250806_113453.jpg,2025-08-06 11:34:53,CamUp,neginja_MSE_SkyViewFactor_reference_table,"24,25,25,26,26,27,27,29,29,32,32,36,36,40,41,43,44",9d4c5f0c12889fb034103b01efa54b21690d648acad08c427f81fc6d33241e03,b677f291bd6311850d8cb19c1c51cfff76b3a1e2deece82b67687ca72a30d9f8,REFERENCE_OR_CUSTOM_TABLE_NOT_MARKED_LENS_VERIFIED,542.0,240.0,240.0,True,Holmer_1992_Annular,120,None_MSE_Method_Assumed_Zenith,22.109830583423157,0.330212,70.9808473592571,0.3603902385097974,0.0,71.34123759776689,0.0016582372937567,0.8230384434679269,DeepLabV3+_Xception65_ADE20K,C:\Users\pandya\OneDrive - UCL\Field experiment raw data\Complete Participantwise data\Final Data\ucm\P9\WalkG\ucm\CamUp\cam_20250806_113453.jpg,C:\Users\pandya\Documents\Github\docker\Paper3_Analysis\output\SVF Output\P9\WalkG\CamUp_SVF\cam_20250806_113453_svf.jpg,True,50.81417087,4.37444168,,,,,,,,,,,,,,,
P9,WalkG,cam_20250806_113454.jpg,2025-08-06 11:34:54,CamUp,neginja_MSE_SkyViewFactor_reference_table,"24,25,25,26,26,27,27,29,29,32,32,36,36,40,41,43,44",9d4c5f0c12889fb034103b01efa54b21690d648acad08c427f81fc6d33241e03,b677f291bd6311850d8cb19c1c51cfff76b3a1e2deece82b67687ca72a30d9f8,REFERENCE_OR_CUSTOM_TABLE_NOT_MARKED_LENS_VERIFIED,542.0,240.0,240.0,True,Holmer_1992_Annular,120,None_MSE_Method_Assumed_Zenith,24.388801370809496,0.331243,73.208412790537,0.3443606113368156,0.0,73.55277340187381,0.1293425089130254,0.175773153138214,DeepLabV3+_Xception65_ADE20K,C:\Users\pandya\OneDrive - UCL\Field experiment raw data\Complete Participantwise data\Final Data\ucm\P9\WalkG\ucm\CamUp\cam_20250806_113454.jpg,C:\Users\pandya\Documents\Github\docker\Paper3_Analysis\output\SVF Output\P9\WalkG\CamUp_SVF\cam_20250806_113454_svf.jpg,True,50.81417087,4.37444168,,,,,,,,,,,,,,,
P9,WalkG,cam_20250806_113455.jpg,2025-08-06 11:34:55,CamUp,neginja_MSE_SkyViewFactor_reference_table,"24,25,25,26,26,27,27,29,29,32,32,36,36,40,41,43,44",9d4c5f0c12889fb034103b01efa54b21690d648acad08c427f81fc6d33241e03,b677f291bd6311850d8cb19c1c51cfff76b3a1e2deece82b67687ca72a30d9f8,REFERENCE_OR_CUSTOM_TABLE_NOT_MARKED_LENS_VERIFIED,542.0,240.0,240.0,True,Holmer_1992_Annular,120,None_MSE_Method_Assumed_Zenith,20.481994306718622,0.293237,75.72948622281181,0.0,0.0,75.72948622281181,0.0,0.7058563413757841,DeepLabV3+_Xception65_ADE20K,C:\Users\pandya\OneDrive - UCL\Field experiment raw data\Complete Participantwise data\Final Data\ucm\P9\WalkG\ucm\CamUp\cam_20250806_113455.jpg,C:\Users\pandya\Documents\Github\docker\Paper3_Analysis\output\SVF Output\P9\WalkG\CamUp_SVF\cam_20250806_113455_svf.jpg,True,50.81417423,4.3743987,,,,,,,,,,,,,,,
P9,WalkG,cam_20250806_113456.jpg,2025-08-06 11:34:56,CamUp,neginja_MSE_SkyViewFactor_reference_table,"24,25,25,26,26,27,27,29,29,32,32,36,36,40,41,43,44",9d4c5f0c12889fb034103b01efa54b21690d648acad08c427f81fc6d33241e03,b677f291bd6311850d8cb19c1c51cfff76b3a1e2deece82b67687ca72a30d9f8,REFERENCE_OR_CUSTOM_TABLE_NOT_MARKED_LENS_VERIFIED,542.0,240.0,240.0,True,Holmer_1992_Annular,120,None_MSE_Method_Assumed_Zenith,23.506066384766328,0.314449,69.20763894646657,0.0,0.0,69.20763894646657,0.0,0.5649061714064616,DeepLabV3+_Xception65_ADE20K,C:\Users\pandya\OneDrive - UCL\Field experiment raw data\Complete Participantwise data\Final Data\ucm\P9\WalkG\ucm\CamUp\cam_20250806_113456.jpg,C:\Users\pandya\Documents\Github\docker\Paper3_Analysis\output\SVF Output\P9\WalkG\CamUp_SVF\cam_20250806_113456_svf.jpg,True,50.81417145,4.37438128,,,,,,,,,,,,,,,
P9,WalkG,cam_20250806_113457.jpg,2025-08-06 11:34:57,CamUp,neginja_MSE_SkyViewFactor_reference_table,"24,25,25,26,26,27,27,29,29,32,32,36,36,40,41,43,44",9d4c5f0c12889fb034103b01efa54b21690d648acad08c427f81fc6d33241e03,b677f291bd6311850d8cb19c1c51cfff76b3a1e2deece82b67687ca72a30d9f8,REFERENCE_OR_CUSTOM_TABLE_NOT_MARKED_LENS_VERIFIED,542.0,240.0,240.0,True,Holmer_1992_Annular,120,None_MSE_Method_Assumed_Zenith,26.323964292623607,0.342519,69.07055799684935,0.3288837299284194,0.0,69.39944172677777,0.0,0.2216510515988171,DeepLabV3+_Xception65_ADE20K,C:\Users\pandya\OneDrive - UCL\Field experiment raw data\Complete Participantwise data\Final Data\ucm\P9\WalkG\ucm\CamUp\cam_20250806_113457.jpg,C:\Users\pandya\Documents\Github\docker\Paper3_Analysis\output\SVF Output\P9\WalkG\CamUp_SVF\cam_20250806_113457_svf.jpg,True,50.81417214,4.37435767,,,,,,,,,,,,,,,
P9,WalkG,cam_20250806_113458.jpg,2025-08-06 11:34:58,CamUp,neginja_MSE_SkyViewFactor_reference_table,"24,25,25,26,26,27,27,29,29,32,32,36,36,40,41,43,44",9d4c5f0c12889fb034103b01efa54b21690d648acad08c427f81fc6d33241e03,b677f291bd6311850d8cb19c1c51cfff76b3a1e2deece82b67687ca72a30d9f8,REFERENCE_OR_CUSTOM_TABLE_NOT_MARKED_LENS_VERIFIED,542.0,240.0,240.0,True,Holmer_1992_Annular,120,None_MSE_Method_Assumed_Zenith,31.0311472238344,0.379874,59.425144404831,0.0453251526960174,0.0,59.47046955752702,0.0,0.0,DeepLabV3+_Xception65_ADE20K,C:\Users\pandya\OneDrive - UCL\Field experiment raw data\Complete Participantwise data\Final Data\ucm\P9\WalkG\ucm\CamUp\cam_20250806_113458.jpg,C:\Users\pandya\Documents\Github\docker\Paper3_Analysis\output\SVF Output\P9\WalkG\CamUp_SVF\cam_20250806_113458_svf.jpg,True,50.81417146,4.37433589,,,,,,,,,,,,,,,
P9,WalkG,cam_20250806_113459.jpg,2025-08-06 11:34:59,CamUp,neginja_MSE_SkyViewFactor_reference_table,"24,25,25,26,26,27,27,29,29,32,32,36,36,40,41,43,44",9d4c5f0c12889fb034103b01efa54b21690d648acad08c427f81fc6d33241e03,b677f291bd6311850d8cb19c1c51cfff76b3a1e2deece82b67687ca72a30d9f8,REFERENCE_OR_CUSTOM_TABLE_NOT_MARKED_LENS_VERIFIED,542.0,240.0,240.0,True,Holmer_1992_Annular,120,None_MSE_Method_Assumed_Zenith,30.024597186524066,0.369369,60.92695464721002,0.0022109830583423,0.0,60.92916563026836,0.0,0.0044219661166846,DeepLabV3+_Xception65_ADE20K,C:\Users\pandya\OneDrive - UCL\Field experiment raw data\Complete Participantwise data\Final Data\ucm\P9\WalkG\ucm\CamUp\cam_20250806_113459.jpg,C:\Users\pandya\Documents\Github\docker\Paper3_Analysis\output\SVF Output\P9\WalkG\CamUp_SVF\cam_20250806_113459_svf.jpg,True,50.81417529,4.3743174,,,,,,,,,,,,,,,
P9,WalkG,cam_20250806_113500.jpg,2025-08-06 11:35:00,CamUp,neginja_MSE_SkyViewFactor_reference_table,"24,25,25,26,26,27,27,29,29,32,32,36,36,40,41,43,44",9d4c5f0c12889fb034103b01efa54b21690d648acad08c427f81fc6d33241e03,b677f291bd6311850d8cb19c1c51cfff76b3a1e2deece82b67687ca72a30d9f8,REFERENCE_OR_CUSTOM_TABLE_NOT_MARKED_LENS_VERIFIED,542.0,240.0,240.0,True,Holmer_1992_Annular,120,None_MSE_Method_Assumed_Zenith,34.17516513279717,0.457619,59.38092474366415,0.0475361357543597,0.0,59.42846087941852,0.0,0.1122073902108725,DeepLabV3+_Xception65_ADE20K,C:\Users\pandya\OneDrive - UCL\Field experiment raw data\Complete Participantwise data\Final Data\ucm\P9\WalkG\ucm\CamUp\cam_20250806_113500.jpg,C:\Users\pandya\Documents\Github\docker\Paper3_Analysis\output\SVF Output\P9\WalkG\CamUp_SVF\cam_20250806_113500_svf.jpg,True,50.81417681,4.37429494,,,,,,,,,,,,,,,
P9,WalkG,cam_20250806_113501.jpg,2025-08-06 11:35:01,CamUp,neginja_MSE_SkyViewFactor_reference_table,"24,25,25,26,26,27,27,29,29,32,32,36,36,40,41,43,44",9d4c5f0c12889fb034103b01efa54b21690d648acad08c427f81fc6d33241e03,b677f291bd6311850d8cb19c1c51cfff76b3a1e2deece82b67687ca72a30d9f8,REFERENCE_OR_CUSTOM_TABLE_NOT_MARKED_LENS_VERIFIED,542.0,240.0,240.0,True,Holmer_1992_Annular,120,None_MSE_Method_Assumed_Zenith,38.62311030041732,0.498091,51.33349915706271,0.0016582372937567,0.0,51.33515739435647,0.0,0.0,DeepLabV3+_Xception65_ADE20K,C:\Users\pandya\OneDrive - UCL\Field experiment raw data\Complete Participantwise data\Final Data\ucm\P9\WalkG\ucm\CamUp\cam_20250806_113501.jpg,C:\Users\pandya\Documents\Github\docker\Paper3_Analysis\output\SVF Output\P9\WalkG\CamUp_SVF\cam_20250806_113501_svf.jpg,True,50.81418042,4.37427749,,,,,,,,,,,,,,,
P9,WalkG,cam_20250806_113502.jpg,2025-08-06 11:35:02,CamUp,neginja_MSE_SkyViewFactor_reference_table,"24,25,25,26,26,27,27,29,29,32,32,36,36,40,41,43,44",9d4c5f0c12889fb034103b01efa54b21690d648acad08c427f81fc6d33241e03,b677f291bd6311850d8cb19c1c51cfff76b3a1e2deece82b67687ca72a30d9f8,REFERENCE_OR_CUSTOM_TABLE_NOT_MARKED_LENS_VERIFIED,542.0,240.0,240.0,True,Holmer_1992_Annular,120,None_MSE_Method_Assumed_Zenith,41.383522648757705,0.55067,47.02318768482437,0.0,0.0,47.02318768482437,0.0,0.0,DeepLabV3+_Xception65_ADE20K,C:\Users\pandya\OneDrive - UCL\Field experiment raw data\Complete Participantwise data\Final Data\ucm\P9\WalkG\ucm\CamUp\cam_20250806_113502.jpg,C:\Users\pandya\Documents\Github\docker\Paper3_Analysis\output\SVF Output\P9\WalkG\CamUp_SVF\cam_20250806_113502_svf.jpg,True,50.81418042,4.37427749,,,,,,,,,,,,,,,
P9,WalkG,cam_20250806_113503.jpg,2025-08-06 11:35:03,CamUp,neginja_MSE_SkyViewFactor_reference_table,"24,25,25,26,26,27,27,29,29,32,32,36,36,40,41,43,44",9d4c5f0c12889fb034103b01efa54b21690d648acad08c427f81fc6d33241e03,b677f291bd6311850d8cb19c1c51cfff76b3a1e2deece82b67687ca72a30d9f8,REFERENCE_OR_CUSTOM_TABLE_NOT_MARKED_LENS_VERIFIED,542.0,240.0,240.0,True,Holmer_1992_Annular,120,None_MSE_Method_Assumed_Zenith,37.77962026365973,0.510056,35.830638697730976,0.0945195257441339,0.0,35.92515822347511,0.0,0.2824530857032308,DeepLabV3+_Xception65_ADE20K,C:\Users\pandya\OneDrive - UCL\Field experiment raw data\Complete Participantwise data\Final Data\ucm\P9\WalkG\ucm\CamUp\cam_20250806_113503.jpg,C:\Users\pandya\Documents\Github\docker\Paper3_Analysis\output\SVF Output\P9\WalkG\CamUp_SVF\cam_20250806_113503_svf.jpg,True,50.81418708,4.37424076,,,,,,,,,,,,,,,
P9,WalkG,cam_20250806_113504.jpg,2025-08-06 11:35:04,CamUp,neginja_MSE_SkyViewFactor_reference_table,"24,25,25,26,26,27,27,29,29,32,32,36,36,40,41,43,44",9d4c5f0c12889fb034103b01efa54b21690d648acad08c427f81fc6d33241e03,b677f291bd6311850d8cb19c1c51cfff76b3a1e2deece82b67687ca72a30d9f8,REFERENCE_OR_CUSTOM_TABLE_NOT_MARKED_LENS_VERIFIED,542.0,240.0,240.0,True,Holmer_1992_Annular,120,None_MSE_Method_Assumed_Zenith,32.08357515960534,0.477152,46.06970124091424,0.0,0.0,46.06970124091424,0.0,1.4459829201558745,DeepLabV3+_Xception65_ADE20K,C:\Users\pandya\OneDrive - UCL\Field experiment raw data\Complete Participantwise data\Final Data\ucm\P9\WalkG\ucm\CamUp\cam_20250806_113504.jpg,C:\Users\pandya\Documents\Github\docker\Paper3_Analysis\output\SVF Output\P9\WalkG\CamUp_SVF\cam_20250806_113504_svf.jpg,True,50.81418708,4.37424076,,,,,,,,,,,,,,,
P9,WalkG,cam_20250806_113505.jpg,2025-08-06 11:35:05,CamUp,neginja_MSE_SkyViewFactor_reference_table,"24,25,25,26,26,27,27,29,29,32,32,36,36,40,41,43,44",9d4c5f0c12889fb034103b01efa54b21690d648acad08c427f81fc6d33241e03,b677f291bd6311850d8cb19c1c51cfff76b3a1e2deece82b67687ca72a30d9f8,REFERENCE_OR_CUSTOM_TABLE_NOT_MARKED_LENS_VERIFIED,542.0,240.0,240.0,True,Holmer_1992_Annular,120,None_MSE_Method_Assumed_Zenith,33.295746621341515,0.479551,28.42660918110715,0.0,0.0,28.42660918110715,0.0,0.8799712572202415,DeepLabV3+_Xception65_ADE20K,C:\Users\pandya\OneDrive - UCL\Field experiment raw data\Complete Participantwise data\Final Data\ucm\P9\WalkG\ucm\CamUp\cam_20250806_113505.jpg,C:\Users\pandya\Documents\Github\docker\Paper3_Analysis\output\SVF Output\P9\WalkG\CamUp_SVF\cam_20250806_113505_svf.jpg,True,50.81418606,4.3742082,,,,,,,,,,,,,,,
P9,WalkG,cam_20250806_113506.jpg,2025-08-06 11:35:06,CamUp,neginja_MSE_SkyViewFactor_reference_table,"24,25,25,26,26,27,27,29,29,32,32,36,36,40,41,43,44",9d4c5f0c12889fb034103b01efa54b21690d648acad08c427f81fc6d33241e03,b677f291bd6311850d8cb19c1c51cfff76b3a1e2deece82b67687ca72a30d9f8,REFERENCE_OR_CUSTOM_TABLE_NOT_MARKED_LENS_VERIFIED,542.0,240.0,240.0,True,Holmer_1992_Annular,120,None_MSE_Method_Assumed_Zenith,40.36702318768482,0.564762,30.93607495232568,0.0,0.0,30.93607495232568,0.0,0.0,DeepLabV3+_Xception65_ADE20K,C:\Users\pandya\OneDrive - UCL\Field experiment raw data\Complete Participantwise data\Final Data\ucm\P9\WalkG\ucm\CamUp\cam_20250806_113506.jpg,C:\Users\pandya\Documents\Github\docker\Paper3_Analysis\output\SVF Output\P9\WalkG\CamUp_SVF\cam_20250806_113506_svf.jpg,True,50.81418549,4.37418825,,,,,,,,,,,,,,,
P9,WalkG,cam_20250806_113507.jpg,2025-08-06 11:35:07,CamUp,neginja_MSE_SkyViewFactor_reference_table,"24,25,25,26,26,27,27,29,29,32,32,36,36,40,41,43,44",9d4c5f0c12889fb034103b01efa54b21690d648acad08c427f81fc6d33241e03,b677f291bd6311850d8cb19c1c51cfff76b3a1e2deece82b67687ca72a30d9f8,REFERENCE_OR_CUSTOM_TABLE_NOT_MARKED_LENS_VERIFIED,542.0,240.0,240.0,True,Holmer_1992_Annular,120,None_MSE_Method_Assumed_Zenith,44.96199872868474,0.610012,38.01674819666695,0.0204515932896664,0.0,38.03719978995661,0.0,0.0,DeepLabV3+_Xception65_ADE20K,C:\Users\pandya\OneDrive - UCL\Field experiment raw data\Complete Participantwise data\Final Data\ucm\P9\WalkG\ucm\CamUp\cam_20250806_113507.jpg,C:\Users\pandya\Documents\Github\docker\Paper3_Analysis\output\SVF Output\P9\WalkG\CamUp_SVF\cam_20250806_113507_svf.jpg,True,50.81418516,4.37416508,,,,,,,,,,,,,,,
P9,WalkG,cam_20250806_113508.jpg,2025-08-06 11:35:08,CamUp,neginja_MSE_SkyViewFactor_reference_table,"24,25,25,26,26,27,27,29,29,32,32,36,36,40,41,43,44",9d4c5f0c12889fb034103b01efa54b21690d648acad08c427f81fc6d33241e03,b677f291bd6311850d8cb19c1c51cfff76b3a1e2deece82b67687ca72a30d9f8,REFERENCE_OR_CUSTOM_TABLE_NOT_MARKED_LENS_VERIFIED,542.0,240.0,240.0,True,Holmer_1992_Annular,120,None_MSE_Method_Assumed_Zenith,43.63319791062101,0.609108,31.695547632866266,0.9059503081557636,0.0,32.601497941022025,0.0,0.0,DeepLabV3+_Xception65_ADE20K,C:\Users\pandya\OneDrive - UCL\Field experiment raw data\Complete Participantwise data\Final Data\ucm\P9\WalkG\ucm\CamUp\cam_20250806_113508.jpg,C:\Users\pandya\Documents\Github\docker\Paper3_Analysis\output\SVF Output\P9\WalkG\CamUp_SVF\cam_20250806_113508_svf.jpg,True,50.81418446,4.37414094,,,,,,,,,,,,,,,
P9,WalkG,cam_20250806_113509.jpg,2025-08-06 11:35:09,CamUp,neginja_MSE_SkyViewFactor_reference_table,"24,25,25,26,26,27,27,29,29,32,32,36,36,40,41,43,44",9d4c5f0c12889fb034103b01efa54b21690d648acad08c427f81fc6d33241e03,b677f291bd6311850d8cb19c1c51cfff76b3a1e2deece82b67687ca72a30d9f8,REFERENCE_OR_CUSTOM_TABLE_NOT_MARKED_LENS_VERIFIED,542.0,240.0,240.0,True,Holmer_1992_Annular,120,None_MSE_Method_Assumed_Zenith,39.48484094740624,0.569816,25.193599204046095,2.4260011607661056,0.0,27.619600364812204,0.0,0.0,DeepLabV3+_Xception65_ADE20K,C:\Users\pandya\OneDrive - UCL\Field experiment raw data\Complete Participantwise data\Final Data\ucm\P9\WalkG\ucm\CamUp\cam_20250806_113509.jpg,C:\Users\pandya\Documents\Github\docker\Paper3_Analysis\output\SVF Output\P9\WalkG\CamUp_SVF\cam_20250806_113509_svf.jpg,True,50.81418411,4.37412435,,,,,,,,,,,,,,,
P9,WalkG,cam_20250806_113510.jpg,2025-08-06 11:35:10,CamUp,neginja_MSE_SkyViewFactor_reference_table,"24,25,25,26,26,27,27,29,29,32,32,36,36,40,41,43,44",9d4c5f0c12889fb034103b01efa54b21690d648acad08c427f81fc6d33241e03,b677f291bd6311850d8cb19c1c51cfff76b3a1e2deece82b67687ca72a30d9f8,REFERENCE_OR_CUSTOM_TABLE_NOT_MARKED_LENS_VERIFIED,542.0,240.0,240.0,True,Holmer_1992_Annular,120,None_MSE_Method_Assumed_Zenith,39.03545864079817,0.571437,24.410358455628334,8.370229113119422,0.0,32.780587568747755,0.0,0.0525108476356299,DeepLabV3+_Xception65_ADE20K,C:\Users\pandya\OneDrive - UCL\Field experiment raw data\Complete Participantwise data\Final Data\ucm\P9\WalkG\ucm\CamUp\cam_20250806_113510.jpg,C:\Users\pandya\Documents\Github\docker\Paper3_Analysis\output\SVF Output\P9\WalkG\CamUp_SVF\cam_20250806_113510_svf.jpg,True,50.81418273,4.37410603,,,,,,,,,,,,,,,
P9,WalkG,cam_20250806_113511.jpg,2025-08-06 11:35:11,CamUp,neginja_MSE_SkyViewFactor_reference_table,"24,25,25,26,26,27,27,29,29,32,32,36,36,40,41,43,44",9d4c5f0c12889fb034103b01efa54b21690d648acad08c427f81fc6d33241e03,b677f291bd6311850d8cb19c1c51cfff76b3a1e2deece82b67687ca72a30d9f8,REFERENCE_OR_CUSTOM_TABLE_NOT_MARKED_LENS_VERIFIED,542.0,240.0,240.0,True,Holmer_1992_Annular,120,None_MSE_Method_Assumed_Zenith,37.91670121327695,0.573335,25.955282867645025,1.6123593952961337,0.0,27.56764226294116,0.0,0.4206395268496256,DeepLabV3+_Xception65_ADE20K,C:\Users\pandya\OneDrive - UCL\Field experiment raw data\Complete Participantwise data\Final Data\ucm\P9\WalkG\ucm\CamUp\cam_20250806_113511.jpg,C:\Users\pandya\Documents\Github\docker\Paper3_Analysis\output\SVF Output\P9\WalkG\CamUp_SVF\cam_20250806_113511_svf.jpg,True,50.81418168,4.37408803,,,,,,,,,,,,,,,
P9,WalkG,cam_20250806_113512.jpg,2025-08-06 11:35:12,CamUp,neginja_MSE_SkyViewFactor_reference_table,"24,25,25,26,26,27,27,29,29,32,32,36,36,40,41,43,44",9d4c5f0c12889fb034103b01efa54b21690d648acad08c427f81fc6d33241e03,b677f291bd6311850d8cb19c1c51cfff76b3a1e2deece82b67687ca72a30d9f8,REFERENCE_OR_CUSTOM_TABLE_NOT_MARKED_LENS_VERIFIED,542.0,240.0,240.0,True,Holmer_1992_Annular,120,None_MSE_Method_Assumed_Zenith,38.08749965453389,0.577583,32.13000580383053,0.0,0.0,32.13000580383053,0.0,0.2266257634800873,DeepLabV3+_Xception65_ADE20K,C:\Users\pandya\OneDrive - UCL\Field experiment raw data\Complete Participantwise data\Final Data\ucm\P9\WalkG\ucm\CamUp\cam_20250806_113512.jpg,C:\Users\pandya\Documents\Github\docker\Paper3_Analysis\output\SVF Output\P9\WalkG\CamUp_SVF\cam_20250806_113512_svf.jpg,True,50.8141804,4.37406888,,,,,,,,,,,,,,,
P9,WalkG,cam_20250806_113513.jpg,2025-08-06 11:35:13,CamUp,neginja_MSE_SkyViewFactor_reference_table,"24,25,25,26,26,27,27,29,29,32,32,36,36,40,41,43,44",9d4c5f0c12889fb034103b01efa54b21690d648acad08c427f81fc6d33241e03,b677f291bd6311850d8cb19c1c51cfff76b3a1e2deece82b67687ca72a30d9f8,REFERENCE_OR_CUSTOM_TABLE_NOT_MARKED_LENS_VERIFIED,542.0,240.0,240.0,True,Holmer_1992_Annular,120,None_MSE_Method_Assumed_Zenith,40.33551667910344,0.602933,17.62429870381118,0.1741149158444573,0.0,17.798413619655637,0.0,0.0,DeepLabV3+_Xception65_ADE20K,C:\Users\pandya\OneDrive - UCL\Field experiment raw data\Complete Participantwise data\Final Data\ucm\P9\WalkG\ucm\CamUp\cam_20250806_113513.jpg,C:\Users\pandya\Documents\Github\docker\Paper3_Analysis\output\SVF Output\P9\WalkG\CamUp_SVF\cam_20250806_113513_svf.jpg,True,50.8141804,4.37406888,,,,,,,,,,,,,,,
P9,WalkG,cam_20250806_113514.jpg,2025-08-06 11:35:14,CamUp,neginja_MSE_SkyViewFactor_reference_table,"24,25,25,26,26,27,27,29,29,32,32,36,36,40,41,43,44",9d4c5f0c12889fb034103b01efa54b21690d648acad08c427f81fc6d33241e03,b677f291bd6311850d8cb19c1c51cfff76b3a1e2deece82b67687ca72a30d9f8,REFERENCE_OR_CUSTOM_TABLE_NOT_MARKED_LENS_VERIFIED,542.0,240.0,240.0,True,Holmer_1992_Annular,120,None_MSE_Method_Assumed_Zenith,38.9304369455269,0.592138,28.286764502667,0.0005527457645855,0.0,28.287317248431588,0.0,0.0033164745875134,DeepLabV3+_Xception65_ADE20K,C:\Users\pandya\OneDrive - UCL\Field experiment raw data\Complete Participantwise data\Final Data\ucm\P9\WalkG\ucm\CamUp\cam_20250806_113514.jpg,C:\Users\pandya\Documents\Github\docker\Paper3_Analysis\output\SVF Output\P9\WalkG\CamUp_SVF\cam_20250806_113514_svf.jpg,True,50.81419088,4.37402888,,,,,,,,,,,,,,,
P9,WalkG,cam_20250806_113515.jpg,2025-08-06 11:35:15,CamUp,neginja_MSE_SkyViewFactor_reference_table,"24,25,25,26,26,27,27,29,29,32,32,36,36,40,41,43,44",9d4c5f0c12889fb034103b01efa54b21690d648acad08c427f81fc6d33241e03,b677f291bd6311850d8cb19c1c51cfff76b3a1e2deece82b67687ca72a30d9f8,REFERENCE_OR_CUSTOM_TABLE_NOT_MARKED_LENS_VERIFIED,542.0,240.0,240.0,True,Holmer_1992_Annular,120,None_MSE_Method_Assumed_Zenith,38.08749965453389,0.594435,17.325263245170383,0.2061741701904209,0.0,17.531437415360806,0.0,0.0,DeepLabV3+_Xception65_ADE20K,C:\Users\pandya\OneDrive - UCL\Field experiment raw data\Complete Participantwise data\Final Data\ucm\P9\WalkG\ucm\CamUp\cam_20250806_113515.jpg,C:\Users\pandya\Documents\Github\docker\Paper3_Analysis\output\SVF Output\P9\WalkG\CamUp_SVF\cam_20250806_113515_svf.jpg,True,50.81419157,4.37400633,,,,,,,,,,,,,,,
P9,WalkG,cam_20250806_113516.jpg,2025-08-06 11:35:16,CamUp,neginja_MSE_SkyViewFactor_reference_table,"24,25,25,26,26,27,27,29,29,32,32,36,36,40,41,43,44",9d4c5f0c12889fb034103b01efa54b21690d648acad08c427f81fc6d33241e03,b677f291bd6311850d8cb19c1c51cfff76b3a1e2deece82b67687ca72a30d9f8,REFERENCE_OR_CUSTOM_TABLE_NOT_MARKED_LENS_VERIFIED,542.0,240.0,240.0,True,Holmer_1992_Annular,120,None_MSE_Method_Assumed_Zenith,43.62545946991681,0.627502,29.642649863195423,0.0165823729375673,0.0,29.65923223613299,0.0,0.0071856949396125,DeepLabV3+_Xception65_ADE20K,C:\Users\pandya\OneDrive - UCL\Field experiment raw data\Complete Participantwise data\Final Data\ucm\P9\WalkG\ucm\CamUp\cam_20250806_113516.jpg,C:\Users\pandya\Documents\Github\docker\Paper3_Analysis\output\SVF Output\P9\WalkG\CamUp_SVF\cam_20250806_113516_svf.jpg,True,50.81419157,4.37400633,,,,,,,,,,,,,,,
P9,WalkG,cam_20250806_113517.jpg,2025-08-06 11:35:17,CamUp,neginja_MSE_SkyViewFactor_reference_table,"24,25,25,26,26,27,27,29,29,32,32,36,36,40,41,43,44",9d4c5f0c12889fb034103b01efa54b21690d648acad08c427f81fc6d33241e03,b677f291bd6311850d8cb19c1c51cfff76b3a1e2deece82b67687ca72a30d9f8,REFERENCE_OR_CUSTOM_TABLE_NOT_MARKED_LENS_VERIFIED,542.0,240.0,240.0,True,Holmer_1992_Annular,120,None_MSE_Method_Assumed_Zenith,43.11582787496891,0.625741,21.333775529945,0.1846170853715833,0.0,21.518392615316586,0.0,1.2580493601967777,DeepLabV3+_Xception65_ADE20K,C:\Users\pandya\OneDrive - UCL\Field experiment raw data\Complete Participantwise data\Final Data\ucm\P9\WalkG\ucm\CamUp\cam_20250806_113517.jpg,C:\Users\pandya\Documents\Github\docker\Paper3_Analysis\output\SVF Output\P9\WalkG\CamUp_SVF\cam_20250806_113517_svf.jpg,True,50.81419109,4.37396686,,,,,,,,,,,,,,,
P9,WalkG,cam_20250806_113518.jpg,2025-08-06 11:35:18,CamUp,neginja_MSE_SkyViewFactor_reference_table,"24,25,25,26,26,27,27,29,29,32,32,36,36,40,41,43,44",9d4c5f0c12889fb034103b01efa54b21690d648acad08c427f81fc6d33241e03,b677f291bd6311850d8cb19c1c51cfff76b3a1e2deece82b67687ca72a30d9f8,REFERENCE_OR_CUSTOM_TABLE_NOT_MARKED_LENS_VERIFIED,542.0,240.0,240.0,True,Holmer_1992_Annular,120,None_MSE_Method_Assumed_Zenith,46.4853660558826,0.650255,18.206339993919794,0.2940607467595279,0.0,18.50040074067932,0.0,0.0574855595169002,DeepLabV3+_Xception65_ADE20K,C:\Users\pandya\OneDrive - UCL\Field experiment raw data\Complete Participantwise data\Final Data\ucm\P9\WalkG\ucm\CamUp\cam_20250806_113518.jpg,C:\Users\pandya\Documents\Github\docker\Paper3_Analysis\output\SVF Output\P9\WalkG\CamUp_SVF\cam_20250806_113518_svf.jpg,True,50.81419147,4.3739475,,,,,,,,,,,,,,,
P9,WalkG,cam_20250806_113519.jpg,2025-08-06 11:35:19,CamUp,neginja_MSE_SkyViewFactor_reference_table,"24,25,25,26,26,27,27,29,29,32,32,36,36,40,41,43,44",9d4c5f0c12889fb034103b01efa54b21690d648acad08c427f81fc6d33241e03,b677f291bd6311850d8cb19c1c51cfff76b3a1e2deece82b67687ca72a30d9f8,REFERENCE_OR_CUSTOM_TABLE_NOT_MARKED_LENS_VERIFIED,542.0,240.0,240.0,True,Holmer_1992_Annular,120,None_MSE_Method_Assumed_Zenith,54.15913550562419,0.701595,23.012464416991403,0.518475527181273,0.0,23.53093994417268,0.0,1.320509631594948,DeepLabV3+_Xception65_ADE20K,C:\Users\pandya\OneDrive - UCL\Field experiment raw data\Complete Participantwise data\Final Data\ucm\P9\WalkG\ucm\CamUp\cam_20250806_113519.jpg,C:\Users\pandya\Documents\Github\docker\Paper3_Analysis\output\SVF Output\P9\WalkG\CamUp_SVF\cam_20250806_113519_svf.jpg,True,50.81419372,4.37392895,,,,,,,,,,,,,,,
P9,WalkG,cam_20250806_113520.jpg,2025-08-06 11:35:20,CamUp,neginja_MSE_SkyViewFactor_reference_table,"24,25,25,26,26,27,27,29,29,32,32,36,36,40,41,43,44",9d4c5f0c12889fb034103b01efa54b21690d648acad08c427f81fc6d33241e03,b677f291bd6311850d8cb19c1c51cfff76b3a1e2deece82b67687ca72a30d9f8,REFERENCE_OR_CUSTOM_TABLE_NOT_MARKED_LENS_VERIFIED,542.0,240.0,240.0,True,Holmer_1992_Annular,120,None_MSE_Method_Assumed_Zenith,50.13348810214742,0.676599,14.8025315756018,0.1365282038526379,0.0,14.93905977945444,0.0,0.2094906447779344,DeepLabV3+_Xception65_ADE20K,C:\Users\pandya\OneDrive - UCL\Field experiment raw data\Complete Participantwise data\Final Data\ucm\P9\WalkG\ucm\CamUp\cam_20250806_113520.jpg,C:\Users\pandya\Documents\Github\docker\Paper3_Analysis\output\SVF Output\P9\WalkG\CamUp_SVF\cam_20250806_113520_svf.jpg,True,50.81419372,4.37392895,,,,,,,,,,,,,,,
P9,WalkG,cam_20250806_113521.jpg,2025-08-06 11:35:21,CamUp,neginja_MSE_SkyViewFactor_reference_table,"24,25,25,26,26,27,27,29,29,32,32,36,36,40,41,43,44",9d4c5f0c12889fb034103b01efa54b21690d648acad08c427f81fc6d33241e03,b677f291bd6311850d8cb19c1c51cfff76b3a1e2deece82b67687ca72a30d9f8,REFERENCE_OR_CUSTOM_TABLE_NOT_MARKED_LENS_VERIFIED,542.0,240.0,240.0,True,Holmer_1992_Annular,120,None_MSE_Method_Assumed_Zenith,54.40068540474808,0.702703,11.189785258270458,0.1077854240941878,0.0,11.297570682364643,0.0,0.7318353923113063,DeepLabV3+_Xception65_ADE20K,C:\Users\pandya\OneDrive - UCL\Field experiment raw data\Complete Participantwise data\Final Data\ucm\P9\WalkG\ucm\CamUp\cam_20250806_113521.jpg,C:\Users\pandya\Documents\Github\docker\Paper3_Analysis\output\SVF Output\P9\WalkG\CamUp_SVF\cam_20250806_113521_svf.jpg,True,50.8141899,4.37389127,,,,,,,,,,,,,,,
P9,WalkG,cam_20250806_113522.jpg,2025-08-06 11:35:22,CamUp,neginja_MSE_SkyViewFactor_reference_table,"24,25,25,26,26,27,27,29,29,32,32,36,36,40,41,43,44",9d4c5f0c12889fb034103b01efa54b21690d648acad08c427f81fc6d33241e03,b677f291bd6311850d8cb19c1c51cfff76b3a1e2deece82b67687ca72a30d9f8,REFERENCE_OR_CUSTOM_TABLE_NOT_MARKED_LENS_VERIFIED,542.0,240.0,240.0,True,Holmer_1992_Annular,120,None_MSE_Method_Assumed_Zenith,49.60119393085151,0.672362,26.8800265317967,0.3764198656827792,0.0,27.256446397479483,0.0,0.1343172207942956,DeepLabV3+_Xception65_ADE20K,C:\Users\pandya\OneDrive - UCL\Field experiment raw data\Complete Participantwise data\Final Data\ucm\P9\WalkG\ucm\CamUp\cam_20250806_113522.jpg,C:\Users\pandya\Documents\Github\docker\Paper3_Analysis\output\SVF Output\P9\WalkG\CamUp_SVF\cam_20250806_113522_svf.jpg,True,50.81418676,4.37387125,,,,,,,,,,,,,,,
P9,WalkG,cam_20250806_113523.jpg,2025-08-06 11:35:23,CamUp,neginja_MSE_SkyViewFactor_reference_table,"24,25,25,26,26,27,27,29,29,32,32,36,36,40,41,43,44",9d4c5f0c12889fb034103b01efa54b21690d648acad08c427f81fc6d33241e03,b677f291bd6311850d8cb19c1c51cfff76b3a1e2deece82b67687ca72a30d9f8,REFERENCE_OR_CUSTOM_TABLE_NOT_MARKED_LENS_VERIFIED,542.0,240.0,240.0,True,Holmer_1992_Annular,120,None_MSE_Method_Assumed_Zenith,48.10214741729541,0.663592,16.760909819528507,0.0873338308045214,0.0,16.84824365033303,0.0,0.1796423734903131,DeepLabV3+_Xception65_ADE20K,C:\Users\pandya\OneDrive - UCL\Field experiment raw data\Complete Participantwise data\Final Data\ucm\P9\WalkG\ucm\CamUp\cam_20250806_113523.jpg,C:\Users\pandya\Documents\Github\docker\Paper3_Analysis\output\SVF Output\P9\WalkG\CamUp_SVF\cam_20250806_113523_svf.jpg,True,50.8141841,4.37385151,,,,,,,,,,,,,,,
P9,WalkG,cam_20250806_113524.jpg,2025-08-06 11:35:24,CamUp,neginja_MSE_SkyViewFactor_reference_table,"24,25,25,26,26,27,27,29,29,32,32,36,36,40,41,43,44",9d4c5f0c12889fb034103b01efa54b21690d648acad08c427f81fc6d33241e03,b677f291bd6311850d8cb19c1c51cfff76b3a1e2deece82b67687ca72a30d9f8,REFERENCE_OR_CUSTOM_TABLE_NOT_MARKED_LENS_VERIFIED,542.0,240.0,240.0,True,Holmer_1992_Annular,120,None_MSE_Method_Assumed_Zenith,46.96459663377829,0.649185,19.64292623607772,0.0375867119918193,0.0,19.68051294806953,0.0,0.473703120249841,DeepLabV3+_Xception65_ADE20K,C:\Users\pandya\OneDrive - UCL\Field experiment raw data\Complete Participantwise data\Final Data\ucm\P9\WalkG\ucm\CamUp\cam_20250806_113524.jpg,C:\Users\pandya\Documents\Github\docker\Paper3_Analysis\output\SVF Output\P9\WalkG\CamUp_SVF\cam_20250806_113524_svf.jpg,True,50.81417999,4.37383262,,,,,,,,,,,,,,,
P9,WalkG,cam_20250806_113525.jpg,2025-08-06 11:35:25,CamUp,neginja_MSE_SkyViewFactor_reference_table,"24,25,25,26,26,27,27,29,29,32,32,36,36,40,41,43,44",9d4c5f0c12889fb034103b01efa54b21690d648acad08c427f81fc6d33241e03,b677f291bd6311850d8cb19c1c51cfff76b3a1e2deece82b67687ca72a30d9f8,REFERENCE_OR_CUSTOM_TABLE_NOT_MARKED_LENS_VERIFIED,542.0,240.0,240.0,True,Holmer_1992_Annular,120,None_MSE_Method_Assumed_Zenith,56.16283890224692,0.668198,33.43780228284,0.0,0.0,33.43780228284,0.0,0.2260730177155017,DeepLabV3+_Xception65_ADE20K,C:\Users\pandya\OneDrive - UCL\Field experiment raw data\Complete Participantwise data\Final Data\ucm\P9\WalkG\ucm\CamUp\cam_20250806_113525.jpg,C:\Users\pandya\Documents\Github\docker\Paper3_Analysis\output\SVF Output\P9\WalkG\CamUp_SVF\cam_20250806_113525_svf.jpg,True,50.81417999,4.37383262,,,,,,,,,,,,,,,
P9,WalkG,cam_20250806_113526.jpg,2025-08-06 11:35:26,CamUp,neginja_MSE_SkyViewFactor_reference_table,"24,25,25,26,26,27,27,29,29,32,32,36,36,40,41,43,44",9d4c5f0c12889fb034103b01efa54b21690d648acad08c427f81fc6d33241e03,b677f291bd6311850d8cb19c1c51cfff76b3a1e2deece82b67687ca72a30d9f8,REFERENCE_OR_CUSTOM_TABLE_NOT_MARKED_LENS_VERIFIED,542.0,240.0,240.0,True,Holmer_1992_Annular,120,None_MSE_Method_Assumed_Zenith,55.38733659453335,0.653589,34.75886466019954,1.4404554625100183,0.0,36.19932012270956,0.0,0.1586380344360611,DeepLabV3+_Xception65_ADE20K,C:\Users\pandya\OneDrive - UCL\Field experiment raw data\Complete Participantwise data\Final Data\ucm\P9\WalkG\ucm\CamUp\cam_20250806_113526.jpg,C:\Users\pandya\Documents\Github\docker\Paper3_Analysis\output\SVF Output\P9\WalkG\CamUp_SVF\cam_20250806_113526_svf.jpg,True,50.81416652,4.37379905,,,,,,,,,,,,,,,
P9,WalkG,cam_20250806_113527.jpg,2025-08-06 11:35:27,CamUp,neginja_MSE_SkyViewFactor_reference_table,"24,25,25,26,26,27,27,29,29,32,32,36,36,40,41,43,44",9d4c5f0c12889fb034103b01efa54b21690d648acad08c427f81fc6d33241e03,b677f291bd6311850d8cb19c1c51cfff76b3a1e2deece82b67687ca72a30d9f8,REFERENCE_OR_CUSTOM_TABLE_NOT_MARKED_LENS_VERIFIED,542.0,240.0,240.0,True,Holmer_1992_Annular,120,None_MSE_Method_Assumed_Zenith,49.701240914241495,0.60522,36.463532598181466,0.0033164745875134,0.0,36.46684907276898,0.0,0.2310477295967719,DeepLabV3+_Xception65_ADE20K,C:\Users\pandya\OneDrive - UCL\Field experiment raw data\Complete Participantwise data\Final Data\ucm\P9\WalkG\ucm\CamUp\cam_20250806_113527.jpg,C:\Users\pandya\Documents\Github\docker\Paper3_Analysis\output\SVF Output\P9\WalkG\CamUp_SVF\cam_20250806_113527_svf.jpg,True,50.81416134,4.37378217,,,,,,,,,,,,,,,
P9,WalkG,cam_20250806_113528.jpg,2025-08-06 11:35:28,CamUp,neginja_MSE_SkyViewFactor_reference_table,"24,25,25,26,26,27,27,29,29,32,32,36,36,40,41,43,44",9d4c5f0c12889fb034103b01efa54b21690d648acad08c427f81fc6d33241e03,b677f291bd6311850d8cb19c1c51cfff76b3a1e2deece82b67687ca72a30d9f8,REFERENCE_OR_CUSTOM_TABLE_NOT_MARKED_LENS_VERIFIED,542.0,240.0,240.0,True,Holmer_1992_Annular,120,None_MSE_Method_Assumed_Zenith,51.75248044661858,0.607892,39.66393057513197,0.0,0.0,39.66393057513197,0.0,0.0005527457645855,DeepLabV3+_Xception65_ADE20K,C:\Users\pandya\OneDrive - UCL\Field experiment raw data\Complete Participantwise data\Final Data\ucm\P9\WalkG\ucm\CamUp\cam_20250806_113528.jpg,C:\Users\pandya\Documents\Github\docker\Paper3_Analysis\output\SVF Output\P9\WalkG\CamUp_SVF\cam_20250806_113528_svf.jpg,True,50.81416134,4.37378217,,,,,,,,,,,,,,,
P9,WalkG,cam_20250806_113529.jpg,2025-08-06 11:35:29,CamUp,neginja_MSE_SkyViewFactor_reference_table,"24,25,25,26,26,27,27,29,29,32,32,36,36,40,41,43,44",9d4c5f0c12889fb034103b01efa54b21690d648acad08c427f81fc6d33241e03,b677f291bd6311850d8cb19c1c51cfff76b3a1e2deece82b67687ca72a30d9f8,REFERENCE_OR_CUSTOM_TABLE_NOT_MARKED_LENS_VERIFIED,542.0,240.0,240.0,True,Holmer_1992_Annular,120,None_MSE_Method_Assumed_Zenith,48.61067352071415,0.602971,39.23002514993229,0.0,0.0,39.23002514993229,0.0,0.2924025094657712,DeepLabV3+_Xception65_ADE20K,C:\Users\pandya\OneDrive - UCL\Field experiment raw data\Complete Participantwise data\Final Data\ucm\P9\WalkG\ucm\CamUp\cam_20250806_113529.jpg,C:\Users\pandya\Documents\Github\docker\Paper3_Analysis\output\SVF Output\P9\WalkG\CamUp_SVF\cam_20250806_113529_svf.jpg,True,50.81414877,4.37375096,,,,,,,,,,,,,,,
P9,WalkG,cam_20250806_113530.jpg,2025-08-06 11:35:30,CamUp,neginja_MSE_SkyViewFactor_reference_table,"24,25,25,26,26,27,27,29,29,32,32,36,36,40,41,43,44",9d4c5f0c12889fb034103b01efa54b21690d648acad08c427f81fc6d33241e03,b677f291bd6311850d8cb19c1c51cfff76b3a1e2deece82b67687ca72a30d9f8,REFERENCE_OR_CUSTOM_TABLE_NOT_MARKED_LENS_VERIFIED,542.0,240.0,240.0,True,Holmer_1992_Annular,120,None_MSE_Method_Assumed_Zenith,53.73462675842247,0.608577,34.36088770969793,0.0,0.0,34.36088770969793,0.0,0.6793245446756764,DeepLabV3+_Xception65_ADE20K,C:\Users\pandya\OneDrive - UCL\Field experiment raw data\Complete Participantwise data\Final Data\ucm\P9\WalkG\ucm\CamUp\cam_20250806_113530.jpg,C:\Users\pandya\Documents\Github\docker\Paper3_Analysis\output\SVF Output\P9\WalkG\CamUp_SVF\cam_20250806_113530_svf.jpg,True,50.81414877,4.37375096,,,,,,,,,,,,,,,
P9,WalkG,cam_20250806_113531.jpg,2025-08-06 11:35:31,CamUp,neginja_MSE_SkyViewFactor_reference_table,"24,25,25,26,26,27,27,29,29,32,32,36,36,40,41,43,44",9d4c5f0c12889fb034103b01efa54b21690d648acad08c427f81fc6d33241e03,b677f291bd6311850d8cb19c1c51cfff76b3a1e2deece82b67687ca72a30d9f8,REFERENCE_OR_CUSTOM_TABLE_NOT_MARKED_LENS_VERIFIED,542.0,240.0,240.0,True,Holmer_1992_Annular,120,None_MSE_Method_Assumed_Zenith,47.24152226183567,0.555683,41.44598292015587,0.0,0.0,41.44598292015587,0.0,0.7030926125528563,DeepLabV3+_Xception65_ADE20K,C:\Users\pandya\OneDrive - UCL\Field experiment raw data\Complete Participantwise data\Final Data\ucm\P9\WalkG\ucm\CamUp\cam_20250806_113531.jpg,C:\Users\pandya\Documents\Github\docker\Paper3_Analysis\output\SVF Output\P9\WalkG\CamUp_SVF\cam_20250806_113531_svf.jpg,True,50.81413865,4.37371867,,,,,,,,,,,,,,,
P9,WalkG,cam_20250806_113532.jpg,2025-08-06 11:35:32,CamUp,neginja_MSE_SkyViewFactor_reference_table,"24,25,25,26,26,27,27,29,29,32,32,36,36,40,41,43,44",9d4c5f0c12889fb034103b01efa54b21690d648acad08c427f81fc6d33241e03,b677f291bd6311850d8cb19c1c51cfff76b3a1e2deece82b67687ca72a30d9f8,REFERENCE_OR_CUSTOM_TABLE_NOT_MARKED_LENS_VERIFIED,542.0,240.0,240.0,True,Holmer_1992_Annular,120,None_MSE_Method_Assumed_Zenith,42.428212143824446,0.514031,31.196970953210077,0.0,0.0,31.196970953210077,0.0,0.7611309178343421,DeepLabV3+_Xception65_ADE20K,C:\Users\pandya\OneDrive - UCL\Field experiment raw data\Complete Participantwise data\Final Data\ucm\P9\WalkG\ucm\CamUp\cam_20250806_113532.jpg,C:\Users\pandya\Documents\Github\docker\Paper3_Analysis\output\SVF Output\P9\WalkG\CamUp_SVF\cam_20250806_113532_svf.jpg,True,50.81413865,4.37371867,,,,,,,,,,,,,,,
P9,WalkG,cam_20250806_113533.jpg,2025-08-06 11:35:33,CamUp,neginja_MSE_SkyViewFactor_reference_table,"24,25,25,26,26,27,27,29,29,32,32,36,36,40,41,43,44",9d4c5f0c12889fb034103b01efa54b21690d648acad08c427f81fc6d33241e03,b677f291bd6311850d8cb19c1c51cfff76b3a1e2deece82b67687ca72a30d9f8,REFERENCE_OR_CUSTOM_TABLE_NOT_MARKED_LENS_VERIFIED,542.0,240.0,240.0,True,Holmer_1992_Annular,120,None_MSE_Method_Assumed_Zenith,34.15526628527209,0.438953,32.00784898985711,0.0,0.0,32.00784898985711,0.0,0.6411850869192715,DeepLabV3+_Xception65_ADE20K,C:\Users\pandya\OneDrive - UCL\Field experiment raw data\Complete Participantwise data\Final Data\ucm\P9\WalkG\ucm\CamUp\cam_20250806_113533.jpg,C:\Users\pandya\Documents\Github\docker\Paper3_Analysis\output\SVF Output\P9\WalkG\CamUp_SVF\cam_20250806_113533_svf.jpg,True,50.81413215,4.37370005,,,,,,,,,,,,,,,
P9,WalkG,cam_20250806_113534.jpg,2025-08-06 11:35:34,CamUp,neginja_MSE_SkyViewFactor_reference_table,"24,25,25,26,26,27,27,29,29,32,32,36,36,40,41,43,44",9d4c5f0c12889fb034103b01efa54b21690d648acad08c427f81fc6d33241e03,b677f291bd6311850d8cb19c1c51cfff76b3a1e2deece82b67687ca72a30d9f8,REFERENCE_OR_CUSTOM_TABLE_NOT_MARKED_LENS_VERIFIED,542.0,240.0,240.0,True,Holmer_1992_Annular,120,None_MSE_Method_Assumed_Zenith,37.206422905784486,0.433093,44.73150374485256,0.0,0.0,44.73150374485256,0.0,0.2448663737114114,DeepLabV3+_Xception65_ADE20K,C:\Users\pandya\OneDrive - UCL\Field experiment raw data\Complete Participantwise data\Final Data\ucm\P9\WalkG\ucm\CamUp\cam_20250806_113534.jpg,C:\Users\pandya\Documents\Github\docker\Paper3_Analysis\output\SVF Output\P9\WalkG\CamUp_SVF\cam_20250806_113534_svf.jpg,True,50.81412201,4.37366128,,,,,,,,,,,,,,,
P9,WalkG,cam_20250806_113535.jpg,2025-08-06 11:35:35,CamUp,neginja_MSE_SkyViewFactor_reference_table,"24,25,25,26,26,27,27,29,29,32,32,36,36,40,41,43,44",9d4c5f0c12889fb034103b01efa54b21690d648acad08c427f81fc6d33241e03,b677f291bd6311850d8cb19c1c51cfff76b3a1e2deece82b67687ca72a30d9f8,REFERENCE_OR_CUSTOM_TABLE_NOT_MARKED_LENS_VERIFIED,542.0,240.0,240.0,True,Holmer_1992_Annular,120,None_MSE_Method_Assumed_Zenith,39.47212779482077,0.419231,51.31636403836056,0.0,0.0,51.31636403836056,0.0,0.0823591189232512,DeepLabV3+_Xception65_ADE20K,C:\Users\pandya\OneDrive - UCL\Field experiment raw data\Complete Participantwise data\Final Data\ucm\P9\WalkG\ucm\CamUp\cam_20250806_113535.jpg,C:\Users\pandya\Documents\Github\docker\Paper3_Analysis\output\SVF Output\P9\WalkG\CamUp_SVF\cam_20250806_113535_svf.jpg,True,50.81412201,4.37366128,,,,,,,,,,,,,,,
P9,WalkG,cam_20250806_113536.jpg,2025-08-06 11:35:36,CamUp,neginja_MSE_SkyViewFactor_reference_table,"24,25,25,26,26,27,27,29,29,32,32,36,36,40,41,43,44",9d4c5f0c12889fb034103b01efa54b21690d648acad08c427f81fc6d33241e03,b677f291bd6311850d8cb19c1c51cfff76b3a1e2deece82b67687ca72a30d9f8,REFERENCE_OR_CUSTOM_TABLE_NOT_MARKED_LENS_VERIFIED,542.0,240.0,240.0,True,Holmer_1992_Annular,120,None_MSE_Method_Assumed_Zenith,42.95829533206202,0.452745,50.964817732084136,0.0,0.0,50.964817732084136,0.0,0.0022109830583423,DeepLabV3+_Xception65_ADE20K,C:\Users\pandya\OneDrive - UCL\Field experiment raw data\Complete Participantwise data\Final Data\ucm\P9\WalkG\ucm\CamUp\cam_20250806_113536.jpg,C:\Users\pandya\Documents\Github\docker\Paper3_Analysis\output\SVF Output\P9\WalkG\CamUp_SVF\cam_20250806_113536_svf.jpg,True,50.81412248,4.3736429,,,,,,,,,,,,,,,
P9,WalkG,cam_20250806_113537.jpg,2025-08-06 11:35:37,CamUp,neginja_MSE_SkyViewFactor_reference_table,"24,25,25,26,26,27,27,29,29,32,32,36,36,40,41,43,44",9d4c5f0c12889fb034103b01efa54b21690d648acad08c427f81fc6d33241e03,b677f291bd6311850d8cb19c1c51cfff76b3a1e2deece82b67687ca72a30d9f8,REFERENCE_OR_CUSTOM_TABLE_NOT_MARKED_LENS_VERIFIED,542.0,240.0,240.0,True,Holmer_1992_Annular,120,None_MSE_Method_Assumed_Zenith,44.29594008235912,0.481901,40.690932205731976,0.0,0.0,40.690932205731976,0.0,0.8141945112345577,DeepLabV3+_Xception65_ADE20K,C:\Users\pandya\OneDrive - UCL\Field experiment raw data\Complete Participantwise data\Final Data\ucm\P9\WalkG\ucm\CamUp\cam_20250806_113537.jpg,C:\Users\pandya\Documents\Github\docker\Paper3_Analysis\output\SVF Output\P9\WalkG\CamUp_SVF\cam_20250806_113537_svf.jpg,True,50.81411353,4.37360563,,,,,,,,,,,,,,,
P9,WalkG,cam_20250806_113538.jpg,2025-08-06 11:35:38,CamUp,neginja_MSE_SkyViewFactor_reference_table,"24,25,25,26,26,27,27,29,29,32,32,36,36,40,41,43,44",9d4c5f0c12889fb034103b01efa54b21690d648acad08c427f81fc6d33241e03,b677f291bd6311850d8cb19c1c51cfff76b3a1e2deece82b67687ca72a30d9f8,REFERENCE_OR_CUSTOM_TABLE_NOT_MARKED_LENS_VERIFIED,542.0,240.0,240.0,True,Holmer_1992_Annular,120,None_MSE_Method_Assumed_Zenith,45.04656883066633,0.478532,44.51924937125169,0.0,0.0,44.51924937125169,0.0,0.1066799325650167,DeepLabV3+_Xception65_ADE20K,C:\Users\pandya\OneDrive - UCL\Field experiment raw data\Complete Participantwise data\Final Data\ucm\P9\WalkG\ucm\CamUp\cam_20250806_113538.jpg,C:\Users\pandya\Documents\Github\docker\Paper3_Analysis\output\SVF Output\P9\WalkG\CamUp_SVF\cam_20250806_113538_svf.jpg,True,50.8141116,4.3735866,,,,,,,,,,,,,,,
P9,WalkG,cam_20250806_113539.jpg,2025-08-06 11:35:39,CamUp,neginja_MSE_SkyViewFactor_reference_table,"24,25,25,26,26,27,27,29,29,32,32,36,36,40,41,43,44",9d4c5f0c12889fb034103b01efa54b21690d648acad08c427f81fc6d33241e03,b677f291bd6311850d8cb19c1c51cfff76b3a1e2deece82b67687ca72a30d9f8,REFERENCE_OR_CUSTOM_TABLE_NOT_MARKED_LENS_VERIFIED,542.0,240.0,240.0,True,Holmer_1992_Annular,120,None_MSE_Method_Assumed_Zenith,38.48879307962303,0.435948,59.798247795926265,0.0,0.0,59.798247795926265,0.0,0.0,DeepLabV3+_Xception65_ADE20K,C:\Users\pandya\OneDrive - UCL\Field experiment raw data\Complete Participantwise data\Final Data\ucm\P9\WalkG\ucm\CamUp\cam_20250806_113539.jpg,C:\Users\pandya\Documents\Github\docker\Paper3_Analysis\output\SVF Output\P9\WalkG\CamUp_SVF\cam_20250806_113539_svf.jpg,True,50.8141116,4.3735866,,,,,,,,,,,,,,,
P9,WalkG,cam_20250806_113540.jpg,2025-08-06 11:35:40,CamUp,neginja_MSE_SkyViewFactor_reference_table,"24,25,25,26,26,27,27,29,29,32,32,36,36,40,41,43,44",9d4c5f0c12889fb034103b01efa54b21690d648acad08c427f81fc6d33241e03,b677f291bd6311850d8cb19c1c51cfff76b3a1e2deece82b67687ca72a30d9f8,REFERENCE_OR_CUSTOM_TABLE_NOT_MARKED_LENS_VERIFIED,542.0,240.0,240.0,True,Holmer_1992_Annular,120,None_MSE_Method_Assumed_Zenith,38.07036453583174,0.434154,58.09413260370893,0.0,0.0,58.09413260370893,0.0,0.1072326783296023,DeepLabV3+_Xception65_ADE20K,C:\Users\pandya\OneDrive - UCL\Field experiment raw data\Complete Participantwise data\Final Data\ucm\P9\WalkG\ucm\CamUp\cam_20250806_113540.jpg,C:\Users\pandya\Documents\Github\docker\Paper3_Analysis\output\SVF Output\P9\WalkG\CamUp_SVF\cam_20250806_113540_svf.jpg,True,50.81411041,4.3735466,,,,,,,,,,,,,,,
P9,WalkG,cam_20250806_113541.jpg,2025-08-06 11:35:41,CamUp,neginja_MSE_SkyViewFactor_reference_table,"24,25,25,26,26,27,27,29,29,32,32,36,36,40,41,43,44",9d4c5f0c12889fb034103b01efa54b21690d648acad08c427f81fc6d33241e03,b677f291bd6311850d8cb19c1c51cfff76b3a1e2deece82b67687ca72a30d9f8,REFERENCE_OR_CUSTOM_TABLE_NOT_MARKED_LENS_VERIFIED,542.0,240.0,240.0,True,Holmer_1992_Annular,120,None_MSE_Method_Assumed_Zenith,46.28803581792555,0.436589,46.73354890418152,0.0,0.0,46.73354890418152,0.0,0.0,DeepLabV3+_Xception65_ADE20K,C:\Users\pandya\OneDrive - UCL\Field experiment raw data\Complete Participantwise data\Final Data\ucm\P9\WalkG\ucm\CamUp\cam_20250806_113541.jpg,C:\Users\pandya\Documents\Github\docker\Paper3_Analysis\output\SVF Output\P9\WalkG\CamUp_SVF\cam_20250806_113541_svf.jpg,True,50.81411041,4.3735466,,,,,,,,,,,,,,,
P9,WalkG,cam_20250806_113542.jpg,2025-08-06 11:35:42,CamUp,neginja_MSE_SkyViewFactor_reference_table,"24,25,25,26,26,27,27,29,29,32,32,36,36,40,41,43,44",9d4c5f0c12889fb034103b01efa54b21690d648acad08c427f81fc6d33241e03,b677f291bd6311850d8cb19c1c51cfff76b3a1e2deece82b67687ca72a30d9f8,REFERENCE_OR_CUSTOM_TABLE_NOT_MARKED_LENS_VERIFIED,542.0,240.0,240.0,True,Holmer_1992_Annular,120,None_MSE_Method_Assumed_Zenith,32.23779122792472,0.370913,65.45670618798883,0.0055274576458557,0.0,65.46223364563468,0.0,0.0022109830583423,DeepLabV3+_Xception65_ADE20K,C:\Users\pandya\OneDrive - UCL\Field experiment raw data\Complete Participantwise data\Final Data\ucm\P9\WalkG\ucm\CamUp\cam_20250806_113542.jpg,C:\Users\pandya\Documents\Github\docker\Paper3_Analysis\output\SVF Output\P9\WalkG\CamUp_SVF\cam_20250806_113542_svf.jpg,True,50.8141085,4.37350987,,,,,,,,,,,,,,,
P9,WalkG,cam_20250806_113543.jpg,2025-08-06 11:35:43,CamUp,neginja_MSE_SkyViewFactor_reference_table,"24,25,25,26,26,27,27,29,29,32,32,36,36,40,41,43,44",9d4c5f0c12889fb034103b01efa54b21690d648acad08c427f81fc6d33241e03,b677f291bd6311850d8cb19c1c51cfff76b3a1e2deece82b67687ca72a30d9f8,REFERENCE_OR_CUSTOM_TABLE_NOT_MARKED_LENS_VERIFIED,542.0,240.0,240.0,True,Holmer_1992_Annular,120,None_MSE_Method_Assumed_Zenith,29.636016914020395,0.32751,65.83478429096537,0.0,0.0,65.83478429096537,0.9142414946245474,0.2288367465384296,DeepLabV3+_Xception65_ADE20K,C:\Users\pandya\OneDrive - UCL\Field experiment raw data\Complete Participantwise data\Final Data\ucm\P9\WalkG\ucm\CamUp\cam_20250806_113543.jpg,C:\Users\pandya\Documents\Github\docker\Paper3_Analysis\output\SVF Output\P9\WalkG\CamUp_SVF\cam_20250806_113543_svf.jpg,True,50.81410418,4.37349102,,,,,,,,,,,,,,,
P9,WalkG,cam_20250806_113544.jpg,2025-08-06 11:35:44,CamUp,neginja_MSE_SkyViewFactor_reference_table,"24,25,25,26,26,27,27,29,29,32,32,36,36,40,41,43,44",9d4c5f0c12889fb034103b01efa54b21690d648acad08c427f81fc6d33241e03,b677f291bd6311850d8cb19c1c51cfff76b3a1e2deece82b67687ca72a30d9f8,REFERENCE_OR_CUSTOM_TABLE_NOT_MARKED_LENS_VERIFIED,542.0,240.0,240.0,True,Holmer_1992_Annular,120,None_MSE_Method_Assumed_Zenith,28.55152972390349,0.307486,67.95953901003233,0.0,0.0,67.95953901003233,0.602492883398281,0.003869220352099,DeepLabV3+_Xception65_ADE20K,C:\Users\pandya\OneDrive - UCL\Field experiment raw data\Complete Participantwise data\Final Data\ucm\P9\WalkG\ucm\CamUp\cam_20250806_113544.jpg,C:\Users\pandya\Documents\Github\docker\Paper3_Analysis\output\SVF Output\P9\WalkG\CamUp_SVF\cam_20250806_113544_svf.jpg,True,50.81410377,4.37347369,,,,,,,,,,,,,,,
P9,WalkG,cam_20250806_113545.jpg,2025-08-06 11:35:45,CamUp,neginja_MSE_SkyViewFactor_reference_table,"24,25,25,26,26,27,27,29,29,32,32,36,36,40,41,43,44",9d4c5f0c12889fb034103b01efa54b21690d648acad08c427f81fc6d33241e03,b677f291bd6311850d8cb19c1c51cfff76b3a1e2deece82b67687ca72a30d9f8,REFERENCE_OR_CUSTOM_TABLE_NOT_MARKED_LENS_VERIFIED,542.0,240.0,240.0,True,Holmer_1992_Annular,120,None_MSE_Method_Assumed_Zenith,29.05563386120554,0.313576,66.08020341044136,0.1315534919713678,0.0,66.21175690241273,0.0,0.5787248155211011,DeepLabV3+_Xception65_ADE20K,C:\Users\pandya\OneDrive - UCL\Field experiment raw data\Complete Participantwise data\Final Data\ucm\P9\WalkG\ucm\CamUp\cam_20250806_113545.jpg,C:\Users\pandya\Documents\Github\docker\Paper3_Analysis\output\SVF Output\P9\WalkG\CamUp_SVF\cam_20250806_113545_svf.jpg,True,50.81410377,4.37347369,,,,,,,,,,,,,,,
P9,WalkG,cam_20250806_113546.jpg,2025-08-06 11:35:46,CamUp,neginja_MSE_SkyViewFactor_reference_table,"24,25,25,26,26,27,27,29,29,32,32,36,36,40,41,43,44",9d4c5f0c12889fb034103b01efa54b21690d648acad08c427f81fc6d33241e03,b677f291bd6311850d8cb19c1c51cfff76b3a1e2deece82b67687ca72a30d9f8,REFERENCE_OR_CUSTOM_TABLE_NOT_MARKED_LENS_VERIFIED,542.0,240.0,240.0,True,Holmer_1992_Annular,120,None_MSE_Method_Assumed_Zenith,26.04040571539121,0.306249,71.27048613989996,0.5870160019898848,0.0,71.85750214188984,0.0,0.0569328137523146,DeepLabV3+_Xception65_ADE20K,C:\Users\pandya\OneDrive - UCL\Field experiment raw data\Complete Participantwise data\Final Data\ucm\P9\WalkG\ucm\CamUp\cam_20250806_113546.jpg,C:\Users\pandya\Documents\Github\docker\Paper3_Analysis\output\SVF Output\P9\WalkG\CamUp_SVF\cam_20250806_113546_svf.jpg,True,50.81410138,4.37343766,,,,,,,,,,,,,,,
P9,WalkG,cam_20250806_113547.jpg,2025-08-06 11:35:47,CamUp,neginja_MSE_SkyViewFactor_reference_table,"24,25,25,26,26,27,27,29,29,32,32,36,36,40,41,43,44",9d4c5f0c12889fb034103b01efa54b21690d648acad08c427f81fc6d33241e03,b677f291bd6311850d8cb19c1c51cfff76b3a1e2deece82b67687ca72a30d9f8,REFERENCE_OR_CUSTOM_TABLE_NOT_MARKED_LENS_VERIFIED,542.0,240.0,240.0,True,Holmer_1992_Annular,120,None_MSE_Method_Assumed_Zenith,26.352154326617477,0.300749,68.44484979133847,0.7611309178343421,0.0,69.2059807091728,0.0,0.0,DeepLabV3+_Xception65_ADE20K,C:\Users\pandya\OneDrive - UCL\Field experiment raw data\Complete Participantwise data\Final Data\ucm\P9\WalkG\ucm\CamUp\cam_20250806_113547.jpg,C:\Users\pandya\Documents\Github\docker\Paper3_Analysis\output\SVF Output\P9\WalkG\CamUp_SVF\cam_20250806_113547_svf.jpg,True,50.81410051,4.37341945,,,,,,,,,,,,,,,
P9,WalkG,cam_20250806_113548.jpg,2025-08-06 11:35:48,CamUp,neginja_MSE_SkyViewFactor_reference_table,"24,25,25,26,26,27,27,29,29,32,32,36,36,40,41,43,44",9d4c5f0c12889fb034103b01efa54b21690d648acad08c427f81fc6d33241e03,b677f291bd6311850d8cb19c1c51cfff76b3a1e2deece82b67687ca72a30d9f8,REFERENCE_OR_CUSTOM_TABLE_NOT_MARKED_LENS_VERIFIED,542.0,240.0,240.0,True,Holmer_1992_Annular,120,None_MSE_Method_Assumed_Zenith,28.662631622585195,0.31933,64.99958544067657,4.270513777188182,0.0,69.27009921786475,0.0,0.0,DeepLabV3+_Xception65_ADE20K,C:\Users\pandya\OneDrive - UCL\Field experiment raw data\Complete Participantwise data\Final Data\ucm\P9\WalkG\ucm\CamUp\cam_20250806_113548.jpg,C:\Users\pandya\Documents\Github\docker\Paper3_Analysis\output\SVF Output\P9\WalkG\CamUp_SVF\cam_20250806_113548_svf.jpg,True,50.81410051,4.37341945,,,,,,,,,,,,,,,
P9,WalkG,cam_20250806_113549.jpg,2025-08-06 11:35:49,CamUp,neginja_MSE_SkyViewFactor_reference_table,"24,25,25,26,26,27,27,29,29,32,32,36,36,40,41,43,44",9d4c5f0c12889fb034103b01efa54b21690d648acad08c427f81fc6d33241e03,b677f291bd6311850d8cb19c1c51cfff76b3a1e2deece82b67687ca72a30d9f8,REFERENCE_OR_CUSTOM_TABLE_NOT_MARKED_LENS_VERIFIED,542.0,240.0,240.0,True,Holmer_1992_Annular,120,None_MSE_Method_Assumed_Zenith,29.981483016886383,0.318326,60.27360915346986,3.396622723378382,0.0,63.67023187684825,0.0,0.2288367465384296,DeepLabV3+_Xception65_ADE20K,C:\Users\pandya\OneDrive - UCL\Field experiment raw data\Complete Participantwise data\Final Data\ucm\P9\WalkG\ucm\CamUp\cam_20250806_113549.jpg,C:\Users\pandya\Documents\Github\docker\Paper3_Analysis\output\SVF Output\P9\WalkG\CamUp_SVF\cam_20250806_113549_svf.jpg,True,50.81409893,4.37338294,,,,,,,,,,,,,,,
P9,WalkG,cam_20250806_113550.jpg,2025-08-06 11:35:50,CamUp,neginja_MSE_SkyViewFactor_reference_table,"24,25,25,26,26,27,27,29,29,32,32,36,36,40,41,43,44",9d4c5f0c12889fb034103b01efa54b21690d648acad08c427f81fc6d33241e03,b677f291bd6311850d8cb19c1c51cfff76b3a1e2deece82b67687ca72a30d9f8,REFERENCE_OR_CUSTOM_TABLE_NOT_MARKED_LENS_VERIFIED,542.0,240.0,240.0,True,Holmer_1992_Annular,120,None_MSE_Method_Assumed_Zenith,26.318989580742336,0.335214,67.88768206063621,0.1962247464278805,0.0,68.0839068070641,0.0,0.0,DeepLabV3+_Xception65_ADE20K,C:\Users\pandya\OneDrive - UCL\Field experiment raw data\Complete Participantwise data\Final Data\ucm\P9\WalkG\ucm\CamUp\cam_20250806_113550.jpg,C:\Users\pandya\Documents\Github\docker\Paper3_Analysis\output\SVF Output\P9\WalkG\CamUp_SVF\cam_20250806_113550_svf.jpg,True,50.81409893,4.37338294,,,,,,,,,,,,,,,
P9,WalkG,cam_20250806_113551.jpg,2025-08-06 11:35:51,CamUp,neginja_MSE_SkyViewFactor_reference_table,"24,25,25,26,26,27,27,29,29,32,32,36,36,40,41,43,44",9d4c5f0c12889fb034103b01efa54b21690d648acad08c427f81fc6d33241e03,b677f291bd6311850d8cb19c1c51cfff76b3a1e2deece82b67687ca72a30d9f8,REFERENCE_OR_CUSTOM_TABLE_NOT_MARKED_LENS_VERIFIED,542.0,240.0,240.0,True,Holmer_1992_Annular,120,None_MSE_Method_Assumed_Zenith,24.21358096343587,0.315167,70.43749827266949,0.0,0.0,70.43749827266949,0.0,0.0132658983500538,DeepLabV3+_Xception65_ADE20K,C:\Users\pandya\OneDrive - UCL\Field experiment raw data\Complete Participantwise data\Final Data\ucm\P9\WalkG\ucm\CamUp\cam_20250806_113551.jpg,C:\Users\pandya\Documents\Github\docker\Paper3_Analysis\output\SVF Output\P9\WalkG\CamUp_SVF\cam_20250806_113551_svf.jpg,True,50.81409625,4.37334649,,,,,,,,,,,,,,,
P9,WalkG,cam_20250806_113552.jpg,2025-08-06 11:35:52,CamUp,neginja_MSE_SkyViewFactor_reference_table,"24,25,25,26,26,27,27,29,29,32,32,36,36,40,41,43,44",9d4c5f0c12889fb034103b01efa54b21690d648acad08c427f81fc6d33241e03,b677f291bd6311850d8cb19c1c51cfff76b3a1e2deece82b67687ca72a30d9f8,REFERENCE_OR_CUSTOM_TABLE_NOT_MARKED_LENS_VERIFIED,542.0,240.0,240.0,True,Holmer_1992_Annular,120,None_MSE_Method_Assumed_Zenith,26.586518530801754,0.339261,66.03377276621617,3.0981400105021697,0.0,69.13191277671834,0.0,0.0176878644667385,DeepLabV3+_Xception65_ADE20K,C:\Users\pandya\OneDrive - UCL\Field experiment raw data\Complete Participantwise data\Final Data\ucm\P9\WalkG\ucm\CamUp\cam_20250806_113552.jpg,C:\Users\pandya\Documents\Github\docker\Paper3_Analysis\output\SVF Output\P9\WalkG\CamUp_SVF\cam_20250806_113552_svf.jpg,True,50.81409248,4.3733298,,,,,,,,,,,,,,,
P9,WalkG,cam_20250806_113553.jpg,2025-08-06 11:35:53,CamUp,neginja_MSE_SkyViewFactor_reference_table,"24,25,25,26,26,27,27,29,29,32,32,36,36,40,41,43,44",9d4c5f0c12889fb034103b01efa54b21690d648acad08c427f81fc6d33241e03,b677f291bd6311850d8cb19c1c51cfff76b3a1e2deece82b67687ca72a30d9f8,REFERENCE_OR_CUSTOM_TABLE_NOT_MARKED_LENS_VERIFIED,542.0,240.0,240.0,True,Holmer_1992_Annular,120,None_MSE_Method_Assumed_Zenith,26.80043114169638,0.344127,62.63493905977946,6.176381173479259,0.0,68.81132023325873,0.0,0.0724096951607108,DeepLabV3+_Xception65_ADE20K,C:\Users\pandya\OneDrive - UCL\Field experiment raw data\Complete Participantwise data\Final Data\ucm\P9\WalkG\ucm\CamUp\cam_20250806_113553.jpg,C:\Users\pandya\Documents\Github\docker\Paper3_Analysis\output\SVF Output\P9\WalkG\CamUp_SVF\cam_20250806_113553_svf.jpg,True,50.81408797,4.37331077,,,,,,,,,,,,,,,
P9,WalkG,cam_20250806_113554.jpg,2025-08-06 11:35:54,CamUp,neginja_MSE_SkyViewFactor_reference_table,"24,25,25,26,26,27,27,29,29,32,32,36,36,40,41,43,44",9d4c5f0c12889fb034103b01efa54b21690d648acad08c427f81fc6d33241e03,b677f291bd6311850d8cb19c1c51cfff76b3a1e2deece82b67687ca72a30d9f8,REFERENCE_OR_CUSTOM_TABLE_NOT_MARKED_LENS_VERIFIED,542.0,240.0,240.0,True,Holmer_1992_Annular,120,None_MSE_Method_Assumed_Zenith,33.64342370726584,0.374697,59.81648840615759,0.3449133571014012,0.0,60.16140176325899,0.0,0.1044689495066744,DeepLabV3+_Xception65_ADE20K,C:\Users\pandya\OneDrive - UCL\Field experiment raw data\Complete Participantwise data\Final Data\ucm\P9\WalkG\ucm\CamUp\cam_20250806_113554.jpg,C:\Users\pandya\Documents\Github\docker\Paper3_Analysis\output\SVF Output\P9\WalkG\CamUp_SVF\cam_20250806_113554_svf.jpg,True,50.81408797,4.37331077,,,,,,,,,,,,,,,
P9,WalkG,cam_20250806_113555.jpg,2025-08-06 11:35:55,CamUp,neginja_MSE_SkyViewFactor_reference_table,"24,25,25,26,26,27,27,29,29,32,32,36,36,40,41,43,44",9d4c5f0c12889fb034103b01efa54b21690d648acad08c427f81fc6d33241e03,b677f291bd6311850d8cb19c1c51cfff76b3a1e2deece82b67687ca72a30d9f8,REFERENCE_OR_CUSTOM_TABLE_NOT_MARKED_LENS_VERIFIED,542.0,240.0,240.0,True,Holmer_1992_Annular,120,None_MSE_Method_Assumed_Zenith,28.350883011358924,0.335565,62.37349031313048,1.4808059033247658,0.0,63.85429621645524,0.0,0.2061741701904209,DeepLabV3+_Xception65_ADE20K,C:\Users\pandya\OneDrive - UCL\Field experiment raw data\Complete Participantwise data\Final Data\ucm\P9\WalkG\ucm\CamUp\cam_20250806_113555.jpg,C:\Users\pandya\Documents\Github\docker\Paper3_Analysis\output\SVF Output\P9\WalkG\CamUp_SVF\cam_20250806_113555_svf.jpg,True,50.8140841,4.3732713,,,,,,,,,,,,,,,
P9,WalkG,cam_20250806_113556.jpg,2025-08-06 11:35:56,CamUp,neginja_MSE_SkyViewFactor_reference_table,"24,25,25,26,26,27,27,29,29,32,32,36,36,40,41,43,44",9d4c5f0c12889fb034103b01efa54b21690d648acad08c427f81fc6d33241e03,b677f291bd6311850d8cb19c1c51cfff76b3a1e2deece82b67687ca72a30d9f8,REFERENCE_OR_CUSTOM_TABLE_NOT_MARKED_LENS_VERIFIED,542.0,240.0,240.0,True,Holmer_1992_Annular,120,None_MSE_Method_Assumed_Zenith,23.70063289390045,0.313955,73.20233258712655,0.3847110521515628,0.0,73.58704363927811,0.0,1.2619185805488766,DeepLabV3+_Xception65_ADE20K,C:\Users\pandya\OneDrive - UCL\Field experiment raw data\Complete Participantwise data\Final Data\ucm\P9\WalkG\ucm\CamUp\cam_20250806_113556.jpg,C:\Users\pandya\Documents\Github\docker\Paper3_Analysis\output\SVF Output\P9\WalkG\CamUp_SVF\cam_20250806_113556_svf.jpg,True,50.8140841,4.3732713,,,,,,,,,,,,,,,
P9,WalkG,cam_20250806_113557.jpg,2025-08-06 11:35:57,CamUp,neginja_MSE_SkyViewFactor_reference_table,"24,25,25,26,26,27,27,29,29,32,32,36,36,40,41,43,44",9d4c5f0c12889fb034103b01efa54b21690d648acad08c427f81fc6d33241e03,b677f291bd6311850d8cb19c1c51cfff76b3a1e2deece82b67687ca72a30d9f8,REFERENCE_OR_CUSTOM_TABLE_NOT_MARKED_LENS_VERIFIED,542.0,240.0,240.0,True,Holmer_1992_Annular,120,None_MSE_Method_Assumed_Zenith,18.57336318160462,0.273147,79.31348976038471,0.0,0.0,79.31348976038471,0.0,0.3388331536909598,DeepLabV3+_Xception65_ADE20K,C:\Users\pandya\OneDrive - UCL\Field experiment raw data\Complete Participantwise data\Final Data\ucm\P9\WalkG\ucm\CamUp\cam_20250806_113557.jpg,C:\Users\pandya\Documents\Github\docker\Paper3_Analysis\output\SVF Output\P9\WalkG\CamUp_SVF\cam_20250806_113557_svf.jpg,True,50.81408068,4.37323346,,,,,,,,,,,,,,,
P9,WalkG,cam_20250806_113558.jpg,2025-08-06 11:35:58,CamUp,neginja_MSE_SkyViewFactor_reference_table,"24,25,25,26,26,27,27,29,29,32,32,36,36,40,41,43,44",9d4c5f0c12889fb034103b01efa54b21690d648acad08c427f81fc6d33241e03,b677f291bd6311850d8cb19c1c51cfff76b3a1e2deece82b67687ca72a30d9f8,REFERENCE_OR_CUSTOM_TABLE_NOT_MARKED_LENS_VERIFIED,542.0,240.0,240.0,True,Holmer_1992_Annular,120,None_MSE_Method_Assumed_Zenith,22.54760522897493,0.274484,74.32772296382278,0.4012934250891302,0.0,74.72901638891192,0.0,0.0005527457645855,DeepLabV3+_Xception65_ADE20K,C:\Users\pandya\OneDrive - UCL\Field experiment raw data\Complete Participantwise data\Final Data\ucm\P9\WalkG\ucm\CamUp\cam_20250806_113558.jpg,C:\Users\pandya\Documents\Github\docker\Paper3_Analysis\output\SVF Output\P9\WalkG\CamUp_SVF\cam_20250806_113558_svf.jpg,True,50.8140802,4.37321811,,,,,,,,,,,,,,,
P9,WalkG,cam_20250806_113559.jpg,2025-08-06 11:35:59,CamUp,neginja_MSE_SkyViewFactor_reference_table,"24,25,25,26,26,27,27,29,29,32,32,36,36,40,41,43,44",9d4c5f0c12889fb034103b01efa54b21690d648acad08c427f81fc6d33241e03,b677f291bd6311850d8cb19c1c51cfff76b3a1e2deece82b67687ca72a30d9f8,REFERENCE_OR_CUSTOM_TABLE_NOT_MARKED_LENS_VERIFIED,542.0,240.0,240.0,True,Holmer_1992_Annular,120,None_MSE_Method_Assumed_Zenith,21.467540004974712,0.257955,76.55749937816103,0.406820882734986,0.0,76.96432026089602,0.0,0.0066329491750269,DeepLabV3+_Xception65_ADE20K,C:\Users\pandya\OneDrive - UCL\Field experiment raw data\Complete Participantwise data\Final Data\ucm\P9\WalkG\ucm\CamUp\cam_20250806_113559.jpg,C:\Users\pandya\Documents\Github\docker\Paper3_Analysis\output\SVF Output\P9\WalkG\CamUp_SVF\cam_20250806_113559_svf.jpg,True,50.8140802,4.37321811,,,,,,,,,,,,,,,
P9,WalkG,cam_20250806_113600.jpg,2025-08-06 11:36:00,CamUp,neginja_MSE_SkyViewFactor_reference_table,"24,25,25,26,26,27,27,29,29,32,32,36,36,40,41,43,44",9d4c5f0c12889fb034103b01efa54b21690d648acad08c427f81fc6d33241e03,b677f291bd6311850d8cb19c1c51cfff76b3a1e2deece82b67687ca72a30d9f8,REFERENCE_OR_CUSTOM_TABLE_NOT_MARKED_LENS_VERIFIED,542.0,240.0,240.0,True,Holmer_1992_Annular,120,None_MSE_Method_Assumed_Zenith,18.073681010419257,0.224646,78.47331619821463,1.729541497388276,0.0,80.20285769560292,0.0,0.2863223060553298,DeepLabV3+_Xception65_ADE20K,C:\Users\pandya\OneDrive - UCL\Field experiment raw data\Complete Participantwise data\Final Data\ucm\P9\WalkG\ucm\CamUp\cam_20250806_113600.jpg,C:\Users\pandya\Documents\Github\docker\Paper3_Analysis\output\SVF Output\P9\WalkG\CamUp_SVF\cam_20250806_113600_svf.jpg,True,50.81407398,4.37320003,,,,,,,,,,,,,,,
P9,WalkG,cam_20250806_113601.jpg,2025-08-06 11:36:01,CamUp,neginja_MSE_SkyViewFactor_reference_table,"24,25,25,26,26,27,27,29,29,32,32,36,36,40,41,43,44",9d4c5f0c12889fb034103b01efa54b21690d648acad08c427f81fc6d33241e03,b677f291bd6311850d8cb19c1c51cfff76b3a1e2deece82b67687ca72a30d9f8,REFERENCE_OR_CUSTOM_TABLE_NOT_MARKED_LENS_VERIFIED,542.0,240.0,240.0,True,Holmer_1992_Annular,120,None_MSE_Method_Assumed_Zenith,14.630627642815686,0.195187,76.93613022690214,1.485780615206036,0.0,78.42191084210818,0.0,2.269021363623801,DeepLabV3+_Xception65_ADE20K,C:\Users\pandya\OneDrive - UCL\Field experiment raw data\Complete Participantwise data\Final Data\ucm\P9\WalkG\ucm\CamUp\cam_20250806_113601.jpg,C:\Users\pandya\Documents\Github\docker\Paper3_Analysis\output\SVF Output\P9\WalkG\CamUp_SVF\cam_20250806_113601_svf.jpg,True,50.81406552,4.37316658,,,,,,,,,,,,,,,
P9,WalkG,cam_20250806_113602.jpg,2025-08-06 11:36:02,CamUp,neginja_MSE_SkyViewFactor_reference_table,"24,25,25,26,26,27,27,29,29,32,32,36,36,40,41,43,44",9d4c5f0c12889fb034103b01efa54b21690d648acad08c427f81fc6d33241e03,b677f291bd6311850d8cb19c1c51cfff76b3a1e2deece82b67687ca72a30d9f8,REFERENCE_OR_CUSTOM_TABLE_NOT_MARKED_LENS_VERIFIED,542.0,240.0,240.0,True,Holmer_1992_Annular,120,None_MSE_Method_Assumed_Zenith,12.880634552137742,0.162958,74.58309150706133,2.594035873200122,0.0,77.17712738026145,0.0,1.6687394632838626,DeepLabV3+_Xception65_ADE20K,C:\Users\pandya\OneDrive - UCL\Field experiment raw data\Complete Participantwise data\Final Data\ucm\P9\WalkG\ucm\CamUp\cam_20250806_113602.jpg,C:\Users\pandya\Documents\Github\docker\Paper3_Analysis\output\SVF Output\P9\WalkG\CamUp_SVF\cam_20250806_113602_svf.jpg,True,50.81406552,4.37316658,,,,,,,,,,,,,,,
P9,WalkG,cam_20250806_113603.jpg,2025-08-06 11:36:03,CamUp,neginja_MSE_SkyViewFactor_reference_table,"24,25,25,26,26,27,27,29,29,32,32,36,36,40,41,43,44",9d4c5f0c12889fb034103b01efa54b21690d648acad08c427f81fc6d33241e03,b677f291bd6311850d8cb19c1c51cfff76b3a1e2deece82b67687ca72a30d9f8,REFERENCE_OR_CUSTOM_TABLE_NOT_MARKED_LENS_VERIFIED,542.0,240.0,240.0,True,Holmer_1992_Annular,120,None_MSE_Method_Assumed_Zenith,13.4112704861399,0.156049,79.59539010032336,0.987203935549844,0.0,80.5825940358732,0.0,0.8175109858220712,DeepLabV3+_Xception65_ADE20K,C:\Users\pandya\OneDrive - UCL\Field experiment raw data\Complete Participantwise data\Final Data\ucm\P9\WalkG\ucm\CamUp\cam_20250806_113603.jpg,C:\Users\pandya\Documents\Github\docker\Paper3_Analysis\output\SVF Output\P9\WalkG\CamUp_SVF\cam_20250806_113603_svf.jpg,True,50.81406047,4.37312549,,,,,,,,,,,,,,,
P9,WalkG,cam_20250806_113604.jpg,2025-08-06 11:36:04,CamUp,neginja_MSE_SkyViewFactor_reference_table,"24,25,25,26,26,27,27,29,29,32,32,36,36,40,41,43,44",9d4c5f0c12889fb034103b01efa54b21690d648acad08c427f81fc6d33241e03,b677f291bd6311850d8cb19c1c51cfff76b3a1e2deece82b67687ca72a30d9f8,REFERENCE_OR_CUSTOM_TABLE_NOT_MARKED_LENS_VERIFIED,542.0,240.0,240.0,True,Holmer_1992_Annular,120,None_MSE_Method_Assumed_Zenith,15.947268054058537,0.158596,74.57424757482795,0.1674819666694303,0.0,74.74172954149738,0.0,0.4980239338916065,DeepLabV3+_Xception65_ADE20K,C:\Users\pandya\OneDrive - UCL\Field experiment raw data\Complete Participantwise data\Final Data\ucm\P9\WalkG\ucm\CamUp\cam_20250806_113604.jpg,C:\Users\pandya\Documents\Github\docker\Paper3_Analysis\output\SVF Output\P9\WalkG\CamUp_SVF\cam_20250806_113604_svf.jpg,True,50.81406047,4.37312549,,,,,,,,,,,,,,,
P9,WalkG,cam_20250806_113605.jpg,2025-08-06 11:36:05,CamUp,neginja_MSE_SkyViewFactor_reference_table,"24,25,25,26,26,27,27,29,29,32,32,36,36,40,41,43,44",9d4c5f0c12889fb034103b01efa54b21690d648acad08c427f81fc6d33241e03,b677f291bd6311850d8cb19c1c51cfff76b3a1e2deece82b67687ca72a30d9f8,REFERENCE_OR_CUSTOM_TABLE_NOT_MARKED_LENS_VERIFIED,542.0,240.0,240.0,True,Holmer_1992_Annular,120,None_MSE_Method_Assumed_Zenith,19.384241218251667,0.184734,66.87118259956333,1.867727938534671,0.0,68.738910538098,0.0,0.014371389879225,DeepLabV3+_Xception65_ADE20K,C:\Users\pandya\OneDrive - UCL\Field experiment raw data\Complete Participantwise data\Final Data\ucm\P9\WalkG\ucm\CamUp\cam_20250806_113605.jpg,C:\Users\pandya\Documents\Github\docker\Paper3_Analysis\output\SVF Output\P9\WalkG\CamUp_SVF\cam_20250806_113605_svf.jpg,True,50.81405684,4.37308768,,,,,,,,,,,,,,,
P9,WalkG,cam_20250806_113606.jpg,2025-08-06 11:36:06,CamUp,neginja_MSE_SkyViewFactor_reference_table,"24,25,25,26,26,27,27,29,29,32,32,36,36,40,41,43,44",9d4c5f0c12889fb034103b01efa54b21690d648acad08c427f81fc6d33241e03,b677f291bd6311850d8cb19c1c51cfff76b3a1e2deece82b67687ca72a30d9f8,REFERENCE_OR_CUSTOM_TABLE_NOT_MARKED_LENS_VERIFIED,542.0,240.0,240.0,True,Holmer_1992_Annular,120,None_MSE_Method_Assumed_Zenith,21.927424481109917,0.215485,59.747947931348975,1.7085371583340243,0.0,61.456485089683,0.0,0.2050686786612497,DeepLabV3+_Xception65_ADE20K,C:\Users\pandya\OneDrive - UCL\Field experiment raw data\Complete Participantwise data\Final Data\ucm\P9\WalkG\ucm\CamUp\cam_20250806_113606.jpg,C:\Users\pandya\Documents\Github\docker\Paper3_Analysis\output\SVF Output\P9\WalkG\CamUp_SVF\cam_20250806_113606_svf.jpg,True,50.81405684,4.37308768,,,,,,,,,,,,,,,
P9,WalkG,cam_20250806_113607.jpg,2025-08-06 11:36:07,CamUp,neginja_MSE_SkyViewFactor_reference_table,"24,25,25,26,26,27,27,29,29,32,32,36,36,40,41,43,44",9d4c5f0c12889fb034103b01efa54b21690d648acad08c427f81fc6d33241e03,b677f291bd6311850d8cb19c1c51cfff76b3a1e2deece82b67687ca72a30d9f8,REFERENCE_OR_CUSTOM_TABLE_NOT_MARKED_LENS_VERIFIED,542.0,240.0,240.0,True,Holmer_1992_Annular,120,None_MSE_Method_Assumed_Zenith,30.634828510626537,0.261012,47.52121161871597,1.6140176325898905,0.0,49.13522925130586,0.0,0.5698808832877318,DeepLabV3+_Xception65_ADE20K,C:\Users\pandya\OneDrive - UCL\Field experiment raw data\Complete Participantwise data\Final Data\ucm\P9\WalkG\ucm\CamUp\cam_20250806_113607.jpg,C:\Users\pandya\Documents\Github\docker\Paper3_Analysis\output\SVF Output\P9\WalkG\CamUp_SVF\cam_20250806_113607_svf.jpg,True,50.81404548,4.37305053,,,,,,,,,,,,,,,
P9,WalkG,cam_20250806_113608.jpg,2025-08-06 11:36:08,CamUp,neginja_MSE_SkyViewFactor_reference_table,"24,25,25,26,26,27,27,29,29,32,32,36,36,40,41,43,44",9d4c5f0c12889fb034103b01efa54b21690d648acad08c427f81fc6d33241e03,b677f291bd6311850d8cb19c1c51cfff76b3a1e2deece82b67687ca72a30d9f8,REFERENCE_OR_CUSTOM_TABLE_NOT_MARKED_LENS_VERIFIED,542.0,240.0,240.0,True,Holmer_1992_Annular,120,None_MSE_Method_Assumed_Zenith,36.491169886410745,0.322618,41.18785064809441,0.3277782383992482,0.0,41.51562888649366,0.0,0.8562031893430617,DeepLabV3+_Xception65_ADE20K,C:\Users\pandya\OneDrive - UCL\Field experiment raw data\Complete Participantwise data\Final Data\ucm\P9\WalkG\ucm\CamUp\cam_20250806_113608.jpg,C:\Users\pandya\Documents\Github\docker\Paper3_Analysis\output\SVF Output\P9\WalkG\CamUp_SVF\cam_20250806_113608_svf.jpg,True,50.81404548,4.37305053,,,,,,,,,,,,,,,
P9,WalkG,cam_20250806_113609.jpg,2025-08-06 11:36:09,CamUp,neginja_MSE_SkyViewFactor_reference_table,"24,25,25,26,26,27,27,29,29,32,32,36,36,40,41,43,44",9d4c5f0c12889fb034103b01efa54b21690d648acad08c427f81fc6d33241e03,b677f291bd6311850d8cb19c1c51cfff76b3a1e2deece82b67687ca72a30d9f8,REFERENCE_OR_CUSTOM_TABLE_NOT_MARKED_LENS_VERIFIED,542.0,240.0,240.0,True,Holmer_1992_Annular,120,None_MSE_Method_Assumed_Zenith,45.84860293508001,0.404835,28.81795318243374,0.3764198656827792,0.0,29.19437304811652,0.0,0.2553685432385374,DeepLabV3+_Xception65_ADE20K,C:\Users\pandya\OneDrive - UCL\Field experiment raw data\Complete Participantwise data\Final Data\ucm\P9\WalkG\ucm\CamUp\cam_20250806_113609.jpg,C:\Users\pandya\Documents\Github\docker\Paper3_Analysis\output\SVF Output\P9\WalkG\CamUp_SVF\cam_20250806_113609_svf.jpg,True,50.81404347,4.37301282,,,,,,,,,,,,,,,
P9,WalkG,cam_20250806_113610.jpg,2025-08-06 11:36:10,CamUp,neginja_MSE_SkyViewFactor_reference_table,"24,25,25,26,26,27,27,29,29,32,32,36,36,40,41,43,44",9d4c5f0c12889fb034103b01efa54b21690d648acad08c427f81fc6d33241e03,b677f291bd6311850d8cb19c1c51cfff76b3a1e2deece82b67687ca72a30d9f8,REFERENCE_OR_CUSTOM_TABLE_NOT_MARKED_LENS_VERIFIED,542.0,240.0,240.0,True,Holmer_1992_Annular,120,None_MSE_Method_Assumed_Zenith,44.9023021861095,0.434657,25.961915816820053,0.0,0.0,25.961915816820053,0.0254263051709366,1.0203686814249786,DeepLabV3+_Xception65_ADE20K,C:\Users\pandya\OneDrive - UCL\Field experiment raw data\Complete Participantwise data\Final Data\ucm\P9\WalkG\ucm\CamUp\cam_20250806_113610.jpg,C:\Users\pandya\Documents\Github\docker\Paper3_Analysis\output\SVF Output\P9\WalkG\CamUp_SVF\cam_20250806_113610_svf.jpg,True,50.81404347,4.37301282,,,,,,,,,,,,,,,
P9,WalkG,cam_20250806_113611.jpg,2025-08-06 11:36:11,CamUp,neginja_MSE_SkyViewFactor_reference_table,"24,25,25,26,26,27,27,29,29,32,32,36,36,40,41,43,44",9d4c5f0c12889fb034103b01efa54b21690d648acad08c427f81fc6d33241e03,b677f291bd6311850d8cb19c1c51cfff76b3a1e2deece82b67687ca72a30d9f8,REFERENCE_OR_CUSTOM_TABLE_NOT_MARKED_LENS_VERIFIED,542.0,240.0,240.0,True,Holmer_1992_Annular,120,None_MSE_Method_Assumed_Zenith,48.0949617223558,0.510672,19.569411049387835,1.0225796644833207,0.0,20.591990713871155,0.0,0.6450543072713705,DeepLabV3+_Xception65_ADE20K,C:\Users\pandya\OneDrive - UCL\Field experiment raw data\Complete Participantwise data\Final Data\ucm\P9\WalkG\ucm\CamUp\cam_20250806_113611.jpg,C:\Users\pandya\Documents\Github\docker\Paper3_Analysis\output\SVF Output\P9\WalkG\CamUp_SVF\cam_20250806_113611_svf.jpg,True,50.81403931,4.37297548,,,,,,,,,,,,,,,
P9,WalkG,cam_20250806_113612.jpg,2025-08-06 11:36:12,CamUp,neginja_MSE_SkyViewFactor_reference_table,"24,25,25,26,26,27,27,29,29,32,32,36,36,40,41,43,44",9d4c5f0c12889fb034103b01efa54b21690d648acad08c427f81fc6d33241e03,b677f291bd6311850d8cb19c1c51cfff76b3a1e2deece82b67687ca72a30d9f8,REFERENCE_OR_CUSTOM_TABLE_NOT_MARKED_LENS_VERIFIED,542.0,240.0,240.0,True,Holmer_1992_Annular,120,None_MSE_Method_Assumed_Zenith,54.965038830389965,0.616243,9.247436641516735,0.0574855595169002,0.0,9.304922201033635,0.0,0.0276372882292789,DeepLabV3+_Xception65_ADE20K,C:\Users\pandya\OneDrive - UCL\Field experiment raw data\Complete Participantwise data\Final Data\ucm\P9\WalkG\ucm\CamUp\cam_20250806_113612.jpg,C:\Users\pandya\Documents\Github\docker\Paper3_Analysis\output\SVF Output\P9\WalkG\CamUp_SVF\cam_20250806_113612_svf.jpg,True,50.81403931,4.37297548,,,,,,,,,,,,,,,
P9,WalkG,cam_20250806_113613.jpg,2025-08-06 11:36:13,CamUp,neginja_MSE_SkyViewFactor_reference_table,"24,25,25,26,26,27,27,29,29,32,32,36,36,40,41,43,44",9d4c5f0c12889fb034103b01efa54b21690d648acad08c427f81fc6d33241e03,b677f291bd6311850d8cb19c1c51cfff76b3a1e2deece82b67687ca72a30d9f8,REFERENCE_OR_CUSTOM_TABLE_NOT_MARKED_LENS_VERIFIED,542.0,240.0,240.0,True,Holmer_1992_Annular,120,None_MSE_Method_Assumed_Zenith,56.8532183622143,0.669134,6.704806124423072,0.0027637288229278,0.0,6.707569853246,0.0453251526960174,0.1238150512671696,DeepLabV3+_Xception65_ADE20K,C:\Users\pandya\OneDrive - UCL\Field experiment raw data\Complete Participantwise data\Final Data\ucm\P9\WalkG\ucm\CamUp\cam_20250806_113613.jpg,C:\Users\pandya\Documents\Github\docker\Paper3_Analysis\output\SVF Output\P9\WalkG\CamUp_SVF\cam_20250806_113613_svf.jpg,True,50.81403318,4.37293941,,,,,,,,,,,,,,,
P9,WalkG,cam_20250806_113614.jpg,2025-08-06 11:36:14,CamUp,neginja_MSE_SkyViewFactor_reference_table,"24,25,25,26,26,27,27,29,29,32,32,36,36,40,41,43,44",9d4c5f0c12889fb034103b01efa54b21690d648acad08c427f81fc6d33241e03,b677f291bd6311850d8cb19c1c51cfff76b3a1e2deece82b67687ca72a30d9f8,REFERENCE_OR_CUSTOM_TABLE_NOT_MARKED_LENS_VERIFIED,542.0,240.0,240.0,True,Holmer_1992_Annular,120,None_MSE_Method_Assumed_Zenith,53.69704004643064,0.669102,5.340076831661277,0.0,0.0,5.340076831661277,0.0,0.0453251526960174,DeepLabV3+_Xception65_ADE20K,C:\Users\pandya\OneDrive - UCL\Field experiment raw data\Complete Participantwise data\Final Data\ucm\P9\WalkG\ucm\CamUp\cam_20250806_113614.jpg,C:\Users\pandya\Documents\Github\docker\Paper3_Analysis\output\SVF Output\P9\WalkG\CamUp_SVF\cam_20250806_113614_svf.jpg,True,50.81402881,4.37292205,,,,,,,,,,,,,,,
P9,WalkG,cam_20250806_113615.jpg,2025-08-06 11:36:15,CamUp,neginja_MSE_SkyViewFactor_reference_table,"24,25,25,26,26,27,27,29,29,32,32,36,36,40,41,43,44",9d4c5f0c12889fb034103b01efa54b21690d648acad08c427f81fc6d33241e03,b677f291bd6311850d8cb19c1c51cfff76b3a1e2deece82b67687ca72a30d9f8,REFERENCE_OR_CUSTOM_TABLE_NOT_MARKED_LENS_VERIFIED,542.0,240.0,240.0,True,Holmer_1992_Annular,120,None_MSE_Method_Assumed_Zenith,49.023574606859576,0.644873,1.1027278003482297,0.0016582372937567,0.0,1.1043860376419865,0.0,0.0022109830583423,DeepLabV3+_Xception65_ADE20K,C:\Users\pandya\OneDrive - UCL\Field experiment raw data\Complete Participantwise data\Final Data\ucm\P9\WalkG\ucm\CamUp\cam_20250806_113615.jpg,C:\Users\pandya\Documents\Github\docker\Paper3_Analysis\output\SVF Output\P9\WalkG\CamUp_SVF\cam_20250806_113615_svf.jpg,True,50.81402881,4.37292205,,,,,,,,,,,,,,,
P9,WalkG,cam_20250806_113616.jpg,2025-08-06 11:36:16,CamUp,neginja_MSE_SkyViewFactor_reference_table,"24,25,25,26,26,27,27,29,29,32,32,36,36,40,41,43,44",9d4c5f0c12889fb034103b01efa54b21690d648acad08c427f81fc6d33241e03,b677f291bd6311850d8cb19c1c51cfff76b3a1e2deece82b67687ca72a30d9f8,REFERENCE_OR_CUSTOM_TABLE_NOT_MARKED_LENS_VERIFIED,542.0,240.0,240.0,True,Holmer_1992_Annular,120,None_MSE_Method_Assumed_Zenith,59.29801287897632,0.707616,2.202691871873532,0.0,0.0,2.202691871873532,0.0,0.1879335599590968,DeepLabV3+_Xception65_ADE20K,C:\Users\pandya\OneDrive - UCL\Field experiment raw data\Complete Participantwise data\Final Data\ucm\P9\WalkG\ucm\CamUp\cam_20250806_113616.jpg,C:\Users\pandya\Documents\Github\docker\Paper3_Analysis\output\SVF Output\P9\WalkG\CamUp_SVF\cam_20250806_113616_svf.jpg,True,50.81402292,4.37288458,,,,,,,,,,,,,,,
P9,WalkG,cam_20250806_113617.jpg,2025-08-06 11:36:17,CamUp,neginja_MSE_SkyViewFactor_reference_table,"24,25,25,26,26,27,27,29,29,32,32,36,36,40,41,43,44",9d4c5f0c12889fb034103b01efa54b21690d648acad08c427f81fc6d33241e03,b677f291bd6311850d8cb19c1c51cfff76b3a1e2deece82b67687ca72a30d9f8,REFERENCE_OR_CUSTOM_TABLE_NOT_MARKED_LENS_VERIFIED,542.0,240.0,240.0,True,Holmer_1992_Annular,120,None_MSE_Method_Assumed_Zenith,47.86280850122986,0.649436,4.638089710637592,0.0,0.0,4.638089710637592,0.0,0.0049747118812702,DeepLabV3+_Xception65_ADE20K,C:\Users\pandya\OneDrive - UCL\Field experiment raw data\Complete Participantwise data\Final Data\ucm\P9\WalkG\ucm\CamUp\cam_20250806_113617.jpg,C:\Users\pandya\Documents\Github\docker\Paper3_Analysis\output\SVF Output\P9\WalkG\CamUp_SVF\cam_20250806_113617_svf.jpg,True,50.81402292,4.37288458,,,,,,,,,,,,,,,
P9,WalkG,cam_20250806_113618.jpg,2025-08-06 11:36:18,CamUp,neginja_MSE_SkyViewFactor_reference_table,"24,25,25,26,26,27,27,29,29,32,32,36,36,40,41,43,44",9d4c5f0c12889fb034103b01efa54b21690d648acad08c427f81fc6d33241e03,b677f291bd6311850d8cb19c1c51cfff76b3a1e2deece82b67687ca72a30d9f8,REFERENCE_OR_CUSTOM_TABLE_NOT_MARKED_LENS_VERIFIED,542.0,240.0,240.0,True,Holmer_1992_Annular,120,None_MSE_Method_Assumed_Zenith,51.176519359920405,0.643953,13.723571843130753,0.0243208136417654,0.0,13.747892656772516,0.0,0.3532045435701849,DeepLabV3+_Xception65_ADE20K,C:\Users\pandya\OneDrive - UCL\Field experiment raw data\Complete Participantwise data\Final Data\ucm\P9\WalkG\ucm\CamUp\cam_20250806_113618.jpg,C:\Users\pandya\Documents\Github\docker\Paper3_Analysis\output\SVF Output\P9\WalkG\CamUp_SVF\cam_20250806_113618_svf.jpg,True,50.81401671,4.37284671,,,,,,,,,,,,,,,
P9,WalkG,cam_20250806_113619.jpg,2025-08-06 11:36:19,CamUp,neginja_MSE_SkyViewFactor_reference_table,"24,25,25,26,26,27,27,29,29,32,32,36,36,40,41,43,44",9d4c5f0c12889fb034103b01efa54b21690d648acad08c427f81fc6d33241e03,b677f291bd6311850d8cb19c1c51cfff76b3a1e2deece82b67687ca72a30d9f8,REFERENCE_OR_CUSTOM_TABLE_NOT_MARKED_LENS_VERIFIED,542.0,240.0,240.0,True,Holmer_1992_Annular,120,None_MSE_Method_Assumed_Zenith,47.02705690517647,0.598675,35.53878893402979,0.0,0.0,35.53878893402979,0.0,0.5505347815272366,DeepLabV3+_Xception65_ADE20K,C:\Users\pandya\OneDrive - UCL\Field experiment raw data\Complete Participantwise data\Final Data\ucm\P9\WalkG\ucm\CamUp\cam_20250806_113619.jpg,C:\Users\pandya\Documents\Github\docker\Paper3_Analysis\output\SVF Output\P9\WalkG\CamUp_SVF\cam_20250806_113619_svf.jpg,True,50.81401381,4.37282911,,,,,,,,,,,,,,,
P9,WalkG,cam_20250806_113620.jpg,2025-08-06 11:36:20,CamUp,neginja_MSE_SkyViewFactor_reference_table,"24,25,25,26,26,27,27,29,29,32,32,36,36,40,41,43,44",9d4c5f0c12889fb034103b01efa54b21690d648acad08c427f81fc6d33241e03,b677f291bd6311850d8cb19c1c51cfff76b3a1e2deece82b67687ca72a30d9f8,REFERENCE_OR_CUSTOM_TABLE_NOT_MARKED_LENS_VERIFIED,542.0,240.0,240.0,True,Holmer_1992_Annular,120,None_MSE_Method_Assumed_Zenith,43.798468894232094,0.585857,29.87590857585053,0.0497471188127021,0.0,29.92565569466324,0.0,0.2686344415885913,DeepLabV3+_Xception65_ADE20K,C:\Users\pandya\OneDrive - UCL\Field experiment raw data\Complete Participantwise data\Final Data\ucm\P9\WalkG\ucm\CamUp\cam_20250806_113620.jpg,C:\Users\pandya\Documents\Github\docker\Paper3_Analysis\output\SVF Output\P9\WalkG\CamUp_SVF\cam_20250806_113620_svf.jpg,True,50.81401151,4.3728106,,,,,,,,,,,,,,,
P9,WalkG,cam_20250806_113621.jpg,2025-08-06 11:36:21,CamUp,neginja_MSE_SkyViewFactor_reference_table,"24,25,25,26,26,27,27,29,29,32,32,36,36,40,41,43,44",9d4c5f0c12889fb034103b01efa54b21690d648acad08c427f81fc6d33241e03,b677f291bd6311850d8cb19c1c51cfff76b3a1e2deece82b67687ca72a30d9f8,REFERENCE_OR_CUSTOM_TABLE_NOT_MARKED_LENS_VERIFIED,542.0,240.0,240.0,True,Holmer_1992_Annular,120,None_MSE_Method_Assumed_Zenith,39.85628610120775,0.582904,14.655501202222036,0.5848050189315424,0.0,15.24030622115358,0.0,0.0757261697482243,DeepLabV3+_Xception65_ADE20K,C:\Users\pandya\OneDrive - UCL\Field experiment raw data\Complete Participantwise data\Final Data\ucm\P9\WalkG\ucm\CamUp\cam_20250806_113621.jpg,C:\Users\pandya\Documents\Github\docker\Paper3_Analysis\output\SVF Output\P9\WalkG\CamUp_SVF\cam_20250806_113621_svf.jpg,True,50.81401151,4.3728106,,,,,,,,,,,,,,,
P9,WalkG,cam_20250806_113622.jpg,2025-08-06 11:36:22,CamUp,neginja_MSE_SkyViewFactor_reference_table,"24,25,25,26,26,27,27,29,29,32,32,36,36,40,41,43,44",9d4c5f0c12889fb034103b01efa54b21690d648acad08c427f81fc6d33241e03,b677f291bd6311850d8cb19c1c51cfff76b3a1e2deece82b67687ca72a30d9f8,REFERENCE_OR_CUSTOM_TABLE_NOT_MARKED_LENS_VERIFIED,542.0,240.0,240.0,True,Holmer_1992_Annular,120,None_MSE_Method_Assumed_Zenith,38.52637979161484,0.550519,12.830334687560455,0.3023519332283116,0.0,13.13268662078877,0.0,0.217781831246718,DeepLabV3+_Xception65_ADE20K,C:\Users\pandya\OneDrive - UCL\Field experiment raw data\Complete Participantwise data\Final Data\ucm\P9\WalkG\ucm\CamUp\cam_20250806_113622.jpg,C:\Users\pandya\Documents\Github\docker\Paper3_Analysis\output\SVF Output\P9\WalkG\CamUp_SVF\cam_20250806_113622_svf.jpg,True,50.81400726,4.37277275,,,,,,,,,,,,,,,
P9,WalkG,cam_20250806_113623.jpg,2025-08-06 11:36:23,CamUp,neginja_MSE_SkyViewFactor_reference_table,"24,25,25,26,26,27,27,29,29,32,32,36,36,40,41,43,44",9d4c5f0c12889fb034103b01efa54b21690d648acad08c427f81fc6d33241e03,b677f291bd6311850d8cb19c1c51cfff76b3a1e2deece82b67687ca72a30d9f8,REFERENCE_OR_CUSTOM_TABLE_NOT_MARKED_LENS_VERIFIED,542.0,240.0,240.0,True,Holmer_1992_Annular,120,None_MSE_Method_Assumed_Zenith,42.227565431279885,0.549807,12.016140176325898,0.0447724069314318,0.0,12.06091258325733,0.0,0.2150181024237901,DeepLabV3+_Xception65_ADE20K,C:\Users\pandya\OneDrive - UCL\Field experiment raw data\Complete Participantwise data\Final Data\ucm\P9\WalkG\ucm\CamUp\cam_20250806_113623.jpg,C:\Users\pandya\Documents\Github\docker\Paper3_Analysis\output\SVF Output\P9\WalkG\CamUp_SVF\cam_20250806_113623_svf.jpg,True,50.81400412,4.37275452,,,,,,,,,,,,,,,
P9,WalkG,cam_20250806_113624.jpg,2025-08-06 11:36:24,CamUp,neginja_MSE_SkyViewFactor_reference_table,"24,25,25,26,26,27,27,29,29,32,32,36,36,40,41,43,44",9d4c5f0c12889fb034103b01efa54b21690d648acad08c427f81fc6d33241e03,b677f291bd6311850d8cb19c1c51cfff76b3a1e2deece82b67687ca72a30d9f8,REFERENCE_OR_CUSTOM_TABLE_NOT_MARKED_LENS_VERIFIED,542.0,240.0,240.0,True,Holmer_1992_Annular,120,None_MSE_Method_Assumed_Zenith,36.81065693834121,0.506261,13.993311776248516,0.0,0.0,13.993311776248516,0.0,1.143078241162977,DeepLabV3+_Xception65_ADE20K,C:\Users\pandya\OneDrive - UCL\Field experiment raw data\Complete Participantwise data\Final Data\ucm\P9\WalkG\ucm\CamUp\cam_20250806_113624.jpg,C:\Users\pandya\Documents\Github\docker\Paper3_Analysis\output\SVF Output\P9\WalkG\CamUp_SVF\cam_20250806_113624_svf.jpg,True,50.81400412,4.37275452,,,,,,,,,,,,,,,
P9,WalkG,cam_20250806_113625.jpg,2025-08-06 11:36:25,CamUp,neginja_MSE_SkyViewFactor_reference_table,"24,25,25,26,26,27,27,29,29,32,32,36,36,40,41,43,44",9d4c5f0c12889fb034103b01efa54b21690d648acad08c427f81fc6d33241e03,b677f291bd6311850d8cb19c1c51cfff76b3a1e2deece82b67687ca72a30d9f8,REFERENCE_OR_CUSTOM_TABLE_NOT_MARKED_LENS_VERIFIED,542.0,240.0,240.0,True,Holmer_1992_Annular,120,None_MSE_Method_Assumed_Zenith,36.66694303954896,0.508973,21.26910427548849,0.0,0.0,21.26910427548849,0.0,1.5250255644916122,DeepLabV3+_Xception65_ADE20K,C:\Users\pandya\OneDrive - UCL\Field experiment raw data\Complete Participantwise data\Final Data\ucm\P9\WalkG\ucm\CamUp\cam_20250806_113625.jpg,C:\Users\pandya\Documents\Github\docker\Paper3_Analysis\output\SVF Output\P9\WalkG\CamUp_SVF\cam_20250806_113625_svf.jpg,True,50.8139951,4.37272096,,,,,,,,,,,,,,,
P9,WalkG,cam_20250806_113626.jpg,2025-08-06 11:36:26,CamUp,neginja_MSE_SkyViewFactor_reference_table,"24,25,25,26,26,27,27,29,29,32,32,36,36,40,41,43,44",9d4c5f0c12889fb034103b01efa54b21690d648acad08c427f81fc6d33241e03,b677f291bd6311850d8cb19c1c51cfff76b3a1e2deece82b67687ca72a30d9f8,REFERENCE_OR_CUSTOM_TABLE_NOT_MARKED_LENS_VERIFIED,542.0,240.0,240.0,True,Holmer_1992_Annular,120,None_MSE_Method_Assumed_Zenith,36.488958903352405,0.520552,21.44045546251002,0.0,0.0,21.44045546251002,0.0,0.0491943730481165,DeepLabV3+_Xception65_ADE20K,C:\Users\pandya\OneDrive - UCL\Field experiment raw data\Complete Participantwise data\Final Data\ucm\P9\WalkG\ucm\CamUp\cam_20250806_113626.jpg,C:\Users\pandya\Documents\Github\docker\Paper3_Analysis\output\SVF Output\P9\WalkG\CamUp_SVF\cam_20250806_113626_svf.jpg,True,50.81399195,4.37270301,,,,,,,,,,,,,,,
P9,WalkG,cam_20250806_113627.jpg,2025-08-06 11:36:27,CamUp,neginja_MSE_SkyViewFactor_reference_table,"24,25,25,26,26,27,27,29,29,32,32,36,36,40,41,43,44",9d4c5f0c12889fb034103b01efa54b21690d648acad08c427f81fc6d33241e03,b677f291bd6311850d8cb19c1c51cfff76b3a1e2deece82b67687ca72a30d9f8,REFERENCE_OR_CUSTOM_TABLE_NOT_MARKED_LENS_VERIFIED,542.0,240.0,240.0,True,Holmer_1992_Annular,120,None_MSE_Method_Assumed_Zenith,33.69593455490148,0.481813,9.002570267805323,0.0,0.0,9.002570267805323,0.0,0.5416908492938673,DeepLabV3+_Xception65_ADE20K,C:\Users\pandya\OneDrive - UCL\Field experiment raw data\Complete Participantwise data\Final Data\ucm\P9\WalkG\ucm\CamUp\cam_20250806_113627.jpg,C:\Users\pandya\Documents\Github\docker\Paper3_Analysis\output\SVF Output\P9\WalkG\CamUp_SVF\cam_20250806_113627_svf.jpg,True,50.81399195,4.37270301,,,,,,,,,,,,,,,
P9,WalkG,cam_20250806_113628.jpg,2025-08-06 11:36:28,CamUp,neginja_MSE_SkyViewFactor_reference_table,"24,25,25,26,26,27,27,29,29,32,32,36,36,40,41,43,44",9d4c5f0c12889fb034103b01efa54b21690d648acad08c427f81fc6d33241e03,b677f291bd6311850d8cb19c1c51cfff76b3a1e2deece82b67687ca72a30d9f8,REFERENCE_OR_CUSTOM_TABLE_NOT_MARKED_LENS_VERIFIED,542.0,240.0,240.0,True,Holmer_1992_Annular,120,None_MSE_Method_Assumed_Zenith,37.86695409446425,0.510449,21.797529226432303,0.0,0.0,21.797529226432303,0.0,0.6997761379653429,DeepLabV3+_Xception65_ADE20K,C:\Users\pandya\OneDrive - UCL\Field experiment raw data\Complete Participantwise data\Final Data\ucm\P9\WalkG\ucm\CamUp\cam_20250806_113628.jpg,C:\Users\pandya\Documents\Github\docker\Paper3_Analysis\output\SVF Output\P9\WalkG\CamUp_SVF\cam_20250806_113628_svf.jpg,True,50.81398919,4.37268515,,,,,,,,,,,,,,,
P9,WalkG,cam_20250806_113629.jpg,2025-08-06 11:36:29,CamUp,neginja_MSE_SkyViewFactor_reference_table,"24,25,25,26,26,27,27,29,29,32,32,36,36,40,41,43,44",9d4c5f0c12889fb034103b01efa54b21690d648acad08c427f81fc6d33241e03,b677f291bd6311850d8cb19c1c51cfff76b3a1e2deece82b67687ca72a30d9f8,REFERENCE_OR_CUSTOM_TABLE_NOT_MARKED_LENS_VERIFIED,542.0,240.0,240.0,True,Holmer_1992_Annular,120,None_MSE_Method_Assumed_Zenith,37.02291131194208,0.485571,24.665726998866877,0.4250614929663101,0.0,25.090788491833184,0.0,0.0342702374043058,DeepLabV3+_Xception65_ADE20K,C:\Users\pandya\OneDrive - UCL\Field experiment raw data\Complete Participantwise data\Final Data\ucm\P9\WalkG\ucm\CamUp\cam_20250806_113629.jpg,C:\Users\pandya\Documents\Github\docker\Paper3_Analysis\output\SVF Output\P9\WalkG\CamUp_SVF\cam_20250806_113629_svf.jpg,True,50.81398423,4.37264845,,,,,,,,,,,,,,,
P9,WalkG,cam_20250806_113630.jpg,2025-08-06 11:36:30,CamUp,neginja_MSE_SkyViewFactor_reference_table,"24,25,25,26,26,27,27,29,29,32,32,36,36,40,41,43,44",9d4c5f0c12889fb034103b01efa54b21690d648acad08c427f81fc6d33241e03,b677f291bd6311850d8cb19c1c51cfff76b3a1e2deece82b67687ca72a30d9f8,REFERENCE_OR_CUSTOM_TABLE_NOT_MARKED_LENS_VERIFIED,542.0,240.0,240.0,True,Holmer_1992_Annular,120,None_MSE_Method_Assumed_Zenith,32.905508111544094,0.457204,43.02351933228312,0.0,0.0,43.02351933228312,0.0116076610562971,0.0033164745875134,DeepLabV3+_Xception65_ADE20K,C:\Users\pandya\OneDrive - UCL\Field experiment raw data\Complete Participantwise data\Final Data\ucm\P9\WalkG\ucm\CamUp\cam_20250806_113630.jpg,C:\Users\pandya\Documents\Github\docker\Paper3_Analysis\output\SVF Output\P9\WalkG\CamUp_SVF\cam_20250806_113630_svf.jpg,True,50.81398423,4.37264845,,,,,,,,,,,,,,,
P9,WalkG,cam_20250806_113631.jpg,2025-08-06 11:36:31,CamUp,neginja_MSE_SkyViewFactor_reference_table,"24,25,25,26,26,27,27,29,29,32,32,36,36,40,41,43,44",9d4c5f0c12889fb034103b01efa54b21690d648acad08c427f81fc6d33241e03,b677f291bd6311850d8cb19c1c51cfff76b3a1e2deece82b67687ca72a30d9f8,REFERENCE_OR_CUSTOM_TABLE_NOT_MARKED_LENS_VERIFIED,542.0,240.0,240.0,True,Holmer_1992_Annular,120,None_MSE_Method_Assumed_Zenith,37.458474974435504,0.513623,27.027056905176465,0.0,0.0,27.027056905176465,0.0,0.4858635270707238,DeepLabV3+_Xception65_ADE20K,C:\Users\pandya\OneDrive - UCL\Field experiment raw data\Complete Participantwise data\Final Data\ucm\P9\WalkG\ucm\CamUp\cam_20250806_113631.jpg,C:\Users\pandya\Documents\Github\docker\Paper3_Analysis\output\SVF Output\P9\WalkG\CamUp_SVF\cam_20250806_113631_svf.jpg,True,50.81398239,4.37262962,,,,,,,,,,,,,,,
P9,WalkG,cam_20250806_113632.jpg,2025-08-06 11:36:32,CamUp,neginja_MSE_SkyViewFactor_reference_table,"24,25,25,26,26,27,27,29,29,32,32,36,36,40,41,43,44",9d4c5f0c12889fb034103b01efa54b21690d648acad08c427f81fc6d33241e03,b677f291bd6311850d8cb19c1c51cfff76b3a1e2deece82b67687ca72a30d9f8,REFERENCE_OR_CUSTOM_TABLE_NOT_MARKED_LENS_VERIFIED,542.0,240.0,240.0,True,Holmer_1992_Annular,120,None_MSE_Method_Assumed_Zenith,39.44946521847276,0.514124,43.88524997927203,0.3244617638117348,0.0,44.209711743083766,0.0,0.1122073902108725,DeepLabV3+_Xception65_ADE20K,C:\Users\pandya\OneDrive - UCL\Field experiment raw data\Complete Participantwise data\Final Data\ucm\P9\WalkG\ucm\CamUp\cam_20250806_113632.jpg,C:\Users\pandya\Documents\Github\docker\Paper3_Analysis\output\SVF Output\P9\WalkG\CamUp_SVF\cam_20250806_113632_svf.jpg,True,50.81397658,4.37259407,,,,,,,,,,,,,,,
P9,WalkG,cam_20250806_113633.jpg,2025-08-06 11:36:33,CamUp,neginja_MSE_SkyViewFactor_reference_table,"24,25,25,26,26,27,27,29,29,32,32,36,36,40,41,43,44",9d4c5f0c12889fb034103b01efa54b21690d648acad08c427f81fc6d33241e03,b677f291bd6311850d8cb19c1c51cfff76b3a1e2deece82b67687ca72a30d9f8,REFERENCE_OR_CUSTOM_TABLE_NOT_MARKED_LENS_VERIFIED,542.0,240.0,240.0,True,Holmer_1992_Annular,120,None_MSE_Method_Assumed_Zenith,34.67484730398253,0.481189,53.97507116601719,0.0,0.0,53.97507116601719,0.0016582372937567,0.0889920680982782,DeepLabV3+_Xception65_ADE20K,C:\Users\pandya\OneDrive - UCL\Field experiment raw data\Complete Participantwise data\Final Data\ucm\P9\WalkG\ucm\CamUp\cam_20250806_113633.jpg,C:\Users\pandya\Documents\Github\docker\Paper3_Analysis\output\SVF Output\P9\WalkG\CamUp_SVF\cam_20250806_113633_svf.jpg,True,50.81397658,4.37259407,,,,,,,,,,,,,,,
P9,WalkG,cam_20250806_113634.jpg,2025-08-06 11:36:34,CamUp,neginja_MSE_SkyViewFactor_reference_table,"24,25,25,26,26,27,27,29,29,32,32,36,36,40,41,43,44",9d4c5f0c12889fb034103b01efa54b21690d648acad08c427f81fc6d33241e03,b677f291bd6311850d8cb19c1c51cfff76b3a1e2deece82b67687ca72a30d9f8,REFERENCE_OR_CUSTOM_TABLE_NOT_MARKED_LENS_VERIFIED,542.0,240.0,240.0,True,Holmer_1992_Annular,120,None_MSE_Method_Assumed_Zenith,30.668546002266257,0.421908,44.608241439349975,0.0,0.0,44.608241439349975,0.0,0.6627421717381091,DeepLabV3+_Xception65_ADE20K,C:\Users\pandya\OneDrive - UCL\Field experiment raw data\Complete Participantwise data\Final Data\ucm\P9\WalkG\ucm\CamUp\cam_20250806_113634.jpg,C:\Users\pandya\Documents\Github\docker\Paper3_Analysis\output\SVF Output\P9\WalkG\CamUp_SVF\cam_20250806_113634_svf.jpg,True,50.81396696,4.3725568,,,,,,,,,,,,,,,
P9,WalkG,cam_20250806_113635.jpg,2025-08-06 11:36:35,CamUp,neginja_MSE_SkyViewFactor_reference_table,"24,25,25,26,26,27,27,29,29,32,32,36,36,40,41,43,44",9d4c5f0c12889fb034103b01efa54b21690d648acad08c427f81fc6d33241e03,b677f291bd6311850d8cb19c1c51cfff76b3a1e2deece82b67687ca72a30d9f8,REFERENCE_OR_CUSTOM_TABLE_NOT_MARKED_LENS_VERIFIED,542.0,240.0,240.0,True,Holmer_1992_Annular,120,None_MSE_Method_Assumed_Zenith,31.15440952933698,0.442543,46.71199181936269,0.0,0.0,46.71199181936269,0.0,0.1249205427963408,DeepLabV3+_Xception65_ADE20K,C:\Users\pandya\OneDrive - UCL\Field experiment raw data\Complete Participantwise data\Final Data\ucm\P9\WalkG\ucm\CamUp\cam_20250806_113635.jpg,C:\Users\pandya\Documents\Github\docker\Paper3_Analysis\output\SVF Output\P9\WalkG\CamUp_SVF\cam_20250806_113635_svf.jpg,True,50.81396696,4.3725568,,,,,,,,,,,,,,,
P9,WalkG,cam_20250806_113636.jpg,2025-08-06 11:36:36,CamUp,neginja_MSE_SkyViewFactor_reference_table,"24,25,25,26,26,27,27,29,29,32,32,36,36,40,41,43,44",9d4c5f0c12889fb034103b01efa54b21690d648acad08c427f81fc6d33241e03,b677f291bd6311850d8cb19c1c51cfff76b3a1e2deece82b67687ca72a30d9f8,REFERENCE_OR_CUSTOM_TABLE_NOT_MARKED_LENS_VERIFIED,542.0,240.0,240.0,True,Holmer_1992_Annular,120,None_MSE_Method_Assumed_Zenith,30.47563773042589,0.41615,53.44940994389631,0.0480888815189453,0.0,53.49749882541525,0.0,0.8246966807616836,DeepLabV3+_Xception65_ADE20K,C:\Users\pandya\OneDrive - UCL\Field experiment raw data\Complete Participantwise data\Final Data\ucm\P9\WalkG\ucm\CamUp\cam_20250806_113636.jpg,C:\Users\pandya\Documents\Github\docker\Paper3_Analysis\output\SVF Output\P9\WalkG\CamUp_SVF\cam_20250806_113636_svf.jpg,True,50.81395997,4.37251999,,,,,,,,,,,,,,,
P9,WalkG,cam_20250806_113637.jpg,2025-08-06 11:36:37,CamUp,neginja_MSE_SkyViewFactor_reference_table,"24,25,25,26,26,27,27,29,29,32,32,36,36,40,41,43,44",9d4c5f0c12889fb034103b01efa54b21690d648acad08c427f81fc6d33241e03,b677f291bd6311850d8cb19c1c51cfff76b3a1e2deece82b67687ca72a30d9f8,REFERENCE_OR_CUSTOM_TABLE_NOT_MARKED_LENS_VERIFIED,542.0,240.0,240.0,True,Holmer_1992_Annular,120,None_MSE_Method_Assumed_Zenith,27.68758809385623,0.383891,41.72125031091949,0.2736091534698615,0.0,41.99485946438936,0.0,0.6163115275129204,DeepLabV3+_Xception65_ADE20K,C:\Users\pandya\OneDrive - UCL\Field experiment raw data\Complete Participantwise data\Final Data\ucm\P9\WalkG\ucm\CamUp\cam_20250806_113637.jpg,C:\Users\pandya\Documents\Github\docker\Paper3_Analysis\output\SVF Output\P9\WalkG\CamUp_SVF\cam_20250806_113637_svf.jpg,True,50.81395678,4.37250228,,,,,,,,,,,,,,,
P9,WalkG,cam_20250806_113638.jpg,2025-08-06 11:36:38,CamUp,neginja_MSE_SkyViewFactor_reference_table,"24,25,25,26,26,27,27,29,29,32,32,36,36,40,41,43,44",9d4c5f0c12889fb034103b01efa54b21690d648acad08c427f81fc6d33241e03,b677f291bd6311850d8cb19c1c51cfff76b3a1e2deece82b67687ca72a30d9f8,REFERENCE_OR_CUSTOM_TABLE_NOT_MARKED_LENS_VERIFIED,542.0,240.0,240.0,True,Holmer_1992_Annular,120,None_MSE_Method_Assumed_Zenith,27.526739076361828,0.384504,55.02749910178814,1.075090512118951,0.0,56.102589613907085,0.0,0.7970593925324048,DeepLabV3+_Xception65_ADE20K,C:\Users\pandya\OneDrive - UCL\Field experiment raw data\Complete Participantwise data\Final Data\ucm\P9\WalkG\ucm\CamUp\cam_20250806_113638.jpg,C:\Users\pandya\Documents\Github\docker\Paper3_Analysis\output\SVF Output\P9\WalkG\CamUp_SVF\cam_20250806_113638_svf.jpg,True,50.81395206,4.37248411,,,,,,,,,,,,,,,
P9,WalkG,cam_20250806_113639.jpg,2025-08-06 11:36:39,CamUp,neginja_MSE_SkyViewFactor_reference_table,"24,25,25,26,26,27,27,29,29,32,32,36,36,40,41,43,44",9d4c5f0c12889fb034103b01efa54b21690d648acad08c427f81fc6d33241e03,b677f291bd6311850d8cb19c1c51cfff76b3a1e2deece82b67687ca72a30d9f8,REFERENCE_OR_CUSTOM_TABLE_NOT_MARKED_LENS_VERIFIED,542.0,240.0,240.0,True,Holmer_1992_Annular,120,None_MSE_Method_Assumed_Zenith,28.65157670729348,0.372875,69.33753420114418,0.003869220352099,0.0,69.34140342149628,0.0,0.7456540364259459,DeepLabV3+_Xception65_ADE20K,C:\Users\pandya\OneDrive - UCL\Field experiment raw data\Complete Participantwise data\Final Data\ucm\P9\WalkG\ucm\CamUp\cam_20250806_113639.jpg,C:\Users\pandya\Documents\Github\docker\Paper3_Analysis\output\SVF Output\P9\WalkG\CamUp_SVF\cam_20250806_113639_svf.jpg,True,50.81395455,4.37246586,,,,,,,,,,,,,,,
P9,WalkG,cam_20250806_113640.jpg,2025-08-06 11:36:40,CamUp,neginja_MSE_SkyViewFactor_reference_table,"24,25,25,26,26,27,27,29,29,32,32,36,36,40,41,43,44",9d4c5f0c12889fb034103b01efa54b21690d648acad08c427f81fc6d33241e03,b677f291bd6311850d8cb19c1c51cfff76b3a1e2deece82b67687ca72a30d9f8,REFERENCE_OR_CUSTOM_TABLE_NOT_MARKED_LENS_VERIFIED,542.0,240.0,240.0,True,Holmer_1992_Annular,120,None_MSE_Method_Assumed_Zenith,26.83580687062985,0.337093,69.37235718431307,0.1321062377359533,0.0,69.50446342204903,0.0,0.2835585772324019,DeepLabV3+_Xception65_ADE20K,C:\Users\pandya\OneDrive - UCL\Field experiment raw data\Complete Participantwise data\Final Data\ucm\P9\WalkG\ucm\CamUp\cam_20250806_113640.jpg,C:\Users\pandya\Documents\Github\docker\Paper3_Analysis\output\SVF Output\P9\WalkG\CamUp_SVF\cam_20250806_113640_svf.jpg,True,50.81395459,4.37244695,,,,,,,,,,,,,,,
P9,WalkG,cam_20250806_113641.jpg,2025-08-06 11:36:41,CamUp,neginja_MSE_SkyViewFactor_reference_table,"24,25,25,26,26,27,27,29,29,32,32,36,36,40,41,43,44",9d4c5f0c12889fb034103b01efa54b21690d648acad08c427f81fc6d33241e03,b677f291bd6311850d8cb19c1c51cfff76b3a1e2deece82b67687ca72a30d9f8,REFERENCE_OR_CUSTOM_TABLE_NOT_MARKED_LENS_VERIFIED,542.0,240.0,240.0,True,Holmer_1992_Annular,120,None_MSE_Method_Assumed_Zenith,24.24453472625266,0.290798,72.89721692507531,0.0204515932896664,0.0,72.91766851836498,0.0,0.1083381698587734,DeepLabV3+_Xception65_ADE20K,C:\Users\pandya\OneDrive - UCL\Field experiment raw data\Complete Participantwise data\Final Data\ucm\P9\WalkG\ucm\CamUp\cam_20250806_113641.jpg,C:\Users\pandya\Documents\Github\docker\Paper3_Analysis\output\SVF Output\P9\WalkG\CamUp_SVF\cam_20250806_113641_svf.jpg,True,50.81395084,4.37242855,,,,,,,,,,,,,,,
P9,WalkG,cam_20250806_113642.jpg,2025-08-06 11:36:42,CamUp,neginja_MSE_SkyViewFactor_reference_table,"24,25,25,26,26,27,27,29,29,32,32,36,36,40,41,43,44",9d4c5f0c12889fb034103b01efa54b21690d648acad08c427f81fc6d33241e03,b677f291bd6311850d8cb19c1c51cfff76b3a1e2deece82b67687ca72a30d9f8,REFERENCE_OR_CUSTOM_TABLE_NOT_MARKED_LENS_VERIFIED,542.0,240.0,240.0,True,Holmer_1992_Annular,120,None_MSE_Method_Assumed_Zenith,22.7979990603322,0.281278,72.63853190724926,0.0,0.0,72.63853190724926,0.0,0.5859105104607136,DeepLabV3+_Xception65_ADE20K,C:\Users\pandya\OneDrive - UCL\Field experiment raw data\Complete Participantwise data\Final Data\ucm\P9\WalkG\ucm\CamUp\cam_20250806_113642.jpg,C:\Users\pandya\Documents\Github\docker\Paper3_Analysis\output\SVF Output\P9\WalkG\CamUp_SVF\cam_20250806_113642_svf.jpg,True,50.81395084,4.37242855,,,,,,,,,,,,,,,
P9,WalkG,cam_20250806_113643.jpg,2025-08-06 11:36:43,CamUp,neginja_MSE_SkyViewFactor_reference_table,"24,25,25,26,26,27,27,29,29,32,32,36,36,40,41,43,44",9d4c5f0c12889fb034103b01efa54b21690d648acad08c427f81fc6d33241e03,b677f291bd6311850d8cb19c1c51cfff76b3a1e2deece82b67687ca72a30d9f8,REFERENCE_OR_CUSTOM_TABLE_NOT_MARKED_LENS_VERIFIED,542.0,240.0,240.0,True,Holmer_1992_Annular,120,None_MSE_Method_Assumed_Zenith,24.7221070668546,0.27198,65.02943371196417,0.0,0.0,65.02943371196417,0.0,0.2199928143050603,DeepLabV3+_Xception65_ADE20K,C:\Users\pandya\OneDrive - UCL\Field experiment raw data\Complete Participantwise data\Final Data\ucm\P9\WalkG\ucm\CamUp\cam_20250806_113643.jpg,C:\Users\pandya\Documents\Github\docker\Paper3_Analysis\output\SVF Output\P9\WalkG\CamUp_SVF\cam_20250806_113643_svf.jpg,True,50.81394563,4.37240996,,,,,,,,,,,,,,,
P9,WalkG,cam_20250806_113644.jpg,2025-08-06 11:36:44,CamUp,neginja_MSE_SkyViewFactor_reference_table,"24,25,25,26,26,27,27,29,29,32,32,36,36,40,41,43,44",9d4c5f0c12889fb034103b01efa54b21690d648acad08c427f81fc6d33241e03,b677f291bd6311850d8cb19c1c51cfff76b3a1e2deece82b67687ca72a30d9f8,REFERENCE_OR_CUSTOM_TABLE_NOT_MARKED_LENS_VERIFIED,542.0,240.0,240.0,True,Holmer_1992_Annular,120,None_MSE_Method_Assumed_Zenith,24.84371113506343,0.265584,66.07191222397259,0.0210043390542519,0.0,66.09291656302685,0.0,0.2365751872426277,DeepLabV3+_Xception65_ADE20K,C:\Users\pandya\OneDrive - UCL\Field experiment raw data\Complete Participantwise data\Final Data\ucm\P9\WalkG\ucm\CamUp\cam_20250806_113644.jpg,C:\Users\pandya\Documents\Github\docker\Paper3_Analysis\output\SVF Output\P9\WalkG\CamUp_SVF\cam_20250806_113644_svf.jpg,True,50.81394242,4.37237498,,,,,,,,,,,,,,,
P9,WalkG,cam_20250806_113645.jpg,2025-08-06 11:36:45,CamUp,neginja_MSE_SkyViewFactor_reference_table,"24,25,25,26,26,27,27,29,29,32,32,36,36,40,41,43,44",9d4c5f0c12889fb034103b01efa54b21690d648acad08c427f81fc6d33241e03,b677f291bd6311850d8cb19c1c51cfff76b3a1e2deece82b67687ca72a30d9f8,REFERENCE_OR_CUSTOM_TABLE_NOT_MARKED_LENS_VERIFIED,542.0,240.0,240.0,True,Holmer_1992_Annular,120,None_MSE_Method_Assumed_Zenith,19.916535389547576,0.246895,70.51654091700522,0.0,0.0,70.51654091700522,0.0,0.4178757980266976,DeepLabV3+_Xception65_ADE20K,C:\Users\pandya\OneDrive - UCL\Field experiment raw data\Complete Participantwise data\Final Data\ucm\P9\WalkG\ucm\CamUp\cam_20250806_113645.jpg,C:\Users\pandya\Documents\Github\docker\Paper3_Analysis\output\SVF Output\P9\WalkG\CamUp_SVF\cam_20250806_113645_svf.jpg,True,50.81394242,4.37237498,,,,,,,,,,,,,,,
P9,WalkG,cam_20250806_113646.jpg,2025-08-06 11:36:46,CamUp,neginja_MSE_SkyViewFactor_reference_table,"24,25,25,26,26,27,27,29,29,32,32,36,36,40,41,43,44",9d4c5f0c12889fb034103b01efa54b21690d648acad08c427f81fc6d33241e03,b677f291bd6311850d8cb19c1c51cfff76b3a1e2deece82b67687ca72a30d9f8,REFERENCE_OR_CUSTOM_TABLE_NOT_MARKED_LENS_VERIFIED,542.0,240.0,240.0,True,Holmer_1992_Annular,120,None_MSE_Method_Assumed_Zenith,17.766354365309674,0.23842,78.19915429898019,0.0,0.0,78.19915429898019,0.0,0.140397424204737,DeepLabV3+_Xception65_ADE20K,C:\Users\pandya\OneDrive - UCL\Field experiment raw data\Complete Participantwise data\Final Data\ucm\P9\WalkG\ucm\CamUp\cam_20250806_113646.jpg,C:\Users\pandya\Documents\Github\docker\Paper3_Analysis\output\SVF Output\P9\WalkG\CamUp_SVF\cam_20250806_113646_svf.jpg,True,50.81392988,4.37233999,,,,,,,,,,,,,,,
P9,WalkG,cam_20250806_113647.jpg,2025-08-06 11:36:47,CamUp,neginja_MSE_SkyViewFactor_reference_table,"24,25,25,26,26,27,27,29,29,32,32,36,36,40,41,43,44",9d4c5f0c12889fb034103b01efa54b21690d648acad08c427f81fc6d33241e03,b677f291bd6311850d8cb19c1c51cfff76b3a1e2deece82b67687ca72a30d9f8,REFERENCE_OR_CUSTOM_TABLE_NOT_MARKED_LENS_VERIFIED,542.0,240.0,240.0,True,Holmer_1992_Annular,120,None_MSE_Method_Assumed_Zenith,18.5319072492607,0.258851,76.96984771854186,0.0,0.0,76.96984771854186,0.0,0.3742088826244369,DeepLabV3+_Xception65_ADE20K,C:\Users\pandya\OneDrive - UCL\Field experiment raw data\Complete Participantwise data\Final Data\ucm\P9\WalkG\ucm\CamUp\cam_20250806_113647.jpg,C:\Users\pandya\Documents\Github\docker\Paper3_Analysis\output\SVF Output\P9\WalkG\CamUp_SVF\cam_20250806_113647_svf.jpg,True,50.81392988,4.37233999,,,,,,,,,,,,,,,
P9,WalkG,cam_20250806_113648.jpg,2025-08-06 11:36:48,CamUp,neginja_MSE_SkyViewFactor_reference_table,"24,25,25,26,26,27,27,29,29,32,32,36,36,40,41,43,44",9d4c5f0c12889fb034103b01efa54b21690d648acad08c427f81fc6d33241e03,b677f291bd6311850d8cb19c1c51cfff76b3a1e2deece82b67687ca72a30d9f8,REFERENCE_OR_CUSTOM_TABLE_NOT_MARKED_LENS_VERIFIED,542.0,240.0,240.0,True,Holmer_1992_Annular,120,None_MSE_Method_Assumed_Zenith,18.231766299090733,0.249655,74.68148025315756,0.0,0.0,74.68148025315756,0.0,0.6047038664566233,DeepLabV3+_Xception65_ADE20K,C:\Users\pandya\OneDrive - UCL\Field experiment raw data\Complete Participantwise data\Final Data\ucm\P9\WalkG\ucm\CamUp\cam_20250806_113648.jpg,C:\Users\pandya\Documents\Github\docker\Paper3_Analysis\output\SVF Output\P9\WalkG\CamUp_SVF\cam_20250806_113648_svf.jpg,True,50.81391594,4.37230337,,,,,,,,,,,,,,,
P9,WalkG,cam_20250806_113649.jpg,2025-08-06 11:36:49,CamUp,neginja_MSE_SkyViewFactor_reference_table,"24,25,25,26,26,27,27,29,29,32,32,36,36,40,41,43,44",9d4c5f0c12889fb034103b01efa54b21690d648acad08c427f81fc6d33241e03,b677f291bd6311850d8cb19c1c51cfff76b3a1e2deece82b67687ca72a30d9f8,REFERENCE_OR_CUSTOM_TABLE_NOT_MARKED_LENS_VERIFIED,542.0,240.0,240.0,True,Holmer_1992_Annular,120,None_MSE_Method_Assumed_Zenith,17.44852555067297,0.244055,75.9174197827709,0.0,0.0,75.9174197827709,0.0,0.3554155266285272,DeepLabV3+_Xception65_ADE20K,C:\Users\pandya\OneDrive - UCL\Field experiment raw data\Complete Participantwise data\Final Data\ucm\P9\WalkG\ucm\CamUp\cam_20250806_113649.jpg,C:\Users\pandya\Documents\Github\docker\Paper3_Analysis\output\SVF Output\P9\WalkG\CamUp_SVF\cam_20250806_113649_svf.jpg,True,50.81392218,4.37228739,,,,,,,,,,,,,,,
P9,WalkG,cam_20250806_113650.jpg,2025-08-06 11:36:50,CamUp,neginja_MSE_SkyViewFactor_reference_table,"24,25,25,26,26,27,27,29,29,32,32,36,36,40,41,43,44",9d4c5f0c12889fb034103b01efa54b21690d648acad08c427f81fc6d33241e03,b677f291bd6311850d8cb19c1c51cfff76b3a1e2deece82b67687ca72a30d9f8,REFERENCE_OR_CUSTOM_TABLE_NOT_MARKED_LENS_VERIFIED,542.0,240.0,240.0,True,Holmer_1992_Annular,120,None_MSE_Method_Assumed_Zenith,19.72252162617804,0.261922,78.29533206201808,0.0,0.0,78.29533206201808,0.0,0.1918027803111958,DeepLabV3+_Xception65_ADE20K,C:\Users\pandya\OneDrive - UCL\Field experiment raw data\Complete Participantwise data\Final Data\ucm\P9\WalkG\ucm\CamUp\cam_20250806_113650.jpg,C:\Users\pandya\Documents\Github\docker\Paper3_Analysis\output\SVF Output\P9\WalkG\CamUp_SVF\cam_20250806_113650_svf.jpg,True,50.81392218,4.37228739,,,,,,,,,,,,,,,
P9,WalkG,cam_20250806_113651.jpg,2025-08-06 11:36:51,CamUp,neginja_MSE_SkyViewFactor_reference_table,"24,25,25,26,26,27,27,29,29,32,32,36,36,40,41,43,44",9d4c5f0c12889fb034103b01efa54b21690d648acad08c427f81fc6d33241e03,b677f291bd6311850d8cb19c1c51cfff76b3a1e2deece82b67687ca72a30d9f8,REFERENCE_OR_CUSTOM_TABLE_NOT_MARKED_LENS_VERIFIED,542.0,240.0,240.0,True,Holmer_1992_Annular,120,None_MSE_Method_Assumed_Zenith,24.04720448829561,0.266318,69.15844457341845,0.2879805433490866,0.0,69.44642511676754,0.0,0.0,DeepLabV3+_Xception65_ADE20K,C:\Users\pandya\OneDrive - UCL\Field experiment raw data\Complete Participantwise data\Final Data\ucm\P9\WalkG\ucm\CamUp\cam_20250806_113651.jpg,C:\Users\pandya\Documents\Github\docker\Paper3_Analysis\output\SVF Output\P9\WalkG\CamUp_SVF\cam_20250806_113651_svf.jpg,True,50.81391768,4.37224991,,,,,,,,,,,,,,,
P9,WalkG,cam_20250806_113652.jpg,2025-08-06 11:36:52,CamUp,neginja_MSE_SkyViewFactor_reference_table,"24,25,25,26,26,27,27,29,29,32,32,36,36,40,41,43,44",9d4c5f0c12889fb034103b01efa54b21690d648acad08c427f81fc6d33241e03,b677f291bd6311850d8cb19c1c51cfff76b3a1e2deece82b67687ca72a30d9f8,REFERENCE_OR_CUSTOM_TABLE_NOT_MARKED_LENS_VERIFIED,542.0,240.0,240.0,True,Holmer_1992_Annular,120,None_MSE_Method_Assumed_Zenith,21.908631125114,0.253433,66.31898958074234,0.0005527457645855,0.0,66.31954232650692,0.0,0.1486886106735207,DeepLabV3+_Xception65_ADE20K,C:\Users\pandya\OneDrive - UCL\Field experiment raw data\Complete Participantwise data\Final Data\ucm\P9\WalkG\ucm\CamUp\cam_20250806_113652.jpg,C:\Users\pandya\Documents\Github\docker\Paper3_Analysis\output\SVF Output\P9\WalkG\CamUp_SVF\cam_20250806_113652_svf.jpg,True,50.81391642,4.37223239,,,,,,,,,,,,,,,
P9,WalkG,cam_20250806_113653.jpg,2025-08-06 11:36:53,CamUp,neginja_MSE_SkyViewFactor_reference_table,"24,25,25,26,26,27,27,29,29,32,32,36,36,40,41,43,44",9d4c5f0c12889fb034103b01efa54b21690d648acad08c427f81fc6d33241e03,b677f291bd6311850d8cb19c1c51cfff76b3a1e2deece82b67687ca72a30d9f8,REFERENCE_OR_CUSTOM_TABLE_NOT_MARKED_LENS_VERIFIED,542.0,240.0,240.0,True,Holmer_1992_Annular,120,None_MSE_Method_Assumed_Zenith,19.685487659950805,0.229206,65.1593289666418,0.0,0.0,65.1593289666418,0.0,0.1238150512671696,DeepLabV3+_Xception65_ADE20K,C:\Users\pandya\OneDrive - UCL\Field experiment raw data\Complete Participantwise data\Final Data\ucm\P9\WalkG\ucm\CamUp\cam_20250806_113653.jpg,C:\Users\pandya\Documents\Github\docker\Paper3_Analysis\output\SVF Output\P9\WalkG\CamUp_SVF\cam_20250806_113653_svf.jpg,True,50.81391642,4.37223239,,,,,,,,,,,,,,,
P9,WalkG,cam_20250806_113654.jpg,2025-08-06 11:36:54,CamUp,neginja_MSE_SkyViewFactor_reference_table,"24,25,25,26,26,27,27,29,29,32,32,36,36,40,41,43,44",9d4c5f0c12889fb034103b01efa54b21690d648acad08c427f81fc6d33241e03,b677f291bd6311850d8cb19c1c51cfff76b3a1e2deece82b67687ca72a30d9f8,REFERENCE_OR_CUSTOM_TABLE_NOT_MARKED_LENS_VERIFIED,542.0,240.0,240.0,True,Holmer_1992_Annular,120,None_MSE_Method_Assumed_Zenith,17.23958765165962,0.207567,63.35129757068236,0.0,0.0,63.35129757068236,0.0,0.2575795262968797,DeepLabV3+_Xception65_ADE20K,C:\Users\pandya\OneDrive - UCL\Field experiment raw data\Complete Participantwise data\Final Data\ucm\P9\WalkG\ucm\CamUp\cam_20250806_113654.jpg,C:\Users\pandya\Documents\Github\docker\Paper3_Analysis\output\SVF Output\P9\WalkG\CamUp_SVF\cam_20250806_113654_svf.jpg,True,50.81390491,4.37218999,,,,,,,,,,,,,,,
P9,WalkG,cam_20250806_113655.jpg,2025-08-06 11:36:55,CamUp,neginja_MSE_SkyViewFactor_reference_table,"24,25,25,26,26,27,27,29,29,32,32,36,36,40,41,43,44",9d4c5f0c12889fb034103b01efa54b21690d648acad08c427f81fc6d33241e03,b677f291bd6311850d8cb19c1c51cfff76b3a1e2deece82b67687ca72a30d9f8,REFERENCE_OR_CUSTOM_TABLE_NOT_MARKED_LENS_VERIFIED,542.0,240.0,240.0,True,Holmer_1992_Annular,120,None_MSE_Method_Assumed_Zenith,16.753171378824312,0.192562,73.8711549622751,0.0,0.0,73.8711549622751,0.0,0.1055744410358455,DeepLabV3+_Xception65_ADE20K,C:\Users\pandya\OneDrive - UCL\Field experiment raw data\Complete Participantwise data\Final Data\ucm\P9\WalkG\ucm\CamUp\cam_20250806_113655.jpg,C:\Users\pandya\Documents\Github\docker\Paper3_Analysis\output\SVF Output\P9\WalkG\CamUp_SVF\cam_20250806_113655_svf.jpg,True,50.81390496,4.37216588,,,,,,,,,,,,,,,
P9,WalkG,cam_20250806_113656.jpg,2025-08-06 11:36:56,CamUp,neginja_MSE_SkyViewFactor_reference_table,"24,25,25,26,26,27,27,29,29,32,32,36,36,40,41,43,44",9d4c5f0c12889fb034103b01efa54b21690d648acad08c427f81fc6d33241e03,b677f291bd6311850d8cb19c1c51cfff76b3a1e2deece82b67687ca72a30d9f8,REFERENCE_OR_CUSTOM_TABLE_NOT_MARKED_LENS_VERIFIED,542.0,240.0,240.0,True,Holmer_1992_Annular,120,None_MSE_Method_Assumed_Zenith,17.338529143520436,0.183896,67.09006992233923,0.0,0.0,67.09006992233923,0.0,0.0,DeepLabV3+_Xception65_ADE20K,C:\Users\pandya\OneDrive - UCL\Field experiment raw data\Complete Participantwise data\Final Data\ucm\P9\WalkG\ucm\CamUp\cam_20250806_113656.jpg,C:\Users\pandya\Documents\Github\docker\Paper3_Analysis\output\SVF Output\P9\WalkG\CamUp_SVF\cam_20250806_113656_svf.jpg,True,50.81390192,4.37214913,,,,,,,,,,,,,,,
P9,WalkG,cam_20250806_113657.jpg,2025-08-06 11:36:57,CamUp,neginja_MSE_SkyViewFactor_reference_table,"24,25,25,26,26,27,27,29,29,32,32,36,36,40,41,43,44",9d4c5f0c12889fb034103b01efa54b21690d648acad08c427f81fc6d33241e03,b677f291bd6311850d8cb19c1c51cfff76b3a1e2deece82b67687ca72a30d9f8,REFERENCE_OR_CUSTOM_TABLE_NOT_MARKED_LENS_VERIFIED,542.0,240.0,240.0,True,Holmer_1992_Annular,120,None_MSE_Method_Assumed_Zenith,15.880938562308266,0.159779,68.48741121521157,0.0,0.0,68.48741121521157,0.0,0.0105021695271259,DeepLabV3+_Xception65_ADE20K,C:\Users\pandya\OneDrive - UCL\Field experiment raw data\Complete Participantwise data\Final Data\ucm\P9\WalkG\ucm\CamUp\cam_20250806_113657.jpg,C:\Users\pandya\Documents\Github\docker\Paper3_Analysis\output\SVF Output\P9\WalkG\CamUp_SVF\cam_20250806_113657_svf.jpg,True,50.81389658,4.37213093,,,,,,,,,,,,,,,
P9,WalkG,cam_20250806_113658.jpg,2025-08-06 11:36:58,CamUp,neginja_MSE_SkyViewFactor_reference_table,"24,25,25,26,26,27,27,29,29,32,32,36,36,40,41,43,44",9d4c5f0c12889fb034103b01efa54b21690d648acad08c427f81fc6d33241e03,b677f291bd6311850d8cb19c1c51cfff76b3a1e2deece82b67687ca72a30d9f8,REFERENCE_OR_CUSTOM_TABLE_NOT_MARKED_LENS_VERIFIED,542.0,240.0,240.0,True,Holmer_1992_Annular,120,None_MSE_Method_Assumed_Zenith,15.782549816212033,0.155178,72.4262775336484,0.0,0.0,72.4262775336484,0.0,0.140397424204737,DeepLabV3+_Xception65_ADE20K,C:\Users\pandya\OneDrive - UCL\Field experiment raw data\Complete Participantwise data\Final Data\ucm\P9\WalkG\ucm\CamUp\cam_20250806_113658.jpg,C:\Users\pandya\Documents\Github\docker\Paper3_Analysis\output\SVF Output\P9\WalkG\CamUp_SVF\cam_20250806_113658_svf.jpg,True,50.81389658,4.37213093,,,,,,,,,,,,,,,
P9,WalkG,cam_20250806_113659.jpg,2025-08-06 11:36:59,CamUp,neginja_MSE_SkyViewFactor_reference_table,"24,25,25,26,26,27,27,29,29,32,32,36,36,40,41,43,44",9d4c5f0c12889fb034103b01efa54b21690d648acad08c427f81fc6d33241e03,b677f291bd6311850d8cb19c1c51cfff76b3a1e2deece82b67687ca72a30d9f8,REFERENCE_OR_CUSTOM_TABLE_NOT_MARKED_LENS_VERIFIED,542.0,240.0,240.0,True,Holmer_1992_Annular,120,None_MSE_Method_Assumed_Zenith,13.413481469198244,0.131653,71.05933725782826,0.0,0.0,71.05933725782826,0.0,0.2774783738219606,DeepLabV3+_Xception65_ADE20K,C:\Users\pandya\OneDrive - UCL\Field experiment raw data\Complete Participantwise data\Final Data\ucm\P9\WalkG\ucm\CamUp\cam_20250806_113659.jpg,C:\Users\pandya\Documents\Github\docker\Paper3_Analysis\output\SVF Output\P9\WalkG\CamUp_SVF\cam_20250806_113659_svf.jpg,True,50.81388918,4.37211158,,,,,,,,,,,,,,,
P9,WalkG,cam_20250806_113700.jpg,2025-08-06 11:37:00,CamUp,neginja_MSE_SkyViewFactor_reference_table,"24,25,25,26,26,27,27,29,29,32,32,36,36,40,41,43,44",9d4c5f0c12889fb034103b01efa54b21690d648acad08c427f81fc6d33241e03,b677f291bd6311850d8cb19c1c51cfff76b3a1e2deece82b67687ca72a30d9f8,REFERENCE_OR_CUSTOM_TABLE_NOT_MARKED_LENS_VERIFIED,542.0,240.0,240.0,True,Holmer_1992_Annular,120,None_MSE_Method_Assumed_Zenith,14.034214962827848,0.124495,65.59433988337065,0.0,0.0,65.59433988337065,0.0,0.1647182378465025,DeepLabV3+_Xception65_ADE20K,C:\Users\pandya\OneDrive - UCL\Field experiment raw data\Complete Participantwise data\Final Data\ucm\P9\WalkG\ucm\CamUp\cam_20250806_113700.jpg,C:\Users\pandya\Documents\Github\docker\Paper3_Analysis\output\SVF Output\P9\WalkG\CamUp_SVF\cam_20250806_113700_svf.jpg,True,50.81387539,4.37207499,,,,,,,,,,,,,,,
P9,WalkG,cam_20250806_113701.jpg,2025-08-06 11:37:01,CamUp,neginja_MSE_SkyViewFactor_reference_table,"24,25,25,26,26,27,27,29,29,32,32,36,36,40,41,43,44",9d4c5f0c12889fb034103b01efa54b21690d648acad08c427f81fc6d33241e03,b677f291bd6311850d8cb19c1c51cfff76b3a1e2deece82b67687ca72a30d9f8,REFERENCE_OR_CUSTOM_TABLE_NOT_MARKED_LENS_VERIFIED,542.0,240.0,240.0,True,Holmer_1992_Annular,120,None_MSE_Method_Assumed_Zenith,12.955807976121385,0.117308,68.2447558245585,0.0,0.0,68.2447558245585,0.0,0.234916949948871,DeepLabV3+_Xception65_ADE20K,C:\Users\pandya\OneDrive - UCL\Field experiment raw data\Complete Participantwise data\Final Data\ucm\P9\WalkG\ucm\CamUp\cam_20250806_113701.jpg,C:\Users\pandya\Documents\Github\docker\Paper3_Analysis\output\SVF Output\P9\WalkG\CamUp_SVF\cam_20250806_113701_svf.jpg,True,50.81387539,4.37207499,,,,,,,,,,,,,,,
P9,WalkG,cam_20250806_113702.jpg,2025-08-06 11:37:02,CamUp,neginja_MSE_SkyViewFactor_reference_table,"24,25,25,26,26,27,27,29,29,32,32,36,36,40,41,43,44",9d4c5f0c12889fb034103b01efa54b21690d648acad08c427f81fc6d33241e03,b677f291bd6311850d8cb19c1c51cfff76b3a1e2deece82b67687ca72a30d9f8,REFERENCE_OR_CUSTOM_TABLE_NOT_MARKED_LENS_VERIFIED,542.0,240.0,240.0,True,Holmer_1992_Annular,120,None_MSE_Method_Assumed_Zenith,13.540060249288342,0.121772,66.97012409142415,1.6411021750545836,0.0,68.61122626647874,0.0,1.4553795981538291,DeepLabV3+_Xception65_ADE20K,C:\Users\pandya\OneDrive - UCL\Field experiment raw data\Complete Participantwise data\Final Data\ucm\P9\WalkG\ucm\CamUp\cam_20250806_113702.jpg,C:\Users\pandya\Documents\Github\docker\Paper3_Analysis\output\SVF Output\P9\WalkG\CamUp_SVF\cam_20250806_113702_svf.jpg,True,50.81386754,4.37204388,,,,,,,,,,,,,,,
P9,WalkG,cam_20250806_113703.jpg,2025-08-06 11:37:03,CamUp,neginja_MSE_SkyViewFactor_reference_table,"24,25,25,26,26,27,27,29,29,32,32,36,36,40,41,43,44",9d4c5f0c12889fb034103b01efa54b21690d648acad08c427f81fc6d33241e03,b677f291bd6311850d8cb19c1c51cfff76b3a1e2deece82b67687ca72a30d9f8,REFERENCE_OR_CUSTOM_TABLE_NOT_MARKED_LENS_VERIFIED,542.0,240.0,240.0,True,Holmer_1992_Annular,120,None_MSE_Method_Assumed_Zenith,11.257772987314484,0.075437,71.40756708951717,0.0287427797584501,0.0,71.43630986927562,0.0,0.4924964762457507,DeepLabV3+_Xception65_ADE20K,C:\Users\pandya\OneDrive - UCL\Field experiment raw data\Complete Participantwise data\Final Data\ucm\P9\WalkG\ucm\CamUp\cam_20250806_113703.jpg,C:\Users\pandya\Documents\Github\docker\Paper3_Analysis\output\SVF Output\P9\WalkG\CamUp_SVF\cam_20250806_113703_svf.jpg,True,50.81386503,4.37203261,,,,,,,,,,,,,,,
P9,WalkG,cam_20250806_113704.jpg,2025-08-06 11:37:04,CamUp,neginja_MSE_SkyViewFactor_reference_table,"24,25,25,26,26,27,27,29,29,32,32,36,36,40,41,43,44",9d4c5f0c12889fb034103b01efa54b21690d648acad08c427f81fc6d33241e03,b677f291bd6311850d8cb19c1c51cfff76b3a1e2deece82b67687ca72a30d9f8,REFERENCE_OR_CUSTOM_TABLE_NOT_MARKED_LENS_VERIFIED,542.0,240.0,240.0,True,Holmer_1992_Annular,120,None_MSE_Method_Assumed_Zenith,11.111295359699309,0.083649,69.84606030456291,0.0,0.0,69.84606030456291,0.0,3.215322112594312,DeepLabV3+_Xception65_ADE20K,C:\Users\pandya\OneDrive - UCL\Field experiment raw data\Complete Participantwise data\Final Data\ucm\P9\WalkG\ucm\CamUp\cam_20250806_113704.jpg,C:\Users\pandya\Documents\Github\docker\Paper3_Analysis\output\SVF Output\P9\WalkG\CamUp_SVF\cam_20250806_113704_svf.jpg,True,50.81386503,4.37203261,,,,,,,,,,,,,,,
P9,WalkG,cam_20250806_113705.jpg,2025-08-06 11:37:05,CamUp,neginja_MSE_SkyViewFactor_reference_table,"24,25,25,26,26,27,27,29,29,32,32,36,36,40,41,43,44",9d4c5f0c12889fb034103b01efa54b21690d648acad08c427f81fc6d33241e03,b677f291bd6311850d8cb19c1c51cfff76b3a1e2deece82b67687ca72a30d9f8,REFERENCE_OR_CUSTOM_TABLE_NOT_MARKED_LENS_VERIFIED,542.0,240.0,240.0,True,Holmer_1992_Annular,120,None_MSE_Method_Assumed_Zenith,8.682530470110272,0.071332,82.44258353370367,0.0,0.0,82.44258353370367,0.0,1.675925158223475,DeepLabV3+_Xception65_ADE20K,C:\Users\pandya\OneDrive - UCL\Field experiment raw data\Complete Participantwise data\Final Data\ucm\P9\WalkG\ucm\CamUp\cam_20250806_113705.jpg,C:\Users\pandya\Documents\Github\docker\Paper3_Analysis\output\SVF Output\P9\WalkG\CamUp_SVF\cam_20250806_113705_svf.jpg,True,50.81386114,4.37202351,,,,,,,,,,,,,,,
P9,WalkG,cam_20250806_113706.jpg,2025-08-06 11:37:06,CamUp,neginja_MSE_SkyViewFactor_reference_table,"24,25,25,26,26,27,27,29,29,32,32,36,36,40,41,43,44",9d4c5f0c12889fb034103b01efa54b21690d648acad08c427f81fc6d33241e03,b677f291bd6311850d8cb19c1c51cfff76b3a1e2deece82b67687ca72a30d9f8,REFERENCE_OR_CUSTOM_TABLE_NOT_MARKED_LENS_VERIFIED,542.0,240.0,240.0,True,Holmer_1992_Annular,120,None_MSE_Method_Assumed_Zenith,9.0379459967388,0.077351,75.28286764502667,0.3404913909847166,0.0,75.62335903601138,0.0,0.7622364093635132,DeepLabV3+_Xception65_ADE20K,C:\Users\pandya\OneDrive - UCL\Field experiment raw data\Complete Participantwise data\Final Data\ucm\P9\WalkG\ucm\CamUp\cam_20250806_113706.jpg,C:\Users\pandya\Documents\Github\docker\Paper3_Analysis\output\SVF Output\P9\WalkG\CamUp_SVF\cam_20250806_113706_svf.jpg,True,50.81388338,4.37199902,,,,,,,,,,,,,,,
P9,WalkG,cam_20250806_113707.jpg,2025-08-06 11:37:07,CamUp,neginja_MSE_SkyViewFactor_reference_table,"24,25,25,26,26,27,27,29,29,32,32,36,36,40,41,43,44",9d4c5f0c12889fb034103b01efa54b21690d648acad08c427f81fc6d33241e03,b677f291bd6311850d8cb19c1c51cfff76b3a1e2deece82b67687ca72a30d9f8,REFERENCE_OR_CUSTOM_TABLE_NOT_MARKED_LENS_VERIFIED,542.0,240.0,240.0,True,Holmer_1992_Annular,120,None_MSE_Method_Assumed_Zenith,10.194842882016417,0.09468,72.13884973606389,1.122073902108725,0.0,73.26092363817261,0.0,2.381228753834673,DeepLabV3+_Xception65_ADE20K,C:\Users\pandya\OneDrive - UCL\Field experiment raw data\Complete Participantwise data\Final Data\ucm\P9\WalkG\ucm\CamUp\cam_20250806_113707.jpg,C:\Users\pandya\Documents\Github\docker\Paper3_Analysis\output\SVF Output\P9\WalkG\CamUp_SVF\cam_20250806_113707_svf.jpg,True,50.81388338,4.37199902,,,,,,,,,,,,,,,
P9,WalkG,cam_20250806_113708.jpg,2025-08-06 11:37:08,CamUp,neginja_MSE_SkyViewFactor_reference_table,"24,25,25,26,26,27,27,29,29,32,32,36,36,40,41,43,44",9d4c5f0c12889fb034103b01efa54b21690d648acad08c427f81fc6d33241e03,b677f291bd6311850d8cb19c1c51cfff76b3a1e2deece82b67687ca72a30d9f8,REFERENCE_OR_CUSTOM_TABLE_NOT_MARKED_LENS_VERIFIED,542.0,240.0,240.0,True,Holmer_1992_Annular,120,None_MSE_Method_Assumed_Zenith,11.033910952657324,0.09119,54.427217201448194,1.0430312577729872,0.0,55.47024845922118,0.0,0.1608490174944034,DeepLabV3+_Xception65_ADE20K,C:\Users\pandya\OneDrive - UCL\Field experiment raw data\Complete Participantwise data\Final Data\ucm\P9\WalkG\ucm\CamUp\cam_20250806_113708.jpg,C:\Users\pandya\Documents\Github\docker\Paper3_Analysis\output\SVF Output\P9\WalkG\CamUp_SVF\cam_20250806_113708_svf.jpg,True,50.813916,4.372105,,,,,,,,,,,,,,,
P9,WalkG,cam_20250806_113709.jpg,2025-08-06 11:37:09,CamUp,neginja_MSE_SkyViewFactor_reference_table,"24,25,25,26,26,27,27,29,29,32,32,36,36,40,41,43,44",9d4c5f0c12889fb034103b01efa54b21690d648acad08c427f81fc6d33241e03,b677f291bd6311850d8cb19c1c51cfff76b3a1e2deece82b67687ca72a30d9f8,REFERENCE_OR_CUSTOM_TABLE_NOT_MARKED_LENS_VERIFIED,542.0,240.0,240.0,True,Holmer_1992_Annular,120,None_MSE_Method_Assumed_Zenith,9.252411353398005,0.092008,81.32935356382832,0.0,0.0,81.32935356382832,0.0,0.0,DeepLabV3+_Xception65_ADE20K,C:\Users\pandya\OneDrive - UCL\Field experiment raw data\Complete Participantwise data\Final Data\ucm\P9\WalkG\ucm\CamUp\cam_20250806_113709.jpg,C:\Users\pandya\Documents\Github\docker\Paper3_Analysis\output\SVF Output\P9\WalkG\CamUp_SVF\cam_20250806_113709_svf.jpg,True,50.813916,4.372105,,,,,,,,,,,,,,,
P9,WalkG,cam_20250806_113710.jpg,2025-08-06 11:37:10,CamUp,neginja_MSE_SkyViewFactor_reference_table,"24,25,25,26,26,27,27,29,29,32,32,36,36,40,41,43,44",9d4c5f0c12889fb034103b01efa54b21690d648acad08c427f81fc6d33241e03,b677f291bd6311850d8cb19c1c51cfff76b3a1e2deece82b67687ca72a30d9f8,REFERENCE_OR_CUSTOM_TABLE_NOT_MARKED_LENS_VERIFIED,542.0,240.0,240.0,True,Holmer_1992_Annular,120,None_MSE_Method_Assumed_Zenith,8.169582400574855,0.075123,82.00370339662271,0.0,0.0,82.00370339662271,0.0,0.0613547798689992,DeepLabV3+_Xception65_ADE20K,C:\Users\pandya\OneDrive - UCL\Field experiment raw data\Complete Participantwise data\Final Data\ucm\P9\WalkG\ucm\CamUp\cam_20250806_113710.jpg,C:\Users\pandya\Documents\Github\docker\Paper3_Analysis\output\SVF Output\P9\WalkG\CamUp_SVF\cam_20250806_113710_svf.jpg,True,50.81382689,4.37193199,,,,,,,,,,,,,,,
P9,WalkG,cam_20250806_113711.jpg,2025-08-06 11:37:11,CamUp,neginja_MSE_SkyViewFactor_reference_table,"24,25,25,26,26,27,27,29,29,32,32,36,36,40,41,43,44",9d4c5f0c12889fb034103b01efa54b21690d648acad08c427f81fc6d33241e03,b677f291bd6311850d8cb19c1c51cfff76b3a1e2deece82b67687ca72a30d9f8,REFERENCE_OR_CUSTOM_TABLE_NOT_MARKED_LENS_VERIFIED,542.0,240.0,240.0,True,Holmer_1992_Annular,120,None_MSE_Method_Assumed_Zenith,7.692010059972916,0.063081,81.72235580244866,0.0082911864687836,0.0,81.73064698891744,0.0,0.0469833899897742,DeepLabV3+_Xception65_ADE20K,C:\Users\pandya\OneDrive - UCL\Field experiment raw data\Complete Participantwise data\Final Data\ucm\P9\WalkG\ucm\CamUp\cam_20250806_113711.jpg,C:\Users\pandya\Documents\Github\docker\Paper3_Analysis\output\SVF Output\P9\WalkG\CamUp_SVF\cam_20250806_113711_svf.jpg,True,50.81382689,4.37193199,,,,,,,,,,,,,,,
P9,WalkG,cam_20250806_113712.jpg,2025-08-06 11:37:12,CamUp,neginja_MSE_SkyViewFactor_reference_table,"24,25,25,26,26,27,27,29,29,32,32,36,36,40,41,43,44",9d4c5f0c12889fb034103b01efa54b21690d648acad08c427f81fc6d33241e03,b677f291bd6311850d8cb19c1c51cfff76b3a1e2deece82b67687ca72a30d9f8,REFERENCE_OR_CUSTOM_TABLE_NOT_MARKED_LENS_VERIFIED,542.0,240.0,240.0,True,Holmer_1992_Annular,120,None_MSE_Method_Assumed_Zenith,8.520023215322112,0.069275,78.76074399579913,0.1857225769007545,0.0,78.94646657269989,0.0,0.6196280021004339,DeepLabV3+_Xception65_ADE20K,C:\Users\pandya\OneDrive - UCL\Field experiment raw data\Complete Participantwise data\Final Data\ucm\P9\WalkG\ucm\CamUp\cam_20250806_113712.jpg,C:\Users\pandya\Documents\Github\docker\Paper3_Analysis\output\SVF Output\P9\WalkG\CamUp_SVF\cam_20250806_113712_svf.jpg,True,50.81381798,4.37191182,,,,,,,,,,,,,,,
P9,WalkG,cam_20250806_113713.jpg,2025-08-06 11:37:13,CamUp,neginja_MSE_SkyViewFactor_reference_table,"24,25,25,26,26,27,27,29,29,32,32,36,36,40,41,43,44",9d4c5f0c12889fb034103b01efa54b21690d648acad08c427f81fc6d33241e03,b677f291bd6311850d8cb19c1c51cfff76b3a1e2deece82b67687ca72a30d9f8,REFERENCE_OR_CUSTOM_TABLE_NOT_MARKED_LENS_VERIFIED,542.0,240.0,240.0,True,Holmer_1992_Annular,120,None_MSE_Method_Assumed_Zenith,7.434430533676036,0.066691,79.97789016941658,0.0,0.0,79.97789016941658,0.0016582372937567,0.0491943730481165,DeepLabV3+_Xception65_ADE20K,C:\Users\pandya\OneDrive - UCL\Field experiment raw data\Complete Participantwise data\Final Data\ucm\P9\WalkG\ucm\CamUp\cam_20250806_113713.jpg,C:\Users\pandya\Documents\Github\docker\Paper3_Analysis\output\SVF Output\P9\WalkG\CamUp_SVF\cam_20250806_113713_svf.jpg,True,50.81381798,4.37191182,,,,,,,,,,,,,,,
P9,WalkG,cam_20250806_113714.jpg,2025-08-06 11:37:14,CamUp,neginja_MSE_SkyViewFactor_reference_table,"24,25,25,26,26,27,27,29,29,32,32,36,36,40,41,43,44",9d4c5f0c12889fb034103b01efa54b21690d648acad08c427f81fc6d33241e03,b677f291bd6311850d8cb19c1c51cfff76b3a1e2deece82b67687ca72a30d9f8,REFERENCE_OR_CUSTOM_TABLE_NOT_MARKED_LENS_VERIFIED,542.0,240.0,240.0,True,Holmer_1992_Annular,120,None_MSE_Method_Assumed_Zenith,10.68955034132051,0.095566,81.3260370892408,0.1354227123234668,0.0,81.46145980156426,0.0420086781085039,0.297929967111627,DeepLabV3+_Xception65_ADE20K,C:\Users\pandya\OneDrive - UCL\Field experiment raw data\Complete Participantwise data\Final Data\ucm\P9\WalkG\ucm\CamUp\cam_20250806_113714.jpg,C:\Users\pandya\Documents\Github\docker\Paper3_Analysis\output\SVF Output\P9\WalkG\CamUp_SVF\cam_20250806_113714_svf.jpg,True,50.81381318,4.37189427,,,,,,,,,,,,,,,
P9,WalkG,cam_20250806_113715.jpg,2025-08-06 11:37:15,CamUp,neginja_MSE_SkyViewFactor_reference_table,"24,25,25,26,26,27,27,29,29,32,32,36,36,40,41,43,44",9d4c5f0c12889fb034103b01efa54b21690d648acad08c427f81fc6d33241e03,b677f291bd6311850d8cb19c1c51cfff76b3a1e2deece82b67687ca72a30d9f8,REFERENCE_OR_CUSTOM_TABLE_NOT_MARKED_LENS_VERIFIED,542.0,240.0,240.0,True,Holmer_1992_Annular,120,None_MSE_Method_Assumed_Zenith,7.49025785589918,0.087489,84.92828123704503,0.7191222397258381,0.0,85.64740347677086,0.0,0.2432081364176547,DeepLabV3+_Xception65_ADE20K,C:\Users\pandya\OneDrive - UCL\Field experiment raw data\Complete Participantwise data\Final Data\ucm\P9\WalkG\ucm\CamUp\cam_20250806_113715.jpg,C:\Users\pandya\Documents\Github\docker\Paper3_Analysis\output\SVF Output\P9\WalkG\CamUp_SVF\cam_20250806_113715_svf.jpg,True,50.81380191,4.37185635,,,,,,,,,,,,,,,
P9,WalkG,cam_20250806_113716.jpg,2025-08-06 11:37:16,CamUp,neginja_MSE_SkyViewFactor_reference_table,"24,25,25,26,26,27,27,29,29,32,32,36,36,40,41,43,44",9d4c5f0c12889fb034103b01efa54b21690d648acad08c427f81fc6d33241e03,b677f291bd6311850d8cb19c1c51cfff76b3a1e2deece82b67687ca72a30d9f8,REFERENCE_OR_CUSTOM_TABLE_NOT_MARKED_LENS_VERIFIED,542.0,240.0,240.0,True,Holmer_1992_Annular,120,None_MSE_Method_Assumed_Zenith,10.58839786640135,0.133763,75.01920791531936,1.1027278003482297,0.0,76.12193571566759,0.0,0.3802890860348782,DeepLabV3+_Xception65_ADE20K,C:\Users\pandya\OneDrive - UCL\Field experiment raw data\Complete Participantwise data\Final Data\ucm\P9\WalkG\ucm\CamUp\cam_20250806_113716.jpg,C:\Users\pandya\Documents\Github\docker\Paper3_Analysis\output\SVF Output\P9\WalkG\CamUp_SVF\cam_20250806_113716_svf.jpg,True,50.81379851,4.37183718,,,,,,,,,,,,,,,
P9,WalkG,cam_20250806_113717.jpg,2025-08-06 11:37:17,CamUp,neginja_MSE_SkyViewFactor_reference_table,"24,25,25,26,26,27,27,29,29,32,32,36,36,40,41,43,44",9d4c5f0c12889fb034103b01efa54b21690d648acad08c427f81fc6d33241e03,b677f291bd6311850d8cb19c1c51cfff76b3a1e2deece82b67687ca72a30d9f8,REFERENCE_OR_CUSTOM_TABLE_NOT_MARKED_LENS_VERIFIED,542.0,240.0,240.0,True,Holmer_1992_Annular,120,None_MSE_Method_Assumed_Zenith,21.13533980045878,0.269599,55.8334024265539,1.821850040074068,0.0,57.65525246662797,0.0,0.2730564077052759,DeepLabV3+_Xception65_ADE20K,C:\Users\pandya\OneDrive - UCL\Field experiment raw data\Complete Participantwise data\Final Data\ucm\P9\WalkG\ucm\CamUp\cam_20250806_113717.jpg,C:\Users\pandya\Documents\Github\docker\Paper3_Analysis\output\SVF Output\P9\WalkG\CamUp_SVF\cam_20250806_113717_svf.jpg,True,50.81379339,4.37182533,,,,,,,,,,,,,,,
P9,WalkG,cam_20250806_113718.jpg,2025-08-06 11:37:18,CamUp,neginja_MSE_SkyViewFactor_reference_table,"24,25,25,26,26,27,27,29,29,32,32,36,36,40,41,43,44",9d4c5f0c12889fb034103b01efa54b21690d648acad08c427f81fc6d33241e03,b677f291bd6311850d8cb19c1c51cfff76b3a1e2deece82b67687ca72a30d9f8,REFERENCE_OR_CUSTOM_TABLE_NOT_MARKED_LENS_VERIFIED,542.0,240.0,240.0,True,Holmer_1992_Annular,120,None_MSE_Method_Assumed_Zenith,20.997153359312385,0.328139,69.30160572644613,0.4969184423624354,0.0,69.79852416880856,0.0,0.8197219688804134,DeepLabV3+_Xception65_ADE20K,C:\Users\pandya\OneDrive - UCL\Field experiment raw data\Complete Participantwise data\Final Data\ucm\P9\WalkG\ucm\CamUp\cam_20250806_113718.jpg,C:\Users\pandya\Documents\Github\docker\Paper3_Analysis\output\SVF Output\P9\WalkG\CamUp_SVF\cam_20250806_113718_svf.jpg,True,50.81379443,4.37180698,,,,,,,,,,,,,,,
P9,WalkG,cam_20250806_113719.jpg,2025-08-06 11:37:19,CamUp,neginja_MSE_SkyViewFactor_reference_table,"24,25,25,26,26,27,27,29,29,32,32,36,36,40,41,43,44",9d4c5f0c12889fb034103b01efa54b21690d648acad08c427f81fc6d33241e03,b677f291bd6311850d8cb19c1c51cfff76b3a1e2deece82b67687ca72a30d9f8,REFERENCE_OR_CUSTOM_TABLE_NOT_MARKED_LENS_VERIFIED,542.0,240.0,240.0,True,Holmer_1992_Annular,120,None_MSE_Method_Assumed_Zenith,21.68034712434016,0.366209,71.6828344802808,0.0,0.0,71.6828344802808,0.0,1.44653566592046,DeepLabV3+_Xception65_ADE20K,C:\Users\pandya\OneDrive - UCL\Field experiment raw data\Complete Participantwise data\Final Data\ucm\P9\WalkG\ucm\CamUp\cam_20250806_113719.jpg,C:\Users\pandya\Documents\Github\docker\Paper3_Analysis\output\SVF Output\P9\WalkG\CamUp_SVF\cam_20250806_113719_svf.jpg,True,50.81378807,4.37178391,,,,,,,,,,,,,,,
P9,WalkG,cam_20250806_113720.jpg,2025-08-06 11:37:20,CamUp,neginja_MSE_SkyViewFactor_reference_table,"24,25,25,26,26,27,27,29,29,32,32,36,36,40,41,43,44",9d4c5f0c12889fb034103b01efa54b21690d648acad08c427f81fc6d33241e03,b677f291bd6311850d8cb19c1c51cfff76b3a1e2deece82b67687ca72a30d9f8,REFERENCE_OR_CUSTOM_TABLE_NOT_MARKED_LENS_VERIFIED,542.0,240.0,240.0,True,Holmer_1992_Annular,120,None_MSE_Method_Assumed_Zenith,23.799574385761268,0.378413,68.09385623082663,1.3260370892408038,0.0,69.41989332006743,0.0,1.1369980377525355,DeepLabV3+_Xception65_ADE20K,C:\Users\pandya\OneDrive - UCL\Field experiment raw data\Complete Participantwise data\Final Data\ucm\P9\WalkG\ucm\CamUp\cam_20250806_113720.jpg,C:\Users\pandya\Documents\Github\docker\Paper3_Analysis\output\SVF Output\P9\WalkG\CamUp_SVF\cam_20250806_113720_svf.jpg,True,50.8137803,4.37175906,,,,,,,,,,,,,,,
P9,WalkG,cam_20250806_113721.jpg,2025-08-06 11:37:21,CamUp,neginja_MSE_SkyViewFactor_reference_table,"24,25,25,26,26,27,27,29,29,32,32,36,36,40,41,43,44",9d4c5f0c12889fb034103b01efa54b21690d648acad08c427f81fc6d33241e03,b677f291bd6311850d8cb19c1c51cfff76b3a1e2deece82b67687ca72a30d9f8,REFERENCE_OR_CUSTOM_TABLE_NOT_MARKED_LENS_VERIFIED,542.0,240.0,240.0,True,Holmer_1992_Annular,120,None_MSE_Method_Assumed_Zenith,23.34798109609485,0.388185,65.01008761020368,2.621120415664815,0.0,67.6312080258685,0.0,0.0105021695271259,DeepLabV3+_Xception65_ADE20K,C:\Users\pandya\OneDrive - UCL\Field experiment raw data\Complete Participantwise data\Final Data\ucm\P9\WalkG\ucm\CamUp\cam_20250806_113721.jpg,C:\Users\pandya\Documents\Github\docker\Paper3_Analysis\output\SVF Output\P9\WalkG\CamUp_SVF\cam_20250806_113721_svf.jpg,True,50.81376839,4.37173902,,,,,,,,,,,,,,,
P9,WalkG,cam_20250806_113722.jpg,2025-08-06 11:37:22,CamUp,neginja_MSE_SkyViewFactor_reference_table,"24,25,25,26,26,27,27,29,29,32,32,36,36,40,41,43,44",9d4c5f0c12889fb034103b01efa54b21690d648acad08c427f81fc6d33241e03,b677f291bd6311850d8cb19c1c51cfff76b3a1e2deece82b67687ca72a30d9f8,REFERENCE_OR_CUSTOM_TABLE_NOT_MARKED_LENS_VERIFIED,542.0,240.0,240.0,True,Holmer_1992_Annular,120,None_MSE_Method_Assumed_Zenith,21.33930298759086,0.360573,71.26330044496034,0.0,0.0,71.26330044496034,0.0,0.0807008816294945,DeepLabV3+_Xception65_ADE20K,C:\Users\pandya\OneDrive - UCL\Field experiment raw data\Complete Participantwise data\Final Data\ucm\P9\WalkG\ucm\CamUp\cam_20250806_113722.jpg,C:\Users\pandya\Documents\Github\docker\Paper3_Analysis\output\SVF Output\P9\WalkG\CamUp_SVF\cam_20250806_113722_svf.jpg,True,50.81375885,4.37172052,,,,,,,,,,,,,,,
P9,WalkG,cam_20250806_113723.jpg,2025-08-06 11:37:23,CamUp,neginja_MSE_SkyViewFactor_reference_table,"24,25,25,26,26,27,27,29,29,32,32,36,36,40,41,43,44",9d4c5f0c12889fb034103b01efa54b21690d648acad08c427f81fc6d33241e03,b677f291bd6311850d8cb19c1c51cfff76b3a1e2deece82b67687ca72a30d9f8,REFERENCE_OR_CUSTOM_TABLE_NOT_MARKED_LENS_VERIFIED,542.0,240.0,240.0,True,Holmer_1992_Annular,120,None_MSE_Method_Assumed_Zenith,18.14830168863831,0.299771,77.53199016112539,0.0,0.0,77.53199016112539,0.0,0.0,DeepLabV3+_Xception65_ADE20K,C:\Users\pandya\OneDrive - UCL\Field experiment raw data\Complete Participantwise data\Final Data\ucm\P9\WalkG\ucm\CamUp\cam_20250806_113723.jpg,C:\Users\pandya\Documents\Github\docker\Paper3_Analysis\output\SVF Output\P9\WalkG\CamUp_SVF\cam_20250806_113723_svf.jpg,True,50.81375026,4.37170188,,,,,,,,,,,,,,,
P9,WalkG,cam_20250806_113724.jpg,2025-08-06 11:37:24,CamUp,neginja_MSE_SkyViewFactor_reference_table,"24,25,25,26,26,27,27,29,29,32,32,36,36,40,41,43,44",9d4c5f0c12889fb034103b01efa54b21690d648acad08c427f81fc6d33241e03,b677f291bd6311850d8cb19c1c51cfff76b3a1e2deece82b67687ca72a30d9f8,REFERENCE_OR_CUSTOM_TABLE_NOT_MARKED_LENS_VERIFIED,542.0,240.0,240.0,True,Holmer_1992_Annular,120,None_MSE_Method_Assumed_Zenith,19.665588812425725,0.290023,71.08034159688252,4.5922118121769895,0.0,75.6725534090595,0.0,0.0397976950501616,DeepLabV3+_Xception65_ADE20K,C:\Users\pandya\OneDrive - UCL\Field experiment raw data\Complete Participantwise data\Final Data\ucm\P9\WalkG\ucm\CamUp\cam_20250806_113724.jpg,C:\Users\pandya\Documents\Github\docker\Paper3_Analysis\output\SVF Output\P9\WalkG\CamUp_SVF\cam_20250806_113724_svf.jpg,True,50.81375026,4.37170188,,,,,,,,,,,,,,,
P9,WalkG,cam_20250806_113725.jpg,2025-08-06 11:37:25,CamUp,neginja_MSE_SkyViewFactor_reference_table,"24,25,25,26,26,27,27,29,29,32,32,36,36,40,41,43,44",9d4c5f0c12889fb034103b01efa54b21690d648acad08c427f81fc6d33241e03,b677f291bd6311850d8cb19c1c51cfff76b3a1e2deece82b67687ca72a30d9f8,REFERENCE_OR_CUSTOM_TABLE_NOT_MARKED_LENS_VERIFIED,542.0,240.0,240.0,True,Holmer_1992_Annular,120,None_MSE_Method_Assumed_Zenith,18.98294779316253,0.284928,74.22325401431613,1.5714562087168007,0.0,75.79471022303292,0.0,0.1707984412569438,DeepLabV3+_Xception65_ADE20K,C:\Users\pandya\OneDrive - UCL\Field experiment raw data\Complete Participantwise data\Final Data\ucm\P9\WalkG\ucm\CamUp\cam_20250806_113725.jpg,C:\Users\pandya\Documents\Github\docker\Paper3_Analysis\output\SVF Output\P9\WalkG\CamUp_SVF\cam_20250806_113725_svf.jpg,True,50.81373906,4.37167773,,,,,,,,,,,,,,,
P9,WalkG,cam_20250806_113726.jpg,2025-08-06 11:37:26,CamUp,neginja_MSE_SkyViewFactor_reference_table,"24,25,25,26,26,27,27,29,29,32,32,36,36,40,41,43,44",9d4c5f0c12889fb034103b01efa54b21690d648acad08c427f81fc6d33241e03,b677f291bd6311850d8cb19c1c51cfff76b3a1e2deece82b67687ca72a30d9f8,REFERENCE_OR_CUSTOM_TABLE_NOT_MARKED_LENS_VERIFIED,542.0,240.0,240.0,True,Holmer_1992_Annular,120,None_MSE_Method_Assumed_Zenith,15.098250559655083,0.265694,77.37556310974767,0.0,0.0,77.37556310974767,0.0,0.6323411546859022,DeepLabV3+_Xception65_ADE20K,C:\Users\pandya\OneDrive - UCL\Field experiment raw data\Complete Participantwise data\Final Data\ucm\P9\WalkG\ucm\CamUp\cam_20250806_113726.jpg,C:\Users\pandya\Documents\Github\docker\Paper3_Analysis\output\SVF Output\P9\WalkG\CamUp_SVF\cam_20250806_113726_svf.jpg,True,50.81373886,4.37166481,,,,,,,,,,,,,,,
P9,WalkG,cam_20250806_113727.jpg,2025-08-06 11:37:27,CamUp,neginja_MSE_SkyViewFactor_reference_table,"24,25,25,26,26,27,27,29,29,32,32,36,36,40,41,43,44",9d4c5f0c12889fb034103b01efa54b21690d648acad08c427f81fc6d33241e03,b677f291bd6311850d8cb19c1c51cfff76b3a1e2deece82b67687ca72a30d9f8,REFERENCE_OR_CUSTOM_TABLE_NOT_MARKED_LENS_VERIFIED,542.0,240.0,240.0,True,Holmer_1992_Annular,120,None_MSE_Method_Assumed_Zenith,15.96661415581903,0.248489,76.80457673493078,0.0,0.0,76.80457673493078,0.0,0.0016582372937567,DeepLabV3+_Xception65_ADE20K,C:\Users\pandya\OneDrive - UCL\Field experiment raw data\Complete Participantwise data\Final Data\ucm\P9\WalkG\ucm\CamUp\cam_20250806_113727.jpg,C:\Users\pandya\Documents\Github\docker\Paper3_Analysis\output\SVF Output\P9\WalkG\CamUp_SVF\cam_20250806_113727_svf.jpg,True,50.81373886,4.37166481,,,,,,,,,,,,,,,
P9,WalkG,cam_20250806_113728.jpg,2025-08-06 11:37:28,CamUp,neginja_MSE_SkyViewFactor_reference_table,"24,25,25,26,26,27,27,29,29,32,32,36,36,40,41,43,44",9d4c5f0c12889fb034103b01efa54b21690d648acad08c427f81fc6d33241e03,b677f291bd6311850d8cb19c1c51cfff76b3a1e2deece82b67687ca72a30d9f8,REFERENCE_OR_CUSTOM_TABLE_NOT_MARKED_LENS_VERIFIED,542.0,240.0,240.0,True,Holmer_1992_Annular,120,None_MSE_Method_Assumed_Zenith,12.587126551142802,0.203028,82.54373600862283,0.0,0.0,82.54373600862283,0.0,0.7771605450073239,DeepLabV3+_Xception65_ADE20K,C:\Users\pandya\OneDrive - UCL\Field experiment raw data\Complete Participantwise data\Final Data\ucm\P9\WalkG\ucm\CamUp\cam_20250806_113728.jpg,C:\Users\pandya\Documents\Github\docker\Paper3_Analysis\output\SVF Output\P9\WalkG\CamUp_SVF\cam_20250806_113728_svf.jpg,True,50.81373321,4.37163775,,,,,,,,,,,,,,,
P9,WalkG,cam_20250806_113729.jpg,2025-08-06 11:37:29,CamUp,neginja_MSE_SkyViewFactor_reference_table,"24,25,25,26,26,27,27,29,29,32,32,36,36,40,41,43,44",9d4c5f0c12889fb034103b01efa54b21690d648acad08c427f81fc6d33241e03,b677f291bd6311850d8cb19c1c51cfff76b3a1e2deece82b67687ca72a30d9f8,REFERENCE_OR_CUSTOM_TABLE_NOT_MARKED_LENS_VERIFIED,542.0,240.0,240.0,True,Holmer_1992_Annular,120,None_MSE_Method_Assumed_Zenith,12.838073128264654,0.189511,77.8724815521101,0.0,0.0,77.8724815521101,0.0,0.683746510792361,DeepLabV3+_Xception65_ADE20K,C:\Users\pandya\OneDrive - UCL\Field experiment raw data\Complete Participantwise data\Final Data\ucm\P9\WalkG\ucm\CamUp\cam_20250806_113729.jpg,C:\Users\pandya\Documents\Github\docker\Paper3_Analysis\output\SVF Output\P9\WalkG\CamUp_SVF\cam_20250806_113729_svf.jpg,True,50.81373251,4.37162066,,,,,,,,,,,,,,,
P9,WalkG,cam_20250806_113730.jpg,2025-08-06 11:37:30,CamUp,neginja_MSE_SkyViewFactor_reference_table,"24,25,25,26,26,27,27,29,29,32,32,36,36,40,41,43,44",9d4c5f0c12889fb034103b01efa54b21690d648acad08c427f81fc6d33241e03,b677f291bd6311850d8cb19c1c51cfff76b3a1e2deece82b67687ca72a30d9f8,REFERENCE_OR_CUSTOM_TABLE_NOT_MARKED_LENS_VERIFIED,542.0,240.0,240.0,True,Holmer_1992_Annular,120,None_MSE_Method_Assumed_Zenith,11.880717464002434,0.128733,83.83218638587182,0.0027637288229278,0.0,83.83495011469475,0.0,0.003869220352099,DeepLabV3+_Xception65_ADE20K,C:\Users\pandya\OneDrive - UCL\Field experiment raw data\Complete Participantwise data\Final Data\ucm\P9\WalkG\ucm\CamUp\cam_20250806_113730.jpg,C:\Users\pandya\Documents\Github\docker\Paper3_Analysis\output\SVF Output\P9\WalkG\CamUp_SVF\cam_20250806_113730_svf.jpg,True,50.81372892,4.37160331,,,,,,,,,,,,,,,
P9,WalkG,cam_20250806_113731.jpg,2025-08-06 11:37:31,CamUp,neginja_MSE_SkyViewFactor_reference_table,"24,25,25,26,26,27,27,29,29,32,32,36,36,40,41,43,44",9d4c5f0c12889fb034103b01efa54b21690d648acad08c427f81fc6d33241e03,b677f291bd6311850d8cb19c1c51cfff76b3a1e2deece82b67687ca72a30d9f8,REFERENCE_OR_CUSTOM_TABLE_NOT_MARKED_LENS_VERIFIED,542.0,240.0,240.0,True,Holmer_1992_Annular,120,None_MSE_Method_Assumed_Zenith,7.171323549733301,0.067155,87.62070585634137,0.0,0.0,87.62070585634137,0.0,0.2691871873531769,DeepLabV3+_Xception65_ADE20K,C:\Users\pandya\OneDrive - UCL\Field experiment raw data\Complete Participantwise data\Final Data\ucm\P9\WalkG\ucm\CamUp\cam_20250806_113731.jpg,C:\Users\pandya\Documents\Github\docker\Paper3_Analysis\output\SVF Output\P9\WalkG\CamUp_SVF\cam_20250806_113731_svf.jpg,True,50.81372252,4.37158714,,,,,,,,,,,,,,,
P9,WalkG,cam_20250806_113732.jpg,2025-08-06 11:37:32,CamUp,neginja_MSE_SkyViewFactor_reference_table,"24,25,25,26,26,27,27,29,29,32,32,36,36,40,41,43,44",9d4c5f0c12889fb034103b01efa54b21690d648acad08c427f81fc6d33241e03,b677f291bd6311850d8cb19c1c51cfff76b3a1e2deece82b67687ca72a30d9f8,REFERENCE_OR_CUSTOM_TABLE_NOT_MARKED_LENS_VERIFIED,542.0,240.0,240.0,True,Holmer_1992_Annular,120,None_MSE_Method_Assumed_Zenith,8.053505790011883,0.072432,85.14827405135009,0.4587789846060304,0.0,85.60705303595611,0.0,0.2448663737114114,DeepLabV3+_Xception65_ADE20K,C:\Users\pandya\OneDrive - UCL\Field experiment raw data\Complete Participantwise data\Final Data\ucm\P9\WalkG\ucm\CamUp\cam_20250806_113732.jpg,C:\Users\pandya\Documents\Github\docker\Paper3_Analysis\output\SVF Output\P9\WalkG\CamUp_SVF\cam_20250806_113732_svf.jpg,True,50.81371564,4.37157155,,,,,,,,,,,,,,,
P9,WalkG,cam_20250806_113733.jpg,2025-08-06 11:37:33,CamUp,neginja_MSE_SkyViewFactor_reference_table,"24,25,25,26,26,27,27,29,29,32,32,36,36,40,41,43,44",9d4c5f0c12889fb034103b01efa54b21690d648acad08c427f81fc6d33241e03,b677f291bd6311850d8cb19c1c51cfff76b3a1e2deece82b67687ca72a30d9f8,REFERENCE_OR_CUSTOM_TABLE_NOT_MARKED_LENS_VERIFIED,542.0,240.0,240.0,True,Holmer_1992_Annular,120,None_MSE_Method_Assumed_Zenith,3.2319044855318797,0.028898,94.9937816101484,0.0,0.0,94.9937816101484,0.0,0.1464776276151784,DeepLabV3+_Xception65_ADE20K,C:\Users\pandya\OneDrive - UCL\Field experiment raw data\Complete Participantwise data\Final Data\ucm\P9\WalkG\ucm\CamUp\cam_20250806_113733.jpg,C:\Users\pandya\Documents\Github\docker\Paper3_Analysis\output\SVF Output\P9\WalkG\CamUp_SVF\cam_20250806_113733_svf.jpg,True,50.81371564,4.37157155,,,,,,,,,,,,,,,
P9,WalkG,cam_20250806_113734.jpg,2025-08-06 11:37:34,CamUp,neginja_MSE_SkyViewFactor_reference_table,"24,25,25,26,26,27,27,29,29,32,32,36,36,40,41,43,44",9d4c5f0c12889fb034103b01efa54b21690d648acad08c427f81fc6d33241e03,b677f291bd6311850d8cb19c1c51cfff76b3a1e2deece82b67687ca72a30d9f8,REFERENCE_OR_CUSTOM_TABLE_NOT_MARKED_LENS_VERIFIED,542.0,240.0,240.0,True,Holmer_1992_Annular,120,None_MSE_Method_Assumed_Zenith,5.363844899538457,0.040656,93.54006024928832,0.2421026448884835,0.0,93.78216289417682,0.0,0.5577204764668491,DeepLabV3+_Xception65_ADE20K,C:\Users\pandya\OneDrive - UCL\Field experiment raw data\Complete Participantwise data\Final Data\ucm\P9\WalkG\ucm\CamUp\cam_20250806_113734.jpg,C:\Users\pandya\Documents\Github\docker\Paper3_Analysis\output\SVF Output\P9\WalkG\CamUp_SVF\cam_20250806_113734_svf.jpg,True,50.81370765,4.37154246,,,,,,,,,,,,,,,
P9,WalkG,cam_20250806_113735.jpg,2025-08-06 11:37:35,CamUp,neginja_MSE_SkyViewFactor_reference_table,"24,25,25,26,26,27,27,29,29,32,32,36,36,40,41,43,44",9d4c5f0c12889fb034103b01efa54b21690d648acad08c427f81fc6d33241e03,b677f291bd6311850d8cb19c1c51cfff76b3a1e2deece82b67687ca72a30d9f8,REFERENCE_OR_CUSTOM_TABLE_NOT_MARKED_LENS_VERIFIED,542.0,240.0,240.0,True,Holmer_1992_Annular,120,None_MSE_Method_Assumed_Zenith,6.362656496144599,0.053701,91.90172180305667,0.0011054915291711,0.0,91.90282729458583,0.0,0.112760135975458,DeepLabV3+_Xception65_ADE20K,C:\Users\pandya\OneDrive - UCL\Field experiment raw data\Complete Participantwise data\Final Data\ucm\P9\WalkG\ucm\CamUp\cam_20250806_113735.jpg,C:\Users\pandya\Documents\Github\docker\Paper3_Analysis\output\SVF Output\P9\WalkG\CamUp_SVF\cam_20250806_113735_svf.jpg,True,50.81370338,4.37152534,,,,,,,,,,,,,,,
P9,WalkG,cam_20250806_113736.jpg,2025-08-06 11:37:36,CamUp,neginja_MSE_SkyViewFactor_reference_table,"24,25,25,26,26,27,27,29,29,32,32,36,36,40,41,43,44",9d4c5f0c12889fb034103b01efa54b21690d648acad08c427f81fc6d33241e03,b677f291bd6311850d8cb19c1c51cfff76b3a1e2deece82b67687ca72a30d9f8,REFERENCE_OR_CUSTOM_TABLE_NOT_MARKED_LENS_VERIFIED,542.0,240.0,240.0,True,Holmer_1992_Annular,120,None_MSE_Method_Assumed_Zenith,7.987176298261614,0.0716,81.92355526075782,0.3006936959345549,0.0,82.22424895669238,0.0,0.0370339662272337,DeepLabV3+_Xception65_ADE20K,C:\Users\pandya\OneDrive - UCL\Field experiment raw data\Complete Participantwise data\Final Data\ucm\P9\WalkG\ucm\CamUp\cam_20250806_113736.jpg,C:\Users\pandya\Documents\Github\docker\Paper3_Analysis\output\SVF Output\P9\WalkG\CamUp_SVF\cam_20250806_113736_svf.jpg,True,50.81370019,4.37150628,,,,,,,,,,,,,,,
P9,WalkG,cam_20250806_113737.jpg,2025-08-06 11:37:37,CamUp,neginja_MSE_SkyViewFactor_reference_table,"24,25,25,26,26,27,27,29,29,32,32,36,36,40,41,43,44",9d4c5f0c12889fb034103b01efa54b21690d648acad08c427f81fc6d33241e03,b677f291bd6311850d8cb19c1c51cfff76b3a1e2deece82b67687ca72a30d9f8,REFERENCE_OR_CUSTOM_TABLE_NOT_MARKED_LENS_VERIFIED,542.0,240.0,240.0,True,Holmer_1992_Annular,120,None_MSE_Method_Assumed_Zenith,8.474698062626095,0.105712,91.21300058038304,0.2995882044053837,0.0,91.51258878478843,0.0,0.0127131525854683,DeepLabV3+_Xception65_ADE20K,C:\Users\pandya\OneDrive - UCL\Field experiment raw data\Complete Participantwise data\Final Data\ucm\P9\WalkG\ucm\CamUp\cam_20250806_113737.jpg,C:\Users\pandya\Documents\Github\docker\Paper3_Analysis\output\SVF Output\P9\WalkG\CamUp_SVF\cam_20250806_113737_svf.jpg,True,50.81370019,4.37150628,,,,,,,,,,,,,,,
P9,WalkG,cam_20250806_113738.jpg,2025-08-06 11:37:38,CamUp,neginja_MSE_SkyViewFactor_reference_table,"24,25,25,26,26,27,27,29,29,32,32,36,36,40,41,43,44",9d4c5f0c12889fb034103b01efa54b21690d648acad08c427f81fc6d33241e03,b677f291bd6311850d8cb19c1c51cfff76b3a1e2deece82b67687ca72a30d9f8,REFERENCE_OR_CUSTOM_TABLE_NOT_MARKED_LENS_VERIFIED,542.0,240.0,240.0,True,Holmer_1992_Annular,120,None_MSE_Method_Assumed_Zenith,11.714893734626758,0.159862,87.01102727800348,1.1911671226819225,0.0,88.2021944006854,0.0,0.0,DeepLabV3+_Xception65_ADE20K,C:\Users\pandya\OneDrive - UCL\Field experiment raw data\Complete Participantwise data\Final Data\ucm\P9\WalkG\ucm\CamUp\cam_20250806_113738.jpg,C:\Users\pandya\Documents\Github\docker\Paper3_Analysis\output\SVF Output\P9\WalkG\CamUp_SVF\cam_20250806_113738_svf.jpg,True,50.81369136,4.37147549,,,,,,,,,,,,,,,
P9,WalkG,cam_20250806_113739.jpg,2025-08-06 11:37:39,CamUp,neginja_MSE_SkyViewFactor_reference_table,"24,25,25,26,26,27,27,29,29,32,32,36,36,40,41,43,44",9d4c5f0c12889fb034103b01efa54b21690d648acad08c427f81fc6d33241e03,b677f291bd6311850d8cb19c1c51cfff76b3a1e2deece82b67687ca72a30d9f8,REFERENCE_OR_CUSTOM_TABLE_NOT_MARKED_LENS_VERIFIED,542.0,240.0,240.0,True,Holmer_1992_Annular,120,None_MSE_Method_Assumed_Zenith,13.180775502307712,0.171127,86.18190863112511,0.3559682723931128,0.0,86.53787690351822,0.0,0.0292955255230356,DeepLabV3+_Xception65_ADE20K,C:\Users\pandya\OneDrive - UCL\Field experiment raw data\Complete Participantwise data\Final Data\ucm\P9\WalkG\ucm\CamUp\cam_20250806_113739.jpg,C:\Users\pandya\Documents\Github\docker\Paper3_Analysis\output\SVF Output\P9\WalkG\CamUp_SVF\cam_20250806_113739_svf.jpg,True,50.8136922,4.37145939,,,,,,,,,,,,,,,
P9,WalkG,cam_20250806_113740.jpg,2025-08-06 11:37:40,CamUp,neginja_MSE_SkyViewFactor_reference_table,"24,25,25,26,26,27,27,29,29,32,32,36,36,40,41,43,44",9d4c5f0c12889fb034103b01efa54b21690d648acad08c427f81fc6d33241e03,b677f291bd6311850d8cb19c1c51cfff76b3a1e2deece82b67687ca72a30d9f8,REFERENCE_OR_CUSTOM_TABLE_NOT_MARKED_LENS_VERIFIED,542.0,240.0,240.0,True,Holmer_1992_Annular,120,None_MSE_Method_Assumed_Zenith,17.434154160793742,0.218615,79.88060691484952,2.2568609568029188,0.0,82.13746787165245,0.0,0.0,DeepLabV3+_Xception65_ADE20K,C:\Users\pandya\OneDrive - UCL\Field experiment raw data\Complete Participantwise data\Final Data\ucm\P9\WalkG\ucm\CamUp\cam_20250806_113740.jpg,C:\Users\pandya\Documents\Github\docker\Paper3_Analysis\output\SVF Output\P9\WalkG\CamUp_SVF\cam_20250806_113740_svf.jpg,True,50.81368753,4.37144173,,,,,,,,,,,,,,,
P9,WalkG,cam_20250806_113741.jpg,2025-08-06 11:37:41,CamUp,neginja_MSE_SkyViewFactor_reference_table,"24,25,25,26,26,27,27,29,29,32,32,36,36,40,41,43,44",9d4c5f0c12889fb034103b01efa54b21690d648acad08c427f81fc6d33241e03,b677f291bd6311850d8cb19c1c51cfff76b3a1e2deece82b67687ca72a30d9f8,REFERENCE_OR_CUSTOM_TABLE_NOT_MARKED_LENS_VERIFIED,542.0,240.0,240.0,True,Holmer_1992_Annular,120,None_MSE_Method_Assumed_Zenith,15.07061327142581,0.237395,84.69170604980239,0.0,0.0,84.69170604980239,0.0,0.077384407041981,DeepLabV3+_Xception65_ADE20K,C:\Users\pandya\OneDrive - UCL\Field experiment raw data\Complete Participantwise data\Final Data\ucm\P9\WalkG\ucm\CamUp\cam_20250806_113741.jpg,C:\Users\pandya\Documents\Github\docker\Paper3_Analysis\output\SVF Output\P9\WalkG\CamUp_SVF\cam_20250806_113741_svf.jpg,True,50.81368753,4.37144173,,,,,,,,,,,,,,,
P9,WalkG,cam_20250806_113742.jpg,2025-08-06 11:37:42,CamUp,neginja_MSE_SkyViewFactor_reference_table,"24,25,25,26,26,27,27,29,29,32,32,36,36,40,41,43,44",9d4c5f0c12889fb034103b01efa54b21690d648acad08c427f81fc6d33241e03,b677f291bd6311850d8cb19c1c51cfff76b3a1e2deece82b67687ca72a30d9f8,REFERENCE_OR_CUSTOM_TABLE_NOT_MARKED_LENS_VERIFIED,542.0,240.0,240.0,True,Holmer_1992_Annular,120,None_MSE_Method_Assumed_Zenith,18.80883287731808,0.288166,80.5516402730564,0.0,0.0,80.5516402730564,0.0,0.1459248818505928,DeepLabV3+_Xception65_ADE20K,C:\Users\pandya\OneDrive - UCL\Field experiment raw data\Complete Participantwise data\Final Data\ucm\P9\WalkG\ucm\CamUp\cam_20250806_113742.jpg,C:\Users\pandya\Documents\Github\docker\Paper3_Analysis\output\SVF Output\P9\WalkG\CamUp_SVF\cam_20250806_113742_svf.jpg,True,50.81368045,4.3714037,,,,,,,,,,,,,,,
P9,WalkG,cam_20250806_113743.jpg,2025-08-06 11:37:43,CamUp,neginja_MSE_SkyViewFactor_reference_table,"24,25,25,26,26,27,27,29,29,32,32,36,36,40,41,43,44",9d4c5f0c12889fb034103b01efa54b21690d648acad08c427f81fc6d33241e03,b677f291bd6311850d8cb19c1c51cfff76b3a1e2deece82b67687ca72a30d9f8,REFERENCE_OR_CUSTOM_TABLE_NOT_MARKED_LENS_VERIFIED,542.0,240.0,240.0,True,Holmer_1992_Annular,120,None_MSE_Method_Assumed_Zenith,16.694027582013653,0.262703,83.29823397728215,0.0,0.0,83.29823397728215,0.0,0.0005527457645855,DeepLabV3+_Xception65_ADE20K,C:\Users\pandya\OneDrive - UCL\Field experiment raw data\Complete Participantwise data\Final Data\ucm\P9\WalkG\ucm\CamUp\cam_20250806_113743.jpg,C:\Users\pandya\Documents\Github\docker\Paper3_Analysis\output\SVF Output\P9\WalkG\CamUp_SVF\cam_20250806_113743_svf.jpg,True,50.81368045,4.3714037,,,,,,,,,,,,,,,
P9,WalkG,cam_20250806_113744.jpg,2025-08-06 11:37:44,CamUp,neginja_MSE_SkyViewFactor_reference_table,"24,25,25,26,26,27,27,29,29,32,32,36,36,40,41,43,44",9d4c5f0c12889fb034103b01efa54b21690d648acad08c427f81fc6d33241e03,b677f291bd6311850d8cb19c1c51cfff76b3a1e2deece82b67687ca72a30d9f8,REFERENCE_OR_CUSTOM_TABLE_NOT_MARKED_LENS_VERIFIED,542.0,240.0,240.0,True,Holmer_1992_Annular,120,None_MSE_Method_Assumed_Zenith,22.752673907636183,0.303867,75.22372384821601,0.0475361357543597,0.0,75.27125998397037,0.0,0.0558273222231434,DeepLabV3+_Xception65_ADE20K,C:\Users\pandya\OneDrive - UCL\Field experiment raw data\Complete Participantwise data\Final Data\ucm\P9\WalkG\ucm\CamUp\cam_20250806_113744.jpg,C:\Users\pandya\Documents\Github\docker\Paper3_Analysis\output\SVF Output\P9\WalkG\CamUp_SVF\cam_20250806_113744_svf.jpg,True,50.81367263,4.37138801,,,,,,,,,,,,,,,
P9,WalkG,cam_20250806_113745.jpg,2025-08-06 11:37:45,CamUp,neginja_MSE_SkyViewFactor_reference_table,"24,25,25,26,26,27,27,29,29,32,32,36,36,40,41,43,44",9d4c5f0c12889fb034103b01efa54b21690d648acad08c427f81fc6d33241e03,b677f291bd6311850d8cb19c1c51cfff76b3a1e2deece82b67687ca72a30d9f8,REFERENCE_OR_CUSTOM_TABLE_NOT_MARKED_LENS_VERIFIED,542.0,240.0,240.0,True,Holmer_1992_Annular,120,None_MSE_Method_Assumed_Zenith,18.356686841887075,0.286077,80.90484481662659,0.0,0.0,80.90484481662659,0.0,0.2299422380676008,DeepLabV3+_Xception65_ADE20K,C:\Users\pandya\OneDrive - UCL\Field experiment raw data\Complete Participantwise data\Final Data\ucm\P9\WalkG\ucm\CamUp\cam_20250806_113745.jpg,C:\Users\pandya\Documents\Github\docker\Paper3_Analysis\output\SVF Output\P9\WalkG\CamUp_SVF\cam_20250806_113745_svf.jpg,True,50.81367129,4.3713542,,,,,,,,,,,,,,,
P9,WalkG,cam_20250806_113746.jpg,2025-08-06 11:37:46,CamUp,neginja_MSE_SkyViewFactor_reference_table,"24,25,25,26,26,27,27,29,29,32,32,36,36,40,41,43,44",9d4c5f0c12889fb034103b01efa54b21690d648acad08c427f81fc6d33241e03,b677f291bd6311850d8cb19c1c51cfff76b3a1e2deece82b67687ca72a30d9f8,REFERENCE_OR_CUSTOM_TABLE_NOT_MARKED_LENS_VERIFIED,542.0,240.0,240.0,True,Holmer_1992_Annular,120,None_MSE_Method_Assumed_Zenith,14.892629135229251,0.231527,83.09371804438548,0.0,0.0,83.09371804438548,0.0,0.0,DeepLabV3+_Xception65_ADE20K,C:\Users\pandya\OneDrive - UCL\Field experiment raw data\Complete Participantwise data\Final Data\ucm\P9\WalkG\ucm\CamUp\cam_20250806_113746.jpg,C:\Users\pandya\Documents\Github\docker\Paper3_Analysis\output\SVF Output\P9\WalkG\CamUp_SVF\cam_20250806_113746_svf.jpg,True,50.81367129,4.3713542,,,,,,,,,,,,,,,
P9,WalkG,cam_20250806_113747.jpg,2025-08-06 11:37:47,CamUp,neginja_MSE_SkyViewFactor_reference_table,"24,25,25,26,26,27,27,29,29,32,32,36,36,40,41,43,44",9d4c5f0c12889fb034103b01efa54b21690d648acad08c427f81fc6d33241e03,b677f291bd6311850d8cb19c1c51cfff76b3a1e2deece82b67687ca72a30d9f8,REFERENCE_OR_CUSTOM_TABLE_NOT_MARKED_LENS_VERIFIED,542.0,240.0,240.0,True,Holmer_1992_Annular,120,None_MSE_Method_Assumed_Zenith,11.80222756543128,0.175112,84.00630130171628,0.0,0.0,84.00630130171628,0.0,0.0027637288229278,DeepLabV3+_Xception65_ADE20K,C:\Users\pandya\OneDrive - UCL\Field experiment raw data\Complete Participantwise data\Final Data\ucm\P9\WalkG\ucm\CamUp\cam_20250806_113747.jpg,C:\Users\pandya\Documents\Github\docker\Paper3_Analysis\output\SVF Output\P9\WalkG\CamUp_SVF\cam_20250806_113747_svf.jpg,True,50.81368026,4.37131897,,,,,,,,,,,,,,,
P9,WalkG,cam_20250806_113748.jpg,2025-08-06 11:37:48,CamUp,neginja_MSE_SkyViewFactor_reference_table,"24,25,25,26,26,27,27,29,29,32,32,36,36,40,41,43,44",9d4c5f0c12889fb034103b01efa54b21690d648acad08c427f81fc6d33241e03,b677f291bd6311850d8cb19c1c51cfff76b3a1e2deece82b67687ca72a30d9f8,REFERENCE_OR_CUSTOM_TABLE_NOT_MARKED_LENS_VERIFIED,542.0,240.0,240.0,True,Holmer_1992_Annular,120,None_MSE_Method_Assumed_Zenith,17.13567144791753,0.243198,82.4724318049913,0.0,0.0,82.4724318049913,0.0,0.0,DeepLabV3+_Xception65_ADE20K,C:\Users\pandya\OneDrive - UCL\Field experiment raw data\Complete Participantwise data\Final Data\ucm\P9\WalkG\ucm\CamUp\cam_20250806_113748.jpg,C:\Users\pandya\Documents\Github\docker\Paper3_Analysis\output\SVF Output\P9\WalkG\CamUp_SVF\cam_20250806_113748_svf.jpg,True,50.81368936,4.37130532,,,,,,,,,,,,,,,
P9,WalkG,cam_20250806_113749.jpg,2025-08-06 11:37:49,CamUp,neginja_MSE_SkyViewFactor_reference_table,"24,25,25,26,26,27,27,29,29,32,32,36,36,40,41,43,44",9d4c5f0c12889fb034103b01efa54b21690d648acad08c427f81fc6d33241e03,b677f291bd6311850d8cb19c1c51cfff76b3a1e2deece82b67687ca72a30d9f8,REFERENCE_OR_CUSTOM_TABLE_NOT_MARKED_LENS_VERIFIED,542.0,240.0,240.0,True,Holmer_1992_Annular,120,None_MSE_Method_Assumed_Zenith,16.573529005334,0.240184,82.99090733217257,0.0,0.0,82.99090733217257,0.0,0.0381394577564049,DeepLabV3+_Xception65_ADE20K,C:\Users\pandya\OneDrive - UCL\Field experiment raw data\Complete Participantwise data\Final Data\ucm\P9\WalkG\ucm\CamUp\cam_20250806_113749.jpg,C:\Users\pandya\Documents\Github\docker\Paper3_Analysis\output\SVF Output\P9\WalkG\CamUp_SVF\cam_20250806_113749_svf.jpg,True,50.81368936,4.37130532,,,,,,,,,,,,,,,
P9,WalkG,cam_20250806_113750.jpg,2025-08-06 11:37:50,CamUp,neginja_MSE_SkyViewFactor_reference_table,"24,25,25,26,26,27,27,29,29,32,32,36,36,40,41,43,44",9d4c5f0c12889fb034103b01efa54b21690d648acad08c427f81fc6d33241e03,b677f291bd6311850d8cb19c1c51cfff76b3a1e2deece82b67687ca72a30d9f8,REFERENCE_OR_CUSTOM_TABLE_NOT_MARKED_LENS_VERIFIED,542.0,240.0,240.0,True,Holmer_1992_Annular,120,None_MSE_Method_Assumed_Zenith,15.113727441063482,0.206252,81.36638753005555,0.0,0.0,81.36638753005555,0.0,0.0812536273940801,DeepLabV3+_Xception65_ADE20K,C:\Users\pandya\OneDrive - UCL\Field experiment raw data\Complete Participantwise data\Final Data\ucm\P9\WalkG\ucm\CamUp\cam_20250806_113750.jpg,C:\Users\pandya\Documents\Github\docker\Paper3_Analysis\output\SVF Output\P9\WalkG\CamUp_SVF\cam_20250806_113750_svf.jpg,True,50.81370957,4.3712755,,,,,,,,,,,,,,,
P9,WalkG,cam_20250806_113751.jpg,2025-08-06 11:37:51,CamUp,neginja_MSE_SkyViewFactor_reference_table,"24,25,25,26,26,27,27,29,29,32,32,36,36,40,41,43,44",9d4c5f0c12889fb034103b01efa54b21690d648acad08c427f81fc6d33241e03,b677f291bd6311850d8cb19c1c51cfff76b3a1e2deece82b67687ca72a30d9f8,REFERENCE_OR_CUSTOM_TABLE_NOT_MARKED_LENS_VERIFIED,542.0,240.0,240.0,True,Holmer_1992_Annular,120,None_MSE_Method_Assumed_Zenith,18.995108199983417,0.255678,79.9657297625957,0.0,0.0,79.9657297625957,0.0,0.0077384407041981,DeepLabV3+_Xception65_ADE20K,C:\Users\pandya\OneDrive - UCL\Field experiment raw data\Complete Participantwise data\Final Data\ucm\P9\WalkG\ucm\CamUp\cam_20250806_113751.jpg,C:\Users\pandya\Documents\Github\docker\Paper3_Analysis\output\SVF Output\P9\WalkG\CamUp_SVF\cam_20250806_113751_svf.jpg,True,50.81371219,4.37125871,,,,,,,,,,,,,,,
P9,WalkG,cam_20250806_113752.jpg,2025-08-06 11:37:52,CamUp,neginja_MSE_SkyViewFactor_reference_table,"24,25,25,26,26,27,27,29,29,32,32,36,36,40,41,43,44",9d4c5f0c12889fb034103b01efa54b21690d648acad08c427f81fc6d33241e03,b677f291bd6311850d8cb19c1c51cfff76b3a1e2deece82b67687ca72a30d9f8,REFERENCE_OR_CUSTOM_TABLE_NOT_MARKED_LENS_VERIFIED,542.0,240.0,240.0,True,Holmer_1992_Annular,120,None_MSE_Method_Assumed_Zenith,20.877207528397317,0.27212,78.78561755520548,0.0060802034104413,0.0,78.79169775861592,0.0,0.0,DeepLabV3+_Xception65_ADE20K,C:\Users\pandya\OneDrive - UCL\Field experiment raw data\Complete Participantwise data\Final Data\ucm\P9\WalkG\ucm\CamUp\cam_20250806_113752.jpg,C:\Users\pandya\Documents\Github\docker\Paper3_Analysis\output\SVF Output\P9\WalkG\CamUp_SVF\cam_20250806_113752_svf.jpg,True,50.81371219,4.37125871,,,,,,,,,,,,,,,
P9,WalkG,cam_20250806_113753.jpg,2025-08-06 11:37:53,CamUp,neginja_MSE_SkyViewFactor_reference_table,"24,25,25,26,26,27,27,29,29,32,32,36,36,40,41,43,44",9d4c5f0c12889fb034103b01efa54b21690d648acad08c427f81fc6d33241e03,b677f291bd6311850d8cb19c1c51cfff76b3a1e2deece82b67687ca72a30d9f8,REFERENCE_OR_CUSTOM_TABLE_NOT_MARKED_LENS_VERIFIED,542.0,240.0,240.0,True,Holmer_1992_Annular,120,None_MSE_Method_Assumed_Zenith,20.21557084818837,0.27241,78.19252134980516,0.0077384407041981,0.0,78.20025979050936,0.0,0.2083851532487632,DeepLabV3+_Xception65_ADE20K,C:\Users\pandya\OneDrive - UCL\Field experiment raw data\Complete Participantwise data\Final Data\ucm\P9\WalkG\ucm\CamUp\cam_20250806_113753.jpg,C:\Users\pandya\Documents\Github\docker\Paper3_Analysis\output\SVF Output\P9\WalkG\CamUp_SVF\cam_20250806_113753_svf.jpg,True,50.8137152,4.37122632,,,,,,,,,,,,,,,
P9,WalkG,cam_20250806_113754.jpg,2025-08-06 11:37:54,CamUp,neginja_MSE_SkyViewFactor_reference_table,"24,25,25,26,26,27,27,29,29,32,32,36,36,40,41,43,44",9d4c5f0c12889fb034103b01efa54b21690d648acad08c427f81fc6d33241e03,b677f291bd6311850d8cb19c1c51cfff76b3a1e2deece82b67687ca72a30d9f8,REFERENCE_OR_CUSTOM_TABLE_NOT_MARKED_LENS_VERIFIED,542.0,240.0,240.0,True,Holmer_1992_Annular,120,None_MSE_Method_Assumed_Zenith,17.171599922615595,0.244124,82.460824143935,0.0,0.0,82.460824143935,0.0,0.2758201365282038,DeepLabV3+_Xception65_ADE20K,C:\Users\pandya\OneDrive - UCL\Field experiment raw data\Complete Participantwise data\Final Data\ucm\P9\WalkG\ucm\CamUp\cam_20250806_113754.jpg,C:\Users\pandya\Documents\Github\docker\Paper3_Analysis\output\SVF Output\P9\WalkG\CamUp_SVF\cam_20250806_113754_svf.jpg,True,50.8137152,4.37122632,,,,,,,,,,,,,,,
P9,WalkG,cam_20250806_113755.jpg,2025-08-06 11:37:55,CamUp,neginja_MSE_SkyViewFactor_reference_table,"24,25,25,26,26,27,27,29,29,32,32,36,36,40,41,43,44",9d4c5f0c12889fb034103b01efa54b21690d648acad08c427f81fc6d33241e03,b677f291bd6311850d8cb19c1c51cfff76b3a1e2deece82b67687ca72a30d9f8,REFERENCE_OR_CUSTOM_TABLE_NOT_MARKED_LENS_VERIFIED,542.0,240.0,240.0,True,Holmer_1992_Annular,120,None_MSE_Method_Assumed_Zenith,16.58845314097781,0.239059,82.93673824724318,0.0,0.0,82.93673824724318,0.0,0.0287427797584501,DeepLabV3+_Xception65_ADE20K,C:\Users\pandya\OneDrive - UCL\Field experiment raw data\Complete Participantwise data\Final Data\ucm\P9\WalkG\ucm\CamUp\cam_20250806_113755.jpg,C:\Users\pandya\Documents\Github\docker\Paper3_Analysis\output\SVF Output\P9\WalkG\CamUp_SVF\cam_20250806_113755_svf.jpg,True,50.81371581,4.37120601,,,,,,,,,,,,,,,
P9,WalkG,cam_20250806_113756.jpg,2025-08-06 11:37:56,CamUp,neginja_MSE_SkyViewFactor_reference_table,"24,25,25,26,26,27,27,29,29,32,32,36,36,40,41,43,44",9d4c5f0c12889fb034103b01efa54b21690d648acad08c427f81fc6d33241e03,b677f291bd6311850d8cb19c1c51cfff76b3a1e2deece82b67687ca72a30d9f8,REFERENCE_OR_CUSTOM_TABLE_NOT_MARKED_LENS_VERIFIED,542.0,240.0,240.0,True,Holmer_1992_Annular,120,None_MSE_Method_Assumed_Zenith,11.095265732526324,0.136001,83.75424923306525,0.0,0.0,83.75424923306525,0.0,0.3769726114473647,DeepLabV3+_Xception65_ADE20K,C:\Users\pandya\OneDrive - UCL\Field experiment raw data\Complete Participantwise data\Final Data\ucm\P9\WalkG\ucm\CamUp\cam_20250806_113756.jpg,C:\Users\pandya\Documents\Github\docker\Paper3_Analysis\output\SVF Output\P9\WalkG\CamUp_SVF\cam_20250806_113756_svf.jpg,True,50.81371456,4.37117377,,,,,,,,,,,,,,,
P9,WalkG,cam_20250806_113757.jpg,2025-08-06 11:37:57,CamUp,neginja_MSE_SkyViewFactor_reference_table,"24,25,25,26,26,27,27,29,29,32,32,36,36,40,41,43,44",9d4c5f0c12889fb034103b01efa54b21690d648acad08c427f81fc6d33241e03,b677f291bd6311850d8cb19c1c51cfff76b3a1e2deece82b67687ca72a30d9f8,REFERENCE_OR_CUSTOM_TABLE_NOT_MARKED_LENS_VERIFIED,542.0,240.0,240.0,True,Holmer_1992_Annular,120,None_MSE_Method_Assumed_Zenith,12.89611143354614,0.131788,86.30738191968604,0.0,0.0,86.30738191968604,0.0,0.1542160683193765,DeepLabV3+_Xception65_ADE20K,C:\Users\pandya\OneDrive - UCL\Field experiment raw data\Complete Participantwise data\Final Data\ucm\P9\WalkG\ucm\CamUp\cam_20250806_113757.jpg,C:\Users\pandya\Documents\Github\docker\Paper3_Analysis\output\SVF Output\P9\WalkG\CamUp_SVF\cam_20250806_113757_svf.jpg,True,50.81370774,4.37115989,,,,,,,,,,,,,,,
P9,WalkG,cam_20250806_113758.jpg,2025-08-06 11:37:58,CamUp,neginja_MSE_SkyViewFactor_reference_table,"24,25,25,26,26,27,27,29,29,32,32,36,36,40,41,43,44",9d4c5f0c12889fb034103b01efa54b21690d648acad08c427f81fc6d33241e03,b677f291bd6311850d8cb19c1c51cfff76b3a1e2deece82b67687ca72a30d9f8,REFERENCE_OR_CUSTOM_TABLE_NOT_MARKED_LENS_VERIFIED,542.0,240.0,240.0,True,Holmer_1992_Annular,120,None_MSE_Method_Assumed_Zenith,10.210319763424812,0.107718,88.12149351905592,0.0,0.0,88.12149351905592,0.0,0.8998701047453224,DeepLabV3+_Xception65_ADE20K,C:\Users\pandya\OneDrive - UCL\Field experiment raw data\Complete Participantwise data\Final Data\ucm\P9\WalkG\ucm\CamUp\cam_20250806_113758.jpg,C:\Users\pandya\Documents\Github\docker\Paper3_Analysis\output\SVF Output\P9\WalkG\CamUp_SVF\cam_20250806_113758_svf.jpg,True,50.81370222,4.37114469,,,,,,,,,,,,,,,
P9,WalkG,cam_20250806_113759.jpg,2025-08-06 11:37:59,CamUp,neginja_MSE_SkyViewFactor_reference_table,"24,25,25,26,26,27,27,29,29,32,32,36,36,40,41,43,44",9d4c5f0c12889fb034103b01efa54b21690d648acad08c427f81fc6d33241e03,b677f291bd6311850d8cb19c1c51cfff76b3a1e2deece82b67687ca72a30d9f8,REFERENCE_OR_CUSTOM_TABLE_NOT_MARKED_LENS_VERIFIED,542.0,240.0,240.0,True,Holmer_1992_Annular,120,None_MSE_Method_Assumed_Zenith,9.36296050631512,0.089971,89.87811955890888,0.0,0.0,89.87811955890888,0.0,0.71138379902164,DeepLabV3+_Xception65_ADE20K,C:\Users\pandya\OneDrive - UCL\Field experiment raw data\Complete Participantwise data\Final Data\ucm\P9\WalkG\ucm\CamUp\cam_20250806_113759.jpg,C:\Users\pandya\Documents\Github\docker\Paper3_Analysis\output\SVF Output\P9\WalkG\CamUp_SVF\cam_20250806_113759_svf.jpg,True,50.81369771,4.37112786,,,,,,,,,,,,,,,
P9,WalkG,cam_20250806_113800.jpg,2025-08-06 11:38:00,CamUp,neginja_MSE_SkyViewFactor_reference_table,"24,25,25,26,26,27,27,29,29,32,32,36,36,40,41,43,44",9d4c5f0c12889fb034103b01efa54b21690d648acad08c427f81fc6d33241e03,b677f291bd6311850d8cb19c1c51cfff76b3a1e2deece82b67687ca72a30d9f8,REFERENCE_OR_CUSTOM_TABLE_NOT_MARKED_LENS_VERIFIED,542.0,240.0,240.0,True,Holmer_1992_Annular,120,None_MSE_Method_Assumed_Zenith,8.843379487604675,0.0841,90.5259375950032,0.0,0.0,90.5259375950032,0.0,0.308432136638753,DeepLabV3+_Xception65_ADE20K,C:\Users\pandya\OneDrive - UCL\Field experiment raw data\Complete Participantwise data\Final Data\ucm\P9\WalkG\ucm\CamUp\cam_20250806_113800.jpg,C:\Users\pandya\Documents\Github\docker\Paper3_Analysis\output\SVF Output\P9\WalkG\CamUp_SVF\cam_20250806_113800_svf.jpg,True,50.81369474,4.37111186,,,,,,,,,,,,,,,
P9,WalkG,cam_20250806_113801.jpg,2025-08-06 11:38:01,CamUp,neginja_MSE_SkyViewFactor_reference_table,"24,25,25,26,26,27,27,29,29,32,32,36,36,40,41,43,44",9d4c5f0c12889fb034103b01efa54b21690d648acad08c427f81fc6d33241e03,b677f291bd6311850d8cb19c1c51cfff76b3a1e2deece82b67687ca72a30d9f8,REFERENCE_OR_CUSTOM_TABLE_NOT_MARKED_LENS_VERIFIED,542.0,240.0,240.0,True,Holmer_1992_Annular,120,None_MSE_Method_Assumed_Zenith,6.40742890307603,0.072345,93.0619351629218,0.0,0.0,93.0619351629218,0.0,0.5306359340021557,DeepLabV3+_Xception65_ADE20K,C:\Users\pandya\OneDrive - UCL\Field experiment raw data\Complete Participantwise data\Final Data\ucm\P9\WalkG\ucm\CamUp\cam_20250806_113801.jpg,C:\Users\pandya\Documents\Github\docker\Paper3_Analysis\output\SVF Output\P9\WalkG\CamUp_SVF\cam_20250806_113801_svf.jpg,True,50.81369233,4.37109583,,,,,,,,,,,,,,,
P9,WalkG,cam_20250806_113802.jpg,2025-08-06 11:38:02,CamUp,neginja_MSE_SkyViewFactor_reference_table,"24,25,25,26,26,27,27,29,29,32,32,36,36,40,41,43,44",9d4c5f0c12889fb034103b01efa54b21690d648acad08c427f81fc6d33241e03,b677f291bd6311850d8cb19c1c51cfff76b3a1e2deece82b67687ca72a30d9f8,REFERENCE_OR_CUSTOM_TABLE_NOT_MARKED_LENS_VERIFIED,542.0,240.0,240.0,True,Holmer_1992_Annular,120,None_MSE_Method_Assumed_Zenith,6.210098665118979,0.046581,89.60174667661609,3.874195063980322,0.0,93.4759417405964,0.0,0.1641654920819169,DeepLabV3+_Xception65_ADE20K,C:\Users\pandya\OneDrive - UCL\Field experiment raw data\Complete Participantwise data\Final Data\ucm\P9\WalkG\ucm\CamUp\cam_20250806_113802.jpg,C:\Users\pandya\Documents\Github\docker\Paper3_Analysis\output\SVF Output\P9\WalkG\CamUp_SVF\cam_20250806_113802_svf.jpg,True,50.81369233,4.37109583,,,,,,,,,,,,,,,
P9,WalkG,cam_20250806_113803.jpg,2025-08-06 11:38:03,CamUp,neginja_MSE_SkyViewFactor_reference_table,"24,25,25,26,26,27,27,29,29,32,32,36,36,40,41,43,44",9d4c5f0c12889fb034103b01efa54b21690d648acad08c427f81fc6d33241e03,b677f291bd6311850d8cb19c1c51cfff76b3a1e2deece82b67687ca72a30d9f8,REFERENCE_OR_CUSTOM_TABLE_NOT_MARKED_LENS_VERIFIED,542.0,240.0,240.0,True,Holmer_1992_Annular,120,None_MSE_Method_Assumed_Zenith,4.970289915153526,0.042234,84.53140977807257,0.5112898322416604,0.0,85.04269961031423,0.0,0.4576734930768593,DeepLabV3+_Xception65_ADE20K,C:\Users\pandya\OneDrive - UCL\Field experiment raw data\Complete Participantwise data\Final Data\ucm\P9\WalkG\ucm\CamUp\cam_20250806_113803.jpg,C:\Users\pandya\Documents\Github\docker\Paper3_Analysis\output\SVF Output\P9\WalkG\CamUp_SVF\cam_20250806_113803_svf.jpg,True,50.81368794,4.37108072,,,,,,,,,,,,,,,
P9,WalkG,cam_20250806_113804.jpg,2025-08-06 11:38:04,CamUp,neginja_MSE_SkyViewFactor_reference_table,"24,25,25,26,26,27,27,29,29,32,32,36,36,40,41,43,44",9d4c5f0c12889fb034103b01efa54b21690d648acad08c427f81fc6d33241e03,b677f291bd6311850d8cb19c1c51cfff76b3a1e2deece82b67687ca72a30d9f8,REFERENCE_OR_CUSTOM_TABLE_NOT_MARKED_LENS_VERIFIED,542.0,240.0,240.0,True,Holmer_1992_Annular,120,None_MSE_Method_Assumed_Zenith,5.8231766299090735,0.046198,94.14697509880332,0.0,0.0,94.14697509880332,0.0,0.0,DeepLabV3+_Xception65_ADE20K,C:\Users\pandya\OneDrive - UCL\Field experiment raw data\Complete Participantwise data\Final Data\ucm\P9\WalkG\ucm\CamUp\cam_20250806_113804.jpg,C:\Users\pandya\Documents\Github\docker\Paper3_Analysis\output\SVF Output\P9\WalkG\CamUp_SVF\cam_20250806_113804_svf.jpg,True,50.81367695,4.37104271,,,,,,,,,,,,,,,
P9,WalkG,cam_20250806_113805.jpg,2025-08-06 11:38:05,CamUp,neginja_MSE_SkyViewFactor_reference_table,"24,25,25,26,26,27,27,29,29,32,32,36,36,40,41,43,44",9d4c5f0c12889fb034103b01efa54b21690d648acad08c427f81fc6d33241e03,b677f291bd6311850d8cb19c1c51cfff76b3a1e2deece82b67687ca72a30d9f8,REFERENCE_OR_CUSTOM_TABLE_NOT_MARKED_LENS_VERIFIED,542.0,240.0,240.0,True,Holmer_1992_Annular,120,None_MSE_Method_Assumed_Zenith,3.781333775529945,0.023935,96.21866622447006,0.0,0.0,96.21866622447006,0.0,0.0,DeepLabV3+_Xception65_ADE20K,C:\Users\pandya\OneDrive - UCL\Field experiment raw data\Complete Participantwise data\Final Data\ucm\P9\WalkG\ucm\CamUp\cam_20250806_113805.jpg,C:\Users\pandya\Documents\Github\docker\Paper3_Analysis\output\SVF Output\P9\WalkG\CamUp_SVF\cam_20250806_113805_svf.jpg,True,50.81367435,4.37102349,,,,,,,,,,,,,,,
P9,WalkG,cam_20250806_113806.jpg,2025-08-06 11:38:06,CamUp,neginja_MSE_SkyViewFactor_reference_table,"24,25,25,26,26,27,27,29,29,32,32,36,36,40,41,43,44",9d4c5f0c12889fb034103b01efa54b21690d648acad08c427f81fc6d33241e03,b677f291bd6311850d8cb19c1c51cfff76b3a1e2deece82b67687ca72a30d9f8,REFERENCE_OR_CUSTOM_TABLE_NOT_MARKED_LENS_VERIFIED,542.0,240.0,240.0,True,Holmer_1992_Annular,120,None_MSE_Method_Assumed_Zenith,3.634856147914767,0.017122,96.36514385208524,0.0,0.0,96.36514385208524,0.0,0.0,DeepLabV3+_Xception65_ADE20K,C:\Users\pandya\OneDrive - UCL\Field experiment raw data\Complete Participantwise data\Final Data\ucm\P9\WalkG\ucm\CamUp\cam_20250806_113806.jpg,C:\Users\pandya\Documents\Github\docker\Paper3_Analysis\output\SVF Output\P9\WalkG\CamUp_SVF\cam_20250806_113806_svf.jpg,True,50.81367305,4.37100316,,,,,,,,,,,,,,,
P9,WalkG,cam_20250806_113807.jpg,2025-08-06 11:38:07,CamUp,neginja_MSE_SkyViewFactor_reference_table,"24,25,25,26,26,27,27,29,29,32,32,36,36,40,41,43,44",9d4c5f0c12889fb034103b01efa54b21690d648acad08c427f81fc6d33241e03,b677f291bd6311850d8cb19c1c51cfff76b3a1e2deece82b67687ca72a30d9f8,REFERENCE_OR_CUSTOM_TABLE_NOT_MARKED_LENS_VERIFIED,542.0,240.0,240.0,True,Holmer_1992_Annular,120,None_MSE_Method_Assumed_Zenith,2.641572008954481,0.01264,97.06547273581516,0.0,0.0,97.06547273581516,0.0,0.0,DeepLabV3+_Xception65_ADE20K,C:\Users\pandya\OneDrive - UCL\Field experiment raw data\Complete Participantwise data\Final Data\ucm\P9\WalkG\ucm\CamUp\cam_20250806_113807.jpg,C:\Users\pandya\Documents\Github\docker\Paper3_Analysis\output\SVF Output\P9\WalkG\CamUp_SVF\cam_20250806_113807_svf.jpg,True,50.81367305,4.37100316,,,,,,,,,,,,,,,
P9,WalkG,cam_20250806_113808.jpg,2025-08-06 11:38:08,CamUp,neginja_MSE_SkyViewFactor_reference_table,"24,25,25,26,26,27,27,29,29,32,32,36,36,40,41,43,44",9d4c5f0c12889fb034103b01efa54b21690d648acad08c427f81fc6d33241e03,b677f291bd6311850d8cb19c1c51cfff76b3a1e2deece82b67687ca72a30d9f8,REFERENCE_OR_CUSTOM_TABLE_NOT_MARKED_LENS_VERIFIED,542.0,240.0,240.0,True,Holmer_1992_Annular,120,None_MSE_Method_Assumed_Zenith,4.64969737169389,0.032033,94.14697509880332,0.0,0.0,94.14697509880332,0.0,0.0,DeepLabV3+_Xception65_ADE20K,C:\Users\pandya\OneDrive - UCL\Field experiment raw data\Complete Participantwise data\Final Data\ucm\P9\WalkG\ucm\CamUp\cam_20250806_113808.jpg,C:\Users\pandya\Documents\Github\docker\Paper3_Analysis\output\SVF Output\P9\WalkG\CamUp_SVF\cam_20250806_113808_svf.jpg,True,50.81367829,4.37096124,,,,,,,,,,,,,,,
P9,WalkG,cam_20250806_113809.jpg,2025-08-06 11:38:09,CamUp,neginja_MSE_SkyViewFactor_reference_table,"24,25,25,26,26,27,27,29,29,32,32,36,36,40,41,43,44",9d4c5f0c12889fb034103b01efa54b21690d648acad08c427f81fc6d33241e03,b677f291bd6311850d8cb19c1c51cfff76b3a1e2deece82b67687ca72a30d9f8,REFERENCE_OR_CUSTOM_TABLE_NOT_MARKED_LENS_VERIFIED,542.0,240.0,240.0,True,Holmer_1992_Annular,120,None_MSE_Method_Assumed_Zenith,3.292706519636293,0.01208,95.775916867037,0.0,0.0,95.775916867037,0.0,0.0,DeepLabV3+_Xception65_ADE20K,C:\Users\pandya\OneDrive - UCL\Field experiment raw data\Complete Participantwise data\Final Data\ucm\P9\WalkG\ucm\CamUp\cam_20250806_113809.jpg,C:\Users\pandya\Documents\Github\docker\Paper3_Analysis\output\SVF Output\P9\WalkG\CamUp_SVF\cam_20250806_113809_svf.jpg,True,50.81368276,4.37094924,,,,,,,,,,,,,,,
P9,WalkG,cam_20250806_113810.jpg,2025-08-06 11:38:10,CamUp,neginja_MSE_SkyViewFactor_reference_table,"24,25,25,26,26,27,27,29,29,32,32,36,36,40,41,43,44",9d4c5f0c12889fb034103b01efa54b21690d648acad08c427f81fc6d33241e03,b677f291bd6311850d8cb19c1c51cfff76b3a1e2deece82b67687ca72a30d9f8,REFERENCE_OR_CUSTOM_TABLE_NOT_MARKED_LENS_VERIFIED,542.0,240.0,240.0,True,Holmer_1992_Annular,120,None_MSE_Method_Assumed_Zenith,4.727081778735871,0.026406,95.27291822126412,0.0,0.0,95.27291822126412,0.0,0.0,DeepLabV3+_Xception65_ADE20K,C:\Users\pandya\OneDrive - UCL\Field experiment raw data\Complete Participantwise data\Final Data\ucm\P9\WalkG\ucm\CamUp\cam_20250806_113810.jpg,C:\Users\pandya\Documents\Github\docker\Paper3_Analysis\output\SVF Output\P9\WalkG\CamUp_SVF\cam_20250806_113810_svf.jpg,True,50.81368276,4.37094924,,,,,,,,,,,,,,,
P9,WalkG,cam_20250806_113811.jpg,2025-08-06 11:38:11,CamUp,neginja_MSE_SkyViewFactor_reference_table,"24,25,25,26,26,27,27,29,29,32,32,36,36,40,41,43,44",9d4c5f0c12889fb034103b01efa54b21690d648acad08c427f81fc6d33241e03,b677f291bd6311850d8cb19c1c51cfff76b3a1e2deece82b67687ca72a30d9f8,REFERENCE_OR_CUSTOM_TABLE_NOT_MARKED_LENS_VERIFIED,542.0,240.0,240.0,True,Holmer_1992_Annular,120,None_MSE_Method_Assumed_Zenith,6.7600807008816295,0.044865,93.23991929911836,0.0,0.0,93.23991929911836,0.0,0.0,DeepLabV3+_Xception65_ADE20K,C:\Users\pandya\OneDrive - UCL\Field experiment raw data\Complete Participantwise data\Final Data\ucm\P9\WalkG\ucm\CamUp\cam_20250806_113811.jpg,C:\Users\pandya\Documents\Github\docker\Paper3_Analysis\output\SVF Output\P9\WalkG\CamUp_SVF\cam_20250806_113811_svf.jpg,True,50.81367878,4.37091095,,,,,,,,,,,,,,,
P9,WalkG,cam_20250806_113812.jpg,2025-08-06 11:38:12,CamUp,neginja_MSE_SkyViewFactor_reference_table,"24,25,25,26,26,27,27,29,29,32,32,36,36,40,41,43,44",9d4c5f0c12889fb034103b01efa54b21690d648acad08c427f81fc6d33241e03,b677f291bd6311850d8cb19c1c51cfff76b3a1e2deece82b67687ca72a30d9f8,REFERENCE_OR_CUSTOM_TABLE_NOT_MARKED_LENS_VERIFIED,542.0,240.0,240.0,True,Holmer_1992_Annular,120,None_MSE_Method_Assumed_Zenith,6.555564767984966,0.043334,92.82425448415002,0.0,0.0,92.82425448415002,0.0,0.0,DeepLabV3+_Xception65_ADE20K,C:\Users\pandya\OneDrive - UCL\Field experiment raw data\Complete Participantwise data\Final Data\ucm\P9\WalkG\ucm\CamUp\cam_20250806_113812.jpg,C:\Users\pandya\Documents\Github\docker\Paper3_Analysis\output\SVF Output\P9\WalkG\CamUp_SVF\cam_20250806_113812_svf.jpg,True,50.81368056,4.37088529,,,,,,,,,,,,,,,
P9,WalkG,cam_20250806_113813.jpg,2025-08-06 11:38:13,CamUp,neginja_MSE_SkyViewFactor_reference_table,"24,25,25,26,26,27,27,29,29,32,32,36,36,40,41,43,44",9d4c5f0c12889fb034103b01efa54b21690d648acad08c427f81fc6d33241e03,b677f291bd6311850d8cb19c1c51cfff76b3a1e2deece82b67687ca72a30d9f8,REFERENCE_OR_CUSTOM_TABLE_NOT_MARKED_LENS_VERIFIED,542.0,240.0,240.0,True,Holmer_1992_Annular,120,None_MSE_Method_Assumed_Zenith,5.352237238482161,0.034729,94.64776276151784,0.0,0.0,94.64776276151784,0.0,0.0,DeepLabV3+_Xception65_ADE20K,C:\Users\pandya\OneDrive - UCL\Field experiment raw data\Complete Participantwise data\Final Data\ucm\P9\WalkG\ucm\CamUp\cam_20250806_113813.jpg,C:\Users\pandya\Documents\Github\docker\Paper3_Analysis\output\SVF Output\P9\WalkG\CamUp_SVF\cam_20250806_113813_svf.jpg,True,50.81368056,4.37088529,,,,,,,,,,,,,,,
P9,WalkG,cam_20250806_113814.jpg,2025-08-06 11:38:14,CamUp,neginja_MSE_SkyViewFactor_reference_table,"24,25,25,26,26,27,27,29,29,32,32,36,36,40,41,43,44",9d4c5f0c12889fb034103b01efa54b21690d648acad08c427f81fc6d33241e03,b677f291bd6311850d8cb19c1c51cfff76b3a1e2deece82b67687ca72a30d9f8,REFERENCE_OR_CUSTOM_TABLE_NOT_MARKED_LENS_VERIFIED,542.0,240.0,240.0,True,Holmer_1992_Annular,120,None_MSE_Method_Assumed_Zenith,5.870160019898848,0.047752,92.94585855235884,0.0,0.0,92.94585855235884,0.0,0.0,DeepLabV3+_Xception65_ADE20K,C:\Users\pandya\OneDrive - UCL\Field experiment raw data\Complete Participantwise data\Final Data\ucm\P9\WalkG\ucm\CamUp\cam_20250806_113814.jpg,C:\Users\pandya\Documents\Github\docker\Paper3_Analysis\output\SVF Output\P9\WalkG\CamUp_SVF\cam_20250806_113814_svf.jpg,True,50.813764,4.370993,,,,,,,,,,,,,,,
P9,WalkG,cam_20250806_113815.jpg,2025-08-06 11:38:15,CamUp,neginja_MSE_SkyViewFactor_reference_table,"24,25,25,26,26,27,27,29,29,32,32,36,36,40,41,43,44",9d4c5f0c12889fb034103b01efa54b21690d648acad08c427f81fc6d33241e03,b677f291bd6311850d8cb19c1c51cfff76b3a1e2deece82b67687ca72a30d9f8,REFERENCE_OR_CUSTOM_TABLE_NOT_MARKED_LENS_VERIFIED,542.0,240.0,240.0,True,Holmer_1992_Annular,120,None_MSE_Method_Assumed_Zenith,3.971478318547384,0.031284,95.81239808749964,0.0,0.0,95.81239808749964,0.0,0.0044219661166846,DeepLabV3+_Xception65_ADE20K,C:\Users\pandya\OneDrive - UCL\Field experiment raw data\Complete Participantwise data\Final Data\ucm\P9\WalkG\ucm\CamUp\cam_20250806_113815.jpg,C:\Users\pandya\Documents\Github\docker\Paper3_Analysis\output\SVF Output\P9\WalkG\CamUp_SVF\cam_20250806_113815_svf.jpg,True,50.813764,4.370978,,,,,,,,,,,,,,,
P9,WalkG,cam_20250806_113816.jpg,2025-08-06 11:38:16,CamUp,neginja_MSE_SkyViewFactor_reference_table,"24,25,25,26,26,27,27,29,29,32,32,36,36,40,41,43,44",9d4c5f0c12889fb034103b01efa54b21690d648acad08c427f81fc6d33241e03,b677f291bd6311850d8cb19c1c51cfff76b3a1e2deece82b67687ca72a30d9f8,REFERENCE_OR_CUSTOM_TABLE_NOT_MARKED_LENS_VERIFIED,542.0,240.0,240.0,True,Holmer_1992_Annular,120,None_MSE_Method_Assumed_Zenith,5.327363679075809,0.040878,94.67263632092418,0.0,0.0,94.67263632092418,0.0,0.0,DeepLabV3+_Xception65_ADE20K,C:\Users\pandya\OneDrive - UCL\Field experiment raw data\Complete Participantwise data\Final Data\ucm\P9\WalkG\ucm\CamUp\cam_20250806_113816.jpg,C:\Users\pandya\Documents\Github\docker\Paper3_Analysis\output\SVF Output\P9\WalkG\CamUp_SVF\cam_20250806_113816_svf.jpg,True,50.813667,4.37083235,,,,,,,,,,,,,,,
P9,WalkG,cam_20250806_113817.jpg,2025-08-06 11:38:17,CamUp,neginja_MSE_SkyViewFactor_reference_table,"24,25,25,26,26,27,27,29,29,32,32,36,36,40,41,43,44",9d4c5f0c12889fb034103b01efa54b21690d648acad08c427f81fc6d33241e03,b677f291bd6311850d8cb19c1c51cfff76b3a1e2deece82b67687ca72a30d9f8,REFERENCE_OR_CUSTOM_TABLE_NOT_MARKED_LENS_VERIFIED,542.0,240.0,240.0,True,Holmer_1992_Annular,120,None_MSE_Method_Assumed_Zenith,4.439101235386784,0.043726,95.55979327308404,0.0,0.0,95.55979327308404,0.0,0.0011054915291711,DeepLabV3+_Xception65_ADE20K,C:\Users\pandya\OneDrive - UCL\Field experiment raw data\Complete Participantwise data\Final Data\ucm\P9\WalkG\ucm\CamUp\cam_20250806_113817.jpg,C:\Users\pandya\Documents\Github\docker\Paper3_Analysis\output\SVF Output\P9\WalkG\CamUp_SVF\cam_20250806_113817_svf.jpg,True,50.813756,4.370958,,,,,,,,,,,,,,,
P9,WalkG,cam_20250806_113818.jpg,2025-08-06 11:38:18,CamUp,neginja_MSE_SkyViewFactor_reference_table,"24,25,25,26,26,27,27,29,29,32,32,36,36,40,41,43,44",9d4c5f0c12889fb034103b01efa54b21690d648acad08c427f81fc6d33241e03,b677f291bd6311850d8cb19c1c51cfff76b3a1e2deece82b67687ca72a30d9f8,REFERENCE_OR_CUSTOM_TABLE_NOT_MARKED_LENS_VERIFIED,542.0,240.0,240.0,True,Holmer_1992_Annular,120,None_MSE_Method_Assumed_Zenith,5.892269850482271,0.055849,93.72799380924744,0.0,0.0,93.72799380924744,0.0,0.3797363402702927,DeepLabV3+_Xception65_ADE20K,C:\Users\pandya\OneDrive - UCL\Field experiment raw data\Complete Participantwise data\Final Data\ucm\P9\WalkG\ucm\CamUp\cam_20250806_113818.jpg,C:\Users\pandya\Documents\Github\docker\Paper3_Analysis\output\SVF Output\P9\WalkG\CamUp_SVF\cam_20250806_113818_svf.jpg,True,50.8136633,4.37080292,,,,,,,,,,,,,,,
P9,WalkG,cam_20250806_113819.jpg,2025-08-06 11:38:19,CamUp,neginja_MSE_SkyViewFactor_reference_table,"24,25,25,26,26,27,27,29,29,32,32,36,36,40,41,43,44",9d4c5f0c12889fb034103b01efa54b21690d648acad08c427f81fc6d33241e03,b677f291bd6311850d8cb19c1c51cfff76b3a1e2deece82b67687ca72a30d9f8,REFERENCE_OR_CUSTOM_TABLE_NOT_MARKED_LENS_VERIFIED,542.0,240.0,240.0,True,Holmer_1992_Annular,120,None_MSE_Method_Assumed_Zenith,6.749025785589918,0.058063,93.22775889229747,0.0,0.0,93.22775889229747,0.0,0.0165823729375673,DeepLabV3+_Xception65_ADE20K,C:\Users\pandya\OneDrive - UCL\Field experiment raw data\Complete Participantwise data\Final Data\ucm\P9\WalkG\ucm\CamUp\cam_20250806_113819.jpg,C:\Users\pandya\Documents\Github\docker\Paper3_Analysis\output\SVF Output\P9\WalkG\CamUp_SVF\cam_20250806_113819_svf.jpg,True,50.8136633,4.37080292,,,,,,,,,,,,,,,
P9,WalkG,cam_20250806_113820.jpg,2025-08-06 11:38:20,CamUp,neginja_MSE_SkyViewFactor_reference_table,"24,25,25,26,26,27,27,29,29,32,32,36,36,40,41,43,44",9d4c5f0c12889fb034103b01efa54b21690d648acad08c427f81fc6d33241e03,b677f291bd6311850d8cb19c1c51cfff76b3a1e2deece82b67687ca72a30d9f8,REFERENCE_OR_CUSTOM_TABLE_NOT_MARKED_LENS_VERIFIED,542.0,240.0,240.0,True,Holmer_1992_Annular,120,None_MSE_Method_Assumed_Zenith,6.7070171074814136,0.057367,92.86792139955227,0.0,0.0,92.86792139955227,0.0,0.3653649503910676,DeepLabV3+_Xception65_ADE20K,C:\Users\pandya\OneDrive - UCL\Field experiment raw data\Complete Participantwise data\Final Data\ucm\P9\WalkG\ucm\CamUp\cam_20250806_113820.jpg,C:\Users\pandya\Documents\Github\docker\Paper3_Analysis\output\SVF Output\P9\WalkG\CamUp_SVF\cam_20250806_113820_svf.jpg,True,50.81366447,4.37074986,,,,,,,,,,,,,,,
P9,WalkG,cam_20250806_113821.jpg,2025-08-06 11:38:21,CamUp,neginja_MSE_SkyViewFactor_reference_table,"24,25,25,26,26,27,27,29,29,32,32,36,36,40,41,43,44",9d4c5f0c12889fb034103b01efa54b21690d648acad08c427f81fc6d33241e03,b677f291bd6311850d8cb19c1c51cfff76b3a1e2deece82b67687ca72a30d9f8,REFERENCE_OR_CUSTOM_TABLE_NOT_MARKED_LENS_VERIFIED,542.0,240.0,240.0,True,Holmer_1992_Annular,120,None_MSE_Method_Assumed_Zenith,8.914683691236217,0.060031,90.71387115496228,0.0,0.0,90.71387115496228,0.0,0.371445153801509,DeepLabV3+_Xception65_ADE20K,C:\Users\pandya\OneDrive - UCL\Field experiment raw data\Complete Participantwise data\Final Data\ucm\P9\WalkG\ucm\CamUp\cam_20250806_113821.jpg,C:\Users\pandya\Documents\Github\docker\Paper3_Analysis\output\SVF Output\P9\WalkG\CamUp_SVF\cam_20250806_113821_svf.jpg,True,50.81365979,4.37072502,,,,,,,,,,,,,,,
P9,WalkG,cam_20250806_113822.jpg,2025-08-06 11:38:22,CamUp,neginja_MSE_SkyViewFactor_reference_table,"24,25,25,26,26,27,27,29,29,32,32,36,36,40,41,43,44",9d4c5f0c12889fb034103b01efa54b21690d648acad08c427f81fc6d33241e03,b677f291bd6311850d8cb19c1c51cfff76b3a1e2deece82b67687ca72a30d9f8,REFERENCE_OR_CUSTOM_TABLE_NOT_MARKED_LENS_VERIFIED,542.0,240.0,240.0,True,Holmer_1992_Annular,120,None_MSE_Method_Assumed_Zenith,4.850344084238454,0.053978,95.06895503413205,0.0,0.0,95.06895503413205,0.0,0.0807008816294945,DeepLabV3+_Xception65_ADE20K,C:\Users\pandya\OneDrive - UCL\Field experiment raw data\Complete Participantwise data\Final Data\ucm\P9\WalkG\ucm\CamUp\cam_20250806_113822.jpg,C:\Users\pandya\Documents\Github\docker\Paper3_Analysis\output\SVF Output\P9\WalkG\CamUp_SVF\cam_20250806_113822_svf.jpg,True,50.813756,4.37085,,,,,,,,,,,,,,,
P9,WalkG,cam_20250806_113823.jpg,2025-08-06 11:38:23,CamUp,neginja_MSE_SkyViewFactor_reference_table,"24,25,25,26,26,27,27,29,29,32,32,36,36,40,41,43,44",9d4c5f0c12889fb034103b01efa54b21690d648acad08c427f81fc6d33241e03,b677f291bd6311850d8cb19c1c51cfff76b3a1e2deece82b67687ca72a30d9f8,REFERENCE_OR_CUSTOM_TABLE_NOT_MARKED_LENS_VERIFIED,542.0,240.0,240.0,True,Holmer_1992_Annular,120,None_MSE_Method_Assumed_Zenith,12.212917668518363,0.076081,87.76110328054611,0.0,0.0,87.76110328054611,0.0,0.0259790509355222,DeepLabV3+_Xception65_ADE20K,C:\Users\pandya\OneDrive - UCL\Field experiment raw data\Complete Participantwise data\Final Data\ucm\P9\WalkG\ucm\CamUp\cam_20250806_113823.jpg,C:\Users\pandya\Documents\Github\docker\Paper3_Analysis\output\SVF Output\P9\WalkG\CamUp_SVF\cam_20250806_113823_svf.jpg,True,50.813756,4.370811,,,,,,,,,,,,,,,
P9,WalkG,cam_20250806_113824.jpg,2025-08-06 11:38:24,CamUp,neginja_MSE_SkyViewFactor_reference_table,"24,25,25,26,26,27,27,29,29,32,32,36,36,40,41,43,44",9d4c5f0c12889fb034103b01efa54b21690d648acad08c427f81fc6d33241e03,b677f291bd6311850d8cb19c1c51cfff76b3a1e2deece82b67687ca72a30d9f8,REFERENCE_OR_CUSTOM_TABLE_NOT_MARKED_LENS_VERIFIED,542.0,240.0,240.0,True,Holmer_1992_Annular,120,None_MSE_Method_Assumed_Zenith,9.49948871016776,0.076468,90.27830749246884,0.0,0.0,90.27830749246884,0.0,0.2222037973634027,DeepLabV3+_Xception65_ADE20K,C:\Users\pandya\OneDrive - UCL\Field experiment raw data\Complete Participantwise data\Final Data\ucm\P9\WalkG\ucm\CamUp\cam_20250806_113824.jpg,C:\Users\pandya\Documents\Github\docker\Paper3_Analysis\output\SVF Output\P9\WalkG\CamUp_SVF\cam_20250806_113824_svf.jpg,True,50.81365144,4.37065864,,,,,,,,,,,,,,,
P9,WalkG,cam_20250806_113825.jpg,2025-08-06 11:38:25,CamUp,neginja_MSE_SkyViewFactor_reference_table,"24,25,25,26,26,27,27,29,29,32,32,36,36,40,41,43,44",9d4c5f0c12889fb034103b01efa54b21690d648acad08c427f81fc6d33241e03,b677f291bd6311850d8cb19c1c51cfff76b3a1e2deece82b67687ca72a30d9f8,REFERENCE_OR_CUSTOM_TABLE_NOT_MARKED_LENS_VERIFIED,542.0,240.0,240.0,True,Holmer_1992_Annular,120,None_MSE_Method_Assumed_Zenith,14.578669540944642,0.093792,85.1742531022856,0.1669292209048448,0.0,85.34118232319045,0.0,0.0735151866898819,DeepLabV3+_Xception65_ADE20K,C:\Users\pandya\OneDrive - UCL\Field experiment raw data\Complete Participantwise data\Final Data\ucm\P9\WalkG\ucm\CamUp\cam_20250806_113825.jpg,C:\Users\pandya\Documents\Github\docker\Paper3_Analysis\output\SVF Output\P9\WalkG\CamUp_SVF\cam_20250806_113825_svf.jpg,True,50.81366151,4.37064019,,,,,,,,,,,,,,,
P9,WalkG,cam_20250806_113826.jpg,2025-08-06 11:38:26,CamUp,neginja_MSE_SkyViewFactor_reference_table,"24,25,25,26,26,27,27,29,29,32,32,36,36,40,41,43,44",9d4c5f0c12889fb034103b01efa54b21690d648acad08c427f81fc6d33241e03,b677f291bd6311850d8cb19c1c51cfff76b3a1e2deece82b67687ca72a30d9f8,REFERENCE_OR_CUSTOM_TABLE_NOT_MARKED_LENS_VERIFIED,542.0,240.0,240.0,True,Holmer_1992_Annular,120,None_MSE_Method_Assumed_Zenith,6.676616090429207,0.063344,93.03706160351544,0.0,0.0,93.03706160351544,0.0,0.2841113229969875,DeepLabV3+_Xception65_ADE20K,C:\Users\pandya\OneDrive - UCL\Field experiment raw data\Complete Participantwise data\Final Data\ucm\P9\WalkG\ucm\CamUp\cam_20250806_113826.jpg,C:\Users\pandya\Documents\Github\docker\Paper3_Analysis\output\SVF Output\P9\WalkG\CamUp_SVF\cam_20250806_113826_svf.jpg,True,50.81366151,4.37064019,,,,,,,,,,,,,,,
P9,WalkG,cam_20250806_113827.jpg,2025-08-06 11:38:27,CamUp,neginja_MSE_SkyViewFactor_reference_table,"24,25,25,26,26,27,27,29,29,32,32,36,36,40,41,43,44",9d4c5f0c12889fb034103b01efa54b21690d648acad08c427f81fc6d33241e03,b677f291bd6311850d8cb19c1c51cfff76b3a1e2deece82b67687ca72a30d9f8,REFERENCE_OR_CUSTOM_TABLE_NOT_MARKED_LENS_VERIFIED,542.0,240.0,240.0,True,Holmer_1992_Annular,120,None_MSE_Method_Assumed_Zenith,10.103639830859796,0.090198,89.8963601691402,0.0,0.0,89.8963601691402,0.0,0.0,DeepLabV3+_Xception65_ADE20K,C:\Users\pandya\OneDrive - UCL\Field experiment raw data\Complete Participantwise data\Final Data\ucm\P9\WalkG\ucm\CamUp\cam_20250806_113827.jpg,C:\Users\pandya\Documents\Github\docker\Paper3_Analysis\output\SVF Output\P9\WalkG\CamUp_SVF\cam_20250806_113827_svf.jpg,True,50.81365637,4.37060746,,,,,,,,,,,,,,,
P9,WalkG,cam_20250806_113828.jpg,2025-08-06 11:38:28,CamUp,neginja_MSE_SkyViewFactor_reference_table,"24,25,25,26,26,27,27,29,29,32,32,36,36,40,41,43,44",9d4c5f0c12889fb034103b01efa54b21690d648acad08c427f81fc6d33241e03,b677f291bd6311850d8cb19c1c51cfff76b3a1e2deece82b67687ca72a30d9f8,REFERENCE_OR_CUSTOM_TABLE_NOT_MARKED_LENS_VERIFIED,542.0,240.0,240.0,True,Holmer_1992_Annular,120,None_MSE_Method_Assumed_Zenith,8.11651880717464,0.090784,91.8818229555316,0.0,0.0,91.8818229555316,0.0,0.0016582372937567,DeepLabV3+_Xception65_ADE20K,C:\Users\pandya\OneDrive - UCL\Field experiment raw data\Complete Participantwise data\Final Data\ucm\P9\WalkG\ucm\CamUp\cam_20250806_113828.jpg,C:\Users\pandya\Documents\Github\docker\Paper3_Analysis\output\SVF Output\P9\WalkG\CamUp_SVF\cam_20250806_113828_svf.jpg,True,50.81365825,4.3705947,,,,,,,,,,,,,,,
P9,WalkG,cam_20250806_113829.jpg,2025-08-06 11:38:29,CamUp,neginja_MSE_SkyViewFactor_reference_table,"24,25,25,26,26,27,27,29,29,32,32,36,36,40,41,43,44",9d4c5f0c12889fb034103b01efa54b21690d648acad08c427f81fc6d33241e03,b677f291bd6311850d8cb19c1c51cfff76b3a1e2deece82b67687ca72a30d9f8,REFERENCE_OR_CUSTOM_TABLE_NOT_MARKED_LENS_VERIFIED,542.0,240.0,240.0,True,Holmer_1992_Annular,120,None_MSE_Method_Assumed_Zenith,10.06052566122212,0.101565,89.93947433877788,0.0,0.0,89.93947433877788,0.0,0.0,DeepLabV3+_Xception65_ADE20K,C:\Users\pandya\OneDrive - UCL\Field experiment raw data\Complete Participantwise data\Final Data\ucm\P9\WalkG\ucm\CamUp\cam_20250806_113829.jpg,C:\Users\pandya\Documents\Github\docker\Paper3_Analysis\output\SVF Output\P9\WalkG\CamUp_SVF\cam_20250806_113829_svf.jpg,True,50.81365664,4.37057832,,,,,,,,,,,,,,,
P9,WalkG,cam_20250806_113830.jpg,2025-08-06 11:38:30,CamUp,neginja_MSE_SkyViewFactor_reference_table,"24,25,25,26,26,27,27,29,29,32,32,36,36,40,41,43,44",9d4c5f0c12889fb034103b01efa54b21690d648acad08c427f81fc6d33241e03,b677f291bd6311850d8cb19c1c51cfff76b3a1e2deece82b67687ca72a30d9f8,REFERENCE_OR_CUSTOM_TABLE_NOT_MARKED_LENS_VERIFIED,542.0,240.0,240.0,True,Holmer_1992_Annular,120,None_MSE_Method_Assumed_Zenith,12.749081060166375,0.107216,87.16634883785203,0.0,0.0,87.16634883785203,0.0,0.077384407041981,DeepLabV3+_Xception65_ADE20K,C:\Users\pandya\OneDrive - UCL\Field experiment raw data\Complete Participantwise data\Final Data\ucm\P9\WalkG\ucm\CamUp\cam_20250806_113830.jpg,C:\Users\pandya\Documents\Github\docker\Paper3_Analysis\output\SVF Output\P9\WalkG\CamUp_SVF\cam_20250806_113830_svf.jpg,True,50.81365664,4.37057832,,,,,,,,,,,,,,,
P9,WalkG,cam_20250806_113831.jpg,2025-08-06 11:38:31,CamUp,neginja_MSE_SkyViewFactor_reference_table,"24,25,25,26,26,27,27,29,29,32,32,36,36,40,41,43,44",9d4c5f0c12889fb034103b01efa54b21690d648acad08c427f81fc6d33241e03,b677f291bd6311850d8cb19c1c51cfff76b3a1e2deece82b67687ca72a30d9f8,REFERENCE_OR_CUSTOM_TABLE_NOT_MARKED_LENS_VERIFIED,542.0,240.0,240.0,True,Holmer_1992_Annular,120,None_MSE_Method_Assumed_Zenith,18.07533924771301,0.132672,81.91858054887653,0.0,0.0,81.91858054887653,0.0,0.0060802034104413,DeepLabV3+_Xception65_ADE20K,C:\Users\pandya\OneDrive - UCL\Field experiment raw data\Complete Participantwise data\Final Data\ucm\P9\WalkG\ucm\CamUp\cam_20250806_113831.jpg,C:\Users\pandya\Documents\Github\docker\Paper3_Analysis\output\SVF Output\P9\WalkG\CamUp_SVF\cam_20250806_113831_svf.jpg,True,50.81362833,4.37054605,,,,,,,,,,,,,,,
P9,WalkG,cam_20250806_113832.jpg,2025-08-06 11:38:32,CamUp,neginja_MSE_SkyViewFactor_reference_table,"24,25,25,26,26,27,27,29,29,32,32,36,36,40,41,43,44",9d4c5f0c12889fb034103b01efa54b21690d648acad08c427f81fc6d33241e03,b677f291bd6311850d8cb19c1c51cfff76b3a1e2deece82b67687ca72a30d9f8,REFERENCE_OR_CUSTOM_TABLE_NOT_MARKED_LENS_VERIFIED,542.0,240.0,240.0,True,Holmer_1992_Annular,120,None_MSE_Method_Assumed_Zenith,12.321808584141724,0.081532,87.35649338086947,0.0,0.0,87.35649338086947,0.0,0.0,DeepLabV3+_Xception65_ADE20K,C:\Users\pandya\OneDrive - UCL\Field experiment raw data\Complete Participantwise data\Final Data\ucm\P9\WalkG\ucm\CamUp\cam_20250806_113832.jpg,C:\Users\pandya\Documents\Github\docker\Paper3_Analysis\output\SVF Output\P9\WalkG\CamUp_SVF\cam_20250806_113832_svf.jpg,True,50.81363185,4.37053437,,,,,,,,,,,,,,,
P9,WalkG,cam_20250806_113833.jpg,2025-08-06 11:38:33,CamUp,neginja_MSE_SkyViewFactor_reference_table,"24,25,25,26,26,27,27,29,29,32,32,36,36,40,41,43,44",9d4c5f0c12889fb034103b01efa54b21690d648acad08c427f81fc6d33241e03,b677f291bd6311850d8cb19c1c51cfff76b3a1e2deece82b67687ca72a30d9f8,REFERENCE_OR_CUSTOM_TABLE_NOT_MARKED_LENS_VERIFIED,542.0,240.0,240.0,True,Holmer_1992_Annular,120,None_MSE_Method_Assumed_Zenith,12.364370008014811,0.068397,87.63562999198518,0.0,0.0,87.63562999198518,0.0,0.0,DeepLabV3+_Xception65_ADE20K,C:\Users\pandya\OneDrive - UCL\Field experiment raw data\Complete Participantwise data\Final Data\ucm\P9\WalkG\ucm\CamUp\cam_20250806_113833.jpg,C:\Users\pandya\Documents\Github\docker\Paper3_Analysis\output\SVF Output\P9\WalkG\CamUp_SVF\cam_20250806_113833_svf.jpg,True,50.81363932,4.37049648,,,,,,,,,,,,,,,
P9,WalkG,cam_20250806_113834.jpg,2025-08-06 11:38:34,CamUp,neginja_MSE_SkyViewFactor_reference_table,"24,25,25,26,26,27,27,29,29,32,32,36,36,40,41,43,44",9d4c5f0c12889fb034103b01efa54b21690d648acad08c427f81fc6d33241e03,b677f291bd6311850d8cb19c1c51cfff76b3a1e2deece82b67687ca72a30d9f8,REFERENCE_OR_CUSTOM_TABLE_NOT_MARKED_LENS_VERIFIED,542.0,240.0,240.0,True,Holmer_1992_Annular,120,None_MSE_Method_Assumed_Zenith,11.27711908907498,0.052801,86.93917032860736,0.0,0.0,86.93917032860736,0.0,0.5405853577646961,DeepLabV3+_Xception65_ADE20K,C:\Users\pandya\OneDrive - UCL\Field experiment raw data\Complete Participantwise data\Final Data\ucm\P9\WalkG\ucm\CamUp\cam_20250806_113834.jpg,C:\Users\pandya\Documents\Github\docker\Paper3_Analysis\output\SVF Output\P9\WalkG\CamUp_SVF\cam_20250806_113834_svf.jpg,True,50.813776,4.370643,,,,,,,,,,,,,,,
P9,WalkG,cam_20250806_113835.jpg,2025-08-06 11:38:35,CamUp,neginja_MSE_SkyViewFactor_reference_table,"24,25,25,26,26,27,27,29,29,32,32,36,36,40,41,43,44",9d4c5f0c12889fb034103b01efa54b21690d648acad08c427f81fc6d33241e03,b677f291bd6311850d8cb19c1c51cfff76b3a1e2deece82b67687ca72a30d9f8,REFERENCE_OR_CUSTOM_TABLE_NOT_MARKED_LENS_VERIFIED,542.0,240.0,240.0,True,Holmer_1992_Annular,120,None_MSE_Method_Assumed_Zenith,9.256280573750104,0.046657,72.67722411077025,0.0,0.0,72.67722411077025,0.0,3.322554790923914,DeepLabV3+_Xception65_ADE20K,C:\Users\pandya\OneDrive - UCL\Field experiment raw data\Complete Participantwise data\Final Data\ucm\P9\WalkG\ucm\CamUp\cam_20250806_113835.jpg,C:\Users\pandya\Documents\Github\docker\Paper3_Analysis\output\SVF Output\P9\WalkG\CamUp_SVF\cam_20250806_113835_svf.jpg,True,50.81361761,4.37046956,,,,,,,,,,,,,,,
P9,WalkG,cam_20250806_113836.jpg,2025-08-06 11:38:36,CamUp,neginja_MSE_SkyViewFactor_reference_table,"24,25,25,26,26,27,27,29,29,32,32,36,36,40,41,43,44",9d4c5f0c12889fb034103b01efa54b21690d648acad08c427f81fc6d33241e03,b677f291bd6311850d8cb19c1c51cfff76b3a1e2deece82b67687ca72a30d9f8,REFERENCE_OR_CUSTOM_TABLE_NOT_MARKED_LENS_VERIFIED,542.0,240.0,240.0,True,Holmer_1992_Annular,120,None_MSE_Method_Assumed_Zenith,9.0379459967388,0.046291,72.57330790702817,0.0,0.0,72.57330790702817,0.0,1.204985766796562,DeepLabV3+_Xception65_ADE20K,C:\Users\pandya\OneDrive - UCL\Field experiment raw data\Complete Participantwise data\Final Data\ucm\P9\WalkG\ucm\CamUp\cam_20250806_113836.jpg,C:\Users\pandya\Documents\Github\docker\Paper3_Analysis\output\SVF Output\P9\WalkG\CamUp_SVF\cam_20250806_113836_svf.jpg,True,50.81362617,4.37043962,,,,,,,,,,,,,,,
P9,WalkG,cam_20250806_113837.jpg,2025-08-06 11:38:37,CamUp,neginja_MSE_SkyViewFactor_reference_table,"24,25,25,26,26,27,27,29,29,32,32,36,36,40,41,43,44",9d4c5f0c12889fb034103b01efa54b21690d648acad08c427f81fc6d33241e03,b677f291bd6311850d8cb19c1c51cfff76b3a1e2deece82b67687ca72a30d9f8,REFERENCE_OR_CUSTOM_TABLE_NOT_MARKED_LENS_VERIFIED,542.0,240.0,240.0,True,Holmer_1992_Annular,120,None_MSE_Method_Assumed_Zenith,7.713014399027167,0.040875,74.21938479396401,0.0182406102313241,0.0,74.23762540419534,0.0,0.788768206063621,DeepLabV3+_Xception65_ADE20K,C:\Users\pandya\OneDrive - UCL\Field experiment raw data\Complete Participantwise data\Final Data\ucm\P9\WalkG\ucm\CamUp\cam_20250806_113837.jpg,C:\Users\pandya\Documents\Github\docker\Paper3_Analysis\output\SVF Output\P9\WalkG\CamUp_SVF\cam_20250806_113837_svf.jpg,True,50.81361856,4.37042513,,,,,,,,,,,,,,,
P9,WalkG,cam_20250806_113838.jpg,2025-08-06 11:38:38,CamUp,neginja_MSE_SkyViewFactor_reference_table,"24,25,25,26,26,27,27,29,29,32,32,36,36,40,41,43,44",9d4c5f0c12889fb034103b01efa54b21690d648acad08c427f81fc6d33241e03,b677f291bd6311850d8cb19c1c51cfff76b3a1e2deece82b67687ca72a30d9f8,REFERENCE_OR_CUSTOM_TABLE_NOT_MARKED_LENS_VERIFIED,542.0,240.0,240.0,True,Holmer_1992_Annular,120,None_MSE_Method_Assumed_Zenith,5.037724898432966,0.034865,84.31418069259044,0.3051156620512395,0.0,84.61929635464168,0.0,0.8451482740513501,DeepLabV3+_Xception65_ADE20K,C:\Users\pandya\OneDrive - UCL\Field experiment raw data\Complete Participantwise data\Final Data\ucm\P9\WalkG\ucm\CamUp\cam_20250806_113838.jpg,C:\Users\pandya\Documents\Github\docker\Paper3_Analysis\output\SVF Output\P9\WalkG\CamUp_SVF\cam_20250806_113838_svf.jpg,True,50.81361202,4.37040756,,,,,,,,,,,,,,,
P9,WalkG,cam_20250806_113839.jpg,2025-08-06 11:38:39,CamUp,neginja_MSE_SkyViewFactor_reference_table,"24,25,25,26,26,27,27,29,29,32,32,36,36,40,41,43,44",9d4c5f0c12889fb034103b01efa54b21690d648acad08c427f81fc6d33241e03,b677f291bd6311850d8cb19c1c51cfff76b3a1e2deece82b67687ca72a30d9f8,REFERENCE_OR_CUSTOM_TABLE_NOT_MARKED_LENS_VERIFIED,542.0,240.0,240.0,True,Holmer_1992_Annular,120,None_MSE_Method_Assumed_Zenith,6.223364563469032,0.044758,85.2930934416715,1.2646823093718045,0.0,86.55777575104331,0.0,0.0198988475250808,DeepLabV3+_Xception65_ADE20K,C:\Users\pandya\OneDrive - UCL\Field experiment raw data\Complete Participantwise data\Final Data\ucm\P9\WalkG\ucm\CamUp\cam_20250806_113839.jpg,C:\Users\pandya\Documents\Github\docker\Paper3_Analysis\output\SVF Output\P9\WalkG\CamUp_SVF\cam_20250806_113839_svf.jpg,True,50.81361049,4.37039065,,,,,,,,,,,,,,,
P9,WalkG,cam_20250806_113840.jpg,2025-08-06 11:38:40,CamUp,neginja_MSE_SkyViewFactor_reference_table,"24,25,25,26,26,27,27,29,29,32,32,36,36,40,41,43,44",9d4c5f0c12889fb034103b01efa54b21690d648acad08c427f81fc6d33241e03,b677f291bd6311850d8cb19c1c51cfff76b3a1e2deece82b67687ca72a30d9f8,REFERENCE_OR_CUSTOM_TABLE_NOT_MARKED_LENS_VERIFIED,542.0,240.0,240.0,True,Holmer_1992_Annular,120,None_MSE_Method_Assumed_Zenith,4.486637371141144,0.053306,87.03037337976399,0.7003288837299284,0.0,87.73070226349391,0.0,0.0707514578669541,DeepLabV3+_Xception65_ADE20K,C:\Users\pandya\OneDrive - UCL\Field experiment raw data\Complete Participantwise data\Final Data\ucm\P9\WalkG\ucm\CamUp\cam_20250806_113840.jpg,C:\Users\pandya\Documents\Github\docker\Paper3_Analysis\output\SVF Output\P9\WalkG\CamUp_SVF\cam_20250806_113840_svf.jpg,True,50.8136077,4.37037412,,,,,,,,,,,,,,,
P9,WalkG,cam_20250806_113841.jpg,2025-08-06 11:38:41,CamUp,neginja_MSE_SkyViewFactor_reference_table,"24,25,25,26,26,27,27,29,29,32,32,36,36,40,41,43,44",9d4c5f0c12889fb034103b01efa54b21690d648acad08c427f81fc6d33241e03,b677f291bd6311850d8cb19c1c51cfff76b3a1e2deece82b67687ca72a30d9f8,REFERENCE_OR_CUSTOM_TABLE_NOT_MARKED_LENS_VERIFIED,542.0,240.0,240.0,True,Holmer_1992_Annular,120,None_MSE_Method_Assumed_Zenith,3.30320868916342,0.055643,90.40709725561727,0.0923085426857916,0.0,90.49940579830306,0.0,0.014371389879225,DeepLabV3+_Xception65_ADE20K,C:\Users\pandya\OneDrive - UCL\Field experiment raw data\Complete Participantwise data\Final Data\ucm\P9\WalkG\ucm\CamUp\cam_20250806_113841.jpg,C:\Users\pandya\Documents\Github\docker\Paper3_Analysis\output\SVF Output\P9\WalkG\CamUp_SVF\cam_20250806_113841_svf.jpg,True,50.813764,4.370545,,,,,,,,,,,,,,,
P9,WalkG,cam_20250806_113842.jpg,2025-08-06 11:38:42,CamUp,neginja_MSE_SkyViewFactor_reference_table,"24,25,25,26,26,27,27,29,29,32,32,36,36,40,41,43,44",9d4c5f0c12889fb034103b01efa54b21690d648acad08c427f81fc6d33241e03,b677f291bd6311850d8cb19c1c51cfff76b3a1e2deece82b67687ca72a30d9f8,REFERENCE_OR_CUSTOM_TABLE_NOT_MARKED_LENS_VERIFIED,542.0,240.0,240.0,True,Holmer_1992_Annular,120,None_MSE_Method_Assumed_Zenith,2.7427244838736424,0.044119,92.74244811099136,0.1580852886714755,0.0,92.90053339966282,0.0,0.591990713871155,DeepLabV3+_Xception65_ADE20K,C:\Users\pandya\OneDrive - UCL\Field experiment raw data\Complete Participantwise data\Final Data\ucm\P9\WalkG\ucm\CamUp\cam_20250806_113842.jpg,C:\Users\pandya\Documents\Github\docker\Paper3_Analysis\output\SVF Output\P9\WalkG\CamUp_SVF\cam_20250806_113842_svf.jpg,True,50.81359984,4.37032572,,,,,,,,,,,,,,,
P9,WalkG,cam_20250806_113843.jpg,2025-08-06 11:38:43,CamUp,neginja_MSE_SkyViewFactor_reference_table,"24,25,25,26,26,27,27,29,29,32,32,36,36,40,41,43,44",9d4c5f0c12889fb034103b01efa54b21690d648acad08c427f81fc6d33241e03,b677f291bd6311850d8cb19c1c51cfff76b3a1e2deece82b67687ca72a30d9f8,REFERENCE_OR_CUSTOM_TABLE_NOT_MARKED_LENS_VERIFIED,542.0,240.0,240.0,True,Holmer_1992_Annular,120,None_MSE_Method_Assumed_Zenith,4.214133709200453,0.066482,93.04922201033634,0.0,0.0,93.04922201033634,0.0,0.6107840698670647,DeepLabV3+_Xception65_ADE20K,C:\Users\pandya\OneDrive - UCL\Field experiment raw data\Complete Participantwise data\Final Data\ucm\P9\WalkG\ucm\CamUp\cam_20250806_113843.jpg,C:\Users\pandya\Documents\Github\docker\Paper3_Analysis\output\SVF Output\P9\WalkG\CamUp_SVF\cam_20250806_113843_svf.jpg,True,50.81360303,4.37031257,,,,,,,,,,,,,,,
P9,WalkG,cam_20250806_113844.jpg,2025-08-06 11:38:44,CamUp,neginja_MSE_SkyViewFactor_reference_table,"24,25,25,26,26,27,27,29,29,32,32,36,36,40,41,43,44",9d4c5f0c12889fb034103b01efa54b21690d648acad08c427f81fc6d33241e03,b677f291bd6311850d8cb19c1c51cfff76b3a1e2deece82b67687ca72a30d9f8,REFERENCE_OR_CUSTOM_TABLE_NOT_MARKED_LENS_VERIFIED,542.0,240.0,240.0,True,Holmer_1992_Annular,120,None_MSE_Method_Assumed_Zenith,4.701655473564934,0.071969,87.86778321311112,1.3851808860514605,0.0,89.25296409916258,0.0,0.1254732885609264,DeepLabV3+_Xception65_ADE20K,C:\Users\pandya\OneDrive - UCL\Field experiment raw data\Complete Participantwise data\Final Data\ucm\P9\WalkG\ucm\CamUp\cam_20250806_113844.jpg,C:\Users\pandya\Documents\Github\docker\Paper3_Analysis\output\SVF Output\P9\WalkG\CamUp_SVF\cam_20250806_113844_svf.jpg,True,50.81359655,4.37029311,,,,,,,,,,,,,,,
P9,WalkG,cam_20250806_113845.jpg,2025-08-06 11:38:45,CamUp,neginja_MSE_SkyViewFactor_reference_table,"24,25,25,26,26,27,27,29,29,32,32,36,36,40,41,43,44",9d4c5f0c12889fb034103b01efa54b21690d648acad08c427f81fc6d33241e03,b677f291bd6311850d8cb19c1c51cfff76b3a1e2deece82b67687ca72a30d9f8,REFERENCE_OR_CUSTOM_TABLE_NOT_MARKED_LENS_VERIFIED,542.0,240.0,240.0,True,Holmer_1992_Annular,120,None_MSE_Method_Assumed_Zenith,3.952132216786889,0.061995,94.45651272697124,0.4057153912058148,0.0,94.86222811817704,0.0,0.0,DeepLabV3+_Xception65_ADE20K,C:\Users\pandya\OneDrive - UCL\Field experiment raw data\Complete Participantwise data\Final Data\ucm\P9\WalkG\ucm\CamUp\cam_20250806_113845.jpg,C:\Users\pandya\Documents\Github\docker\Paper3_Analysis\output\SVF Output\P9\WalkG\CamUp_SVF\cam_20250806_113845_svf.jpg,True,50.81358436,4.37027654,,,,,,,,,,,,,,,
P9,WalkG,cam_20250806_113846.jpg,2025-08-06 11:38:46,CamUp,neginja_MSE_SkyViewFactor_reference_table,"24,25,25,26,26,27,27,29,29,32,32,36,36,40,41,43,44",9d4c5f0c12889fb034103b01efa54b21690d648acad08c427f81fc6d33241e03,b677f291bd6311850d8cb19c1c51cfff76b3a1e2deece82b67687ca72a30d9f8,REFERENCE_OR_CUSTOM_TABLE_NOT_MARKED_LENS_VERIFIED,542.0,240.0,240.0,True,Holmer_1992_Annular,120,None_MSE_Method_Assumed_Zenith,4.423624353978388,0.075354,91.6176104800597,0.0,0.0,91.6176104800597,0.0,0.0,DeepLabV3+_Xception65_ADE20K,C:\Users\pandya\OneDrive - UCL\Field experiment raw data\Complete Participantwise data\Final Data\ucm\P9\WalkG\ucm\CamUp\cam_20250806_113846.jpg,C:\Users\pandya\Documents\Github\docker\Paper3_Analysis\output\SVF Output\P9\WalkG\CamUp_SVF\cam_20250806_113846_svf.jpg,True,50.81357547,4.37026222,,,,,,,,,,,,,,,
P9,WalkG,cam_20250806_113847.jpg,2025-08-06 11:38:47,CamUp,neginja_MSE_SkyViewFactor_reference_table,"24,25,25,26,26,27,27,29,29,32,32,36,36,40,41,43,44",9d4c5f0c12889fb034103b01efa54b21690d648acad08c427f81fc6d33241e03,b677f291bd6311850d8cb19c1c51cfff76b3a1e2deece82b67687ca72a30d9f8,REFERENCE_OR_CUSTOM_TABLE_NOT_MARKED_LENS_VERIFIED,542.0,240.0,240.0,True,Holmer_1992_Annular,120,None_MSE_Method_Assumed_Zenith,5.477710527043087,0.087631,93.3073542823978,0.3111958654616809,0.0,93.6185501478595,0.0,0.0,DeepLabV3+_Xception65_ADE20K,C:\Users\pandya\OneDrive - UCL\Field experiment raw data\Complete Participantwise data\Final Data\ucm\P9\WalkG\ucm\CamUp\cam_20250806_113847.jpg,C:\Users\pandya\Documents\Github\docker\Paper3_Analysis\output\SVF Output\P9\WalkG\CamUp_SVF\cam_20250806_113847_svf.jpg,True,50.81357547,4.37026222,,,,,,,,,,,,,,,
P9,WalkG,cam_20250806_113848.jpg,2025-08-06 11:38:48,CamUp,neginja_MSE_SkyViewFactor_reference_table,"24,25,25,26,26,27,27,29,29,32,32,36,36,40,41,43,44",9d4c5f0c12889fb034103b01efa54b21690d648acad08c427f81fc6d33241e03,b677f291bd6311850d8cb19c1c51cfff76b3a1e2deece82b67687ca72a30d9f8,REFERENCE_OR_CUSTOM_TABLE_NOT_MARKED_LENS_VERIFIED,542.0,240.0,240.0,True,Holmer_1992_Annular,120,None_MSE_Method_Assumed_Zenith,7.068512837520383,0.108059,89.30492220103363,1.6770306497526464,0.063013017162756,91.04496586794905,0.0,0.4919437304811652,DeepLabV3+_Xception65_ADE20K,C:\Users\pandya\OneDrive - UCL\Field experiment raw data\Complete Participantwise data\Final Data\ucm\P9\WalkG\ucm\CamUp\cam_20250806_113848.jpg,C:\Users\pandya\Documents\Github\docker\Paper3_Analysis\output\SVF Output\P9\WalkG\CamUp_SVF\cam_20250806_113848_svf.jpg,True,50.81355806,4.3702339,,,,,,,,,,,,,,,
P9,WalkG,cam_20250806_113849.jpg,2025-08-06 11:38:49,CamUp,neginja_MSE_SkyViewFactor_reference_table,"24,25,25,26,26,27,27,29,29,32,32,36,36,40,41,43,44",9d4c5f0c12889fb034103b01efa54b21690d648acad08c427f81fc6d33241e03,b677f291bd6311850d8cb19c1c51cfff76b3a1e2deece82b67687ca72a30d9f8,REFERENCE_OR_CUSTOM_TABLE_NOT_MARKED_LENS_VERIFIED,542.0,240.0,240.0,True,Holmer_1992_Annular,120,None_MSE_Method_Assumed_Zenith,3.144017908962773,0.044367,84.12127242075007,9.991432440648923,0.0,94.112704861399,0.0,1.0557444103584557,DeepLabV3+_Xception65_ADE20K,C:\Users\pandya\OneDrive - UCL\Field experiment raw data\Complete Participantwise data\Final Data\ucm\P9\WalkG\ucm\CamUp\cam_20250806_113849.jpg,C:\Users\pandya\Documents\Github\docker\Paper3_Analysis\output\SVF Output\P9\WalkG\CamUp_SVF\cam_20250806_113849_svf.jpg,True,50.81355806,4.3702339,,,,,,,,,,,,,,,
P9,WalkG,cam_20250806_113850.jpg,2025-08-06 11:38:50,CamUp,neginja_MSE_SkyViewFactor_reference_table,"24,25,25,26,26,27,27,29,29,32,32,36,36,40,41,43,44",9d4c5f0c12889fb034103b01efa54b21690d648acad08c427f81fc6d33241e03,b677f291bd6311850d8cb19c1c51cfff76b3a1e2deece82b67687ca72a30d9f8,REFERENCE_OR_CUSTOM_TABLE_NOT_MARKED_LENS_VERIFIED,542.0,240.0,240.0,True,Holmer_1992_Annular,120,None_MSE_Method_Assumed_Zenith,3.5900837409833346,0.058477,91.55459746289694,3.6249067241522255,0.0,95.17950418704916,0.0,0.2819003399386452,DeepLabV3+_Xception65_ADE20K,C:\Users\pandya\OneDrive - UCL\Field experiment raw data\Complete Participantwise data\Final Data\ucm\P9\WalkG\ucm\CamUp\cam_20250806_113850.jpg,C:\Users\pandya\Documents\Github\docker\Paper3_Analysis\output\SVF Output\P9\WalkG\CamUp_SVF\cam_20250806_113850_svf.jpg,True,50.8135458,4.37020757,,,,,,,,,,,,,,,
P9,WalkG,cam_20250806_113851.jpg,2025-08-06 11:38:51,CamUp,neginja_MSE_SkyViewFactor_reference_table,"24,25,25,26,26,27,27,29,29,32,32,36,36,40,41,43,44",9d4c5f0c12889fb034103b01efa54b21690d648acad08c427f81fc6d33241e03,b677f291bd6311850d8cb19c1c51cfff76b3a1e2deece82b67687ca72a30d9f8,REFERENCE_OR_CUSTOM_TABLE_NOT_MARKED_LENS_VERIFIED,542.0,240.0,240.0,True,Holmer_1992_Annular,120,None_MSE_Method_Assumed_Zenith,5.240582594035873,0.088344,92.05262139678857,1.2829229196031289,0.0,93.33554431639168,0.0,0.7865572230052787,DeepLabV3+_Xception65_ADE20K,C:\Users\pandya\OneDrive - UCL\Field experiment raw data\Complete Participantwise data\Final Data\ucm\P9\WalkG\ucm\CamUp\cam_20250806_113851.jpg,C:\Users\pandya\Documents\Github\docker\Paper3_Analysis\output\SVF Output\P9\WalkG\CamUp_SVF\cam_20250806_113851_svf.jpg,True,50.8135458,4.37020757,,,,,,,,,,,,,,,
P9,WalkG,cam_20250806_113852.jpg,2025-08-06 11:38:52,CamUp,neginja_MSE_SkyViewFactor_reference_table,"24,25,25,26,26,27,27,29,29,32,32,36,36,40,41,43,44",9d4c5f0c12889fb034103b01efa54b21690d648acad08c427f81fc6d33241e03,b677f291bd6311850d8cb19c1c51cfff76b3a1e2deece82b67687ca72a30d9f8,REFERENCE_OR_CUSTOM_TABLE_NOT_MARKED_LENS_VERIFIED,542.0,240.0,240.0,True,Holmer_1992_Annular,120,None_MSE_Method_Assumed_Zenith,5.773982256860957,0.091106,93.39081889285023,0.0,0.0,93.39081889285023,0.0,0.0165823729375673,DeepLabV3+_Xception65_ADE20K,C:\Users\pandya\OneDrive - UCL\Field experiment raw data\Complete Participantwise data\Final Data\ucm\P9\WalkG\ucm\CamUp\cam_20250806_113852.jpg,C:\Users\pandya\Documents\Github\docker\Paper3_Analysis\output\SVF Output\P9\WalkG\CamUp_SVF\cam_20250806_113852_svf.jpg,True,50.81352698,4.37018136,,,,,,,,,,,,,,,
P9,WalkG,cam_20250806_113853.jpg,2025-08-06 11:38:53,CamUp,neginja_MSE_SkyViewFactor_reference_table,"24,25,25,26,26,27,27,29,29,32,32,36,36,40,41,43,44",9d4c5f0c12889fb034103b01efa54b21690d648acad08c427f81fc6d33241e03,b677f291bd6311850d8cb19c1c51cfff76b3a1e2deece82b67687ca72a30d9f8,REFERENCE_OR_CUSTOM_TABLE_NOT_MARKED_LENS_VERIFIED,542.0,240.0,240.0,True,Holmer_1992_Annular,120,None_MSE_Method_Assumed_Zenith,5.630268358068706,0.08836,92.6716966531244,0.0,0.0,92.6716966531244,0.0,0.8877096979244397,DeepLabV3+_Xception65_ADE20K,C:\Users\pandya\OneDrive - UCL\Field experiment raw data\Complete Participantwise data\Final Data\ucm\P9\WalkG\ucm\CamUp\cam_20250806_113853.jpg,C:\Users\pandya\Documents\Github\docker\Paper3_Analysis\output\SVF Output\P9\WalkG\CamUp_SVF\cam_20250806_113853_svf.jpg,True,50.81351954,4.37016005,,,,,,,,,,,,,,,
P9,WalkG,cam_20250806_113854.jpg,2025-08-06 11:38:54,CamUp,neginja_MSE_SkyViewFactor_reference_table,"24,25,25,26,26,27,27,29,29,32,32,36,36,40,41,43,44",9d4c5f0c12889fb034103b01efa54b21690d648acad08c427f81fc6d33241e03,b677f291bd6311850d8cb19c1c51cfff76b3a1e2deece82b67687ca72a30d9f8,REFERENCE_OR_CUSTOM_TABLE_NOT_MARKED_LENS_VERIFIED,542.0,240.0,240.0,True,Holmer_1992_Annular,120,None_MSE_Method_Assumed_Zenith,5.494845645745239,0.085491,91.97800071856948,0.0,0.0,91.97800071856948,0.0,0.7191222397258381,DeepLabV3+_Xception65_ADE20K,C:\Users\pandya\OneDrive - UCL\Field experiment raw data\Complete Participantwise data\Final Data\ucm\P9\WalkG\ucm\CamUp\cam_20250806_113854.jpg,C:\Users\pandya\Documents\Github\docker\Paper3_Analysis\output\SVF Output\P9\WalkG\CamUp_SVF\cam_20250806_113854_svf.jpg,True,50.81351954,4.37016005,,,,,,,,,,,,,,,
P9,WalkG,cam_20250806_113855.jpg,2025-08-06 11:38:55,CamUp,neginja_MSE_SkyViewFactor_reference_table,"24,25,25,26,26,27,27,29,29,32,32,36,36,40,41,43,44",9d4c5f0c12889fb034103b01efa54b21690d648acad08c427f81fc6d33241e03,b677f291bd6311850d8cb19c1c51cfff76b3a1e2deece82b67687ca72a30d9f8,REFERENCE_OR_CUSTOM_TABLE_NOT_MARKED_LENS_VERIFIED,542.0,240.0,240.0,True,Holmer_1992_Annular,120,None_MSE_Method_Assumed_Zenith,7.0021833457701135,0.088202,87.18348395655418,0.1923555260757814,0.0,87.37583948262997,0.0,0.5693281375231461,DeepLabV3+_Xception65_ADE20K,C:\Users\pandya\OneDrive - UCL\Field experiment raw data\Complete Participantwise data\Final Data\ucm\P9\WalkG\ucm\CamUp\cam_20250806_113855.jpg,C:\Users\pandya\Documents\Github\docker\Paper3_Analysis\output\SVF Output\P9\WalkG\CamUp_SVF\cam_20250806_113855_svf.jpg,True,50.81349633,4.37013078,,,,,,,,,,,,,,,
P9,WalkG,cam_20250806_113856.jpg,2025-08-06 11:38:56,CamUp,neginja_MSE_SkyViewFactor_reference_table,"24,25,25,26,26,27,27,29,29,32,32,36,36,40,41,43,44",9d4c5f0c12889fb034103b01efa54b21690d648acad08c427f81fc6d33241e03,b677f291bd6311850d8cb19c1c51cfff76b3a1e2deece82b67687ca72a30d9f8,REFERENCE_OR_CUSTOM_TABLE_NOT_MARKED_LENS_VERIFIED,542.0,240.0,240.0,True,Holmer_1992_Annular,120,None_MSE_Method_Assumed_Zenith,9.037393250974214,0.089107,82.7172981787027,2.446452754055772,0.0,85.16375093275848,0.0,0.7003288837299284,DeepLabV3+_Xception65_ADE20K,C:\Users\pandya\OneDrive - UCL\Field experiment raw data\Complete Participantwise data\Final Data\ucm\P9\WalkG\ucm\CamUp\cam_20250806_113856.jpg,C:\Users\pandya\Documents\Github\docker\Paper3_Analysis\output\SVF Output\P9\WalkG\CamUp_SVF\cam_20250806_113856_svf.jpg,True,50.81349633,4.37013078,,,,,,,,,,,,,,,
P9,WalkG,cam_20250806_113857.jpg,2025-08-06 11:38:57,CamUp,neginja_MSE_SkyViewFactor_reference_table,"24,25,25,26,26,27,27,29,29,32,32,36,36,40,41,43,44",9d4c5f0c12889fb034103b01efa54b21690d648acad08c427f81fc6d33241e03,b677f291bd6311850d8cb19c1c51cfff76b3a1e2deece82b67687ca72a30d9f8,REFERENCE_OR_CUSTOM_TABLE_NOT_MARKED_LENS_VERIFIED,542.0,240.0,240.0,True,Holmer_1992_Annular,120,None_MSE_Method_Assumed_Zenith,9.72943094823536,0.085964,80.60691484951496,3.2728076721112123,0.0,83.87972252162618,0.0,0.0873338308045214,DeepLabV3+_Xception65_ADE20K,C:\Users\pandya\OneDrive - UCL\Field experiment raw data\Complete Participantwise data\Final Data\ucm\P9\WalkG\ucm\CamUp\cam_20250806_113857.jpg,C:\Users\pandya\Documents\Github\docker\Paper3_Analysis\output\SVF Output\P9\WalkG\CamUp_SVF\cam_20250806_113857_svf.jpg,True,50.81348326,4.37013646,,,,,,,,,,,,,,,
P9,WalkG,cam_20250806_113858.jpg,2025-08-06 11:38:58,CamUp,neginja_MSE_SkyViewFactor_reference_table,"24,25,25,26,26,27,27,29,29,32,32,36,36,40,41,43,44",9d4c5f0c12889fb034103b01efa54b21690d648acad08c427f81fc6d33241e03,b677f291bd6311850d8cb19c1c51cfff76b3a1e2deece82b67687ca72a30d9f8,REFERENCE_OR_CUSTOM_TABLE_NOT_MARKED_LENS_VERIFIED,542.0,240.0,240.0,True,Holmer_1992_Annular,120,None_MSE_Method_Assumed_Zenith,8.593538402011996,0.081878,85.83533703672995,1.338750241826272,0.0,87.17408727855623,0.0,1.286239394190642,DeepLabV3+_Xception65_ADE20K,C:\Users\pandya\OneDrive - UCL\Field experiment raw data\Complete Participantwise data\Final Data\ucm\P9\WalkG\ucm\CamUp\cam_20250806_113858.jpg,C:\Users\pandya\Documents\Github\docker\Paper3_Analysis\output\SVF Output\P9\WalkG\CamUp_SVF\cam_20250806_113858_svf.jpg,True,50.81346772,4.37010866,,,,,,,,,,,,,,,
P9,WalkG,cam_20250806_113859.jpg,2025-08-06 11:38:59,CamUp,neginja_MSE_SkyViewFactor_reference_table,"24,25,25,26,26,27,27,29,29,32,32,36,36,40,41,43,44",9d4c5f0c12889fb034103b01efa54b21690d648acad08c427f81fc6d33241e03,b677f291bd6311850d8cb19c1c51cfff76b3a1e2deece82b67687ca72a30d9f8,REFERENCE_OR_CUSTOM_TABLE_NOT_MARKED_LENS_VERIFIED,542.0,240.0,240.0,True,Holmer_1992_Annular,120,None_MSE_Method_Assumed_Zenith,9.696266202360224,0.075415,86.86068043003621,0.1028107122129176,0.0,86.96349114224913,0.0,0.8329878672304672,DeepLabV3+_Xception65_ADE20K,C:\Users\pandya\OneDrive - UCL\Field experiment raw data\Complete Participantwise data\Final Data\ucm\P9\WalkG\ucm\CamUp\cam_20250806_113859.jpg,C:\Users\pandya\Documents\Github\docker\Paper3_Analysis\output\SVF Output\P9\WalkG\CamUp_SVF\cam_20250806_113859_svf.jpg,True,50.81346772,4.37010866,,,,,,,,,,,,,,,
P9,WalkG,cam_20250806_113900.jpg,2025-08-06 11:39:00,CamUp,neginja_MSE_SkyViewFactor_reference_table,"24,25,25,26,26,27,27,29,29,32,32,36,36,40,41,43,44",9d4c5f0c12889fb034103b01efa54b21690d648acad08c427f81fc6d33241e03,b677f291bd6311850d8cb19c1c51cfff76b3a1e2deece82b67687ca72a30d9f8,REFERENCE_OR_CUSTOM_TABLE_NOT_MARKED_LENS_VERIFIED,542.0,240.0,240.0,True,Holmer_1992_Annular,120,None_MSE_Method_Assumed_Zenith,10.618798883453556,0.07361,86.10176049526021,0.1768786446673852,0.0,86.27863913992759,0.0,1.1607661056297156,DeepLabV3+_Xception65_ADE20K,C:\Users\pandya\OneDrive - UCL\Field experiment raw data\Complete Participantwise data\Final Data\ucm\P9\WalkG\ucm\CamUp\cam_20250806_113900.jpg,C:\Users\pandya\Documents\Github\docker\Paper3_Analysis\output\SVF Output\P9\WalkG\CamUp_SVF\cam_20250806_113900_svf.jpg,True,50.81346317,4.37010274,,,,,,,,,,,,,,,
P9,WalkG,cam_20250806_113901.jpg,2025-08-06 11:39:01,CamUp,neginja_MSE_SkyViewFactor_reference_table,"24,25,25,26,26,27,27,29,29,32,32,36,36,40,41,43,44",9d4c5f0c12889fb034103b01efa54b21690d648acad08c427f81fc6d33241e03,b677f291bd6311850d8cb19c1c51cfff76b3a1e2deece82b67687ca72a30d9f8,REFERENCE_OR_CUSTOM_TABLE_NOT_MARKED_LENS_VERIFIED,542.0,240.0,240.0,True,Holmer_1992_Annular,120,None_MSE_Method_Assumed_Zenith,10.946024376088218,0.07127,85.71649669734406,0.0436669154022607,0.0,85.76016361274631,0.0,0.385816543680734,DeepLabV3+_Xception65_ADE20K,C:\Users\pandya\OneDrive - UCL\Field experiment raw data\Complete Participantwise data\Final Data\ucm\P9\WalkG\ucm\CamUp\cam_20250806_113901.jpg,C:\Users\pandya\Documents\Github\docker\Paper3_Analysis\output\SVF Output\P9\WalkG\CamUp_SVF\cam_20250806_113901_svf.jpg,True,50.813512,4.370184,,,,,,,,,,,,,,,
P9,WalkG,cam_20250806_113902.jpg,2025-08-06 11:39:02,CamUp,neginja_MSE_SkyViewFactor_reference_table,"24,25,25,26,26,27,27,29,29,32,32,36,36,40,41,43,44",9d4c5f0c12889fb034103b01efa54b21690d648acad08c427f81fc6d33241e03,b677f291bd6311850d8cb19c1c51cfff76b3a1e2deece82b67687ca72a30d9f8,REFERENCE_OR_CUSTOM_TABLE_NOT_MARKED_LENS_VERIFIED,542.0,240.0,240.0,True,Holmer_1992_Annular,120,None_MSE_Method_Assumed_Zenith,5.670618798883453,0.049586,88.96940552193018,1.135339800458779,0.0,90.10474532238896,0.0,2.375701296188818,DeepLabV3+_Xception65_ADE20K,C:\Users\pandya\OneDrive - UCL\Field experiment raw data\Complete Participantwise data\Final Data\ucm\P9\WalkG\ucm\CamUp\cam_20250806_113902.jpg,C:\Users\pandya\Documents\Github\docker\Paper3_Analysis\output\SVF Output\P9\WalkG\CamUp_SVF\cam_20250806_113902_svf.jpg,True,50.813492,4.370173,,,,,,,,,,,,,,,
P9,WalkG,cam_20250806_113903.jpg,2025-08-06 11:39:03,CamUp,neginja_MSE_SkyViewFactor_reference_table,"24,25,25,26,26,27,27,29,29,32,32,36,36,40,41,43,44",9d4c5f0c12889fb034103b01efa54b21690d648acad08c427f81fc6d33241e03,b677f291bd6311850d8cb19c1c51cfff76b3a1e2deece82b67687ca72a30d9f8,REFERENCE_OR_CUSTOM_TABLE_NOT_MARKED_LENS_VERIFIED,542.0,240.0,240.0,True,Holmer_1992_Annular,120,None_MSE_Method_Assumed_Zenith,7.717436365143852,0.055765,89.01915264074289,0.1569797971423044,0.0,89.17613243788519,0.0,1.0878036647044191,DeepLabV3+_Xception65_ADE20K,C:\Users\pandya\OneDrive - UCL\Field experiment raw data\Complete Participantwise data\Final Data\ucm\P9\WalkG\ucm\CamUp\cam_20250806_113903.jpg,C:\Users\pandya\Documents\Github\docker\Paper3_Analysis\output\SVF Output\P9\WalkG\CamUp_SVF\cam_20250806_113903_svf.jpg,True,50.81339634,4.37007077,,,,,,,,,,,,,,,
P9,WalkG,cam_20250806_113904.jpg,2025-08-06 11:39:04,CamUp,neginja_MSE_SkyViewFactor_reference_table,"24,25,25,26,26,27,27,29,29,32,32,36,36,40,41,43,44",9d4c5f0c12889fb034103b01efa54b21690d648acad08c427f81fc6d33241e03,b677f291bd6311850d8cb19c1c51cfff76b3a1e2deece82b67687ca72a30d9f8,REFERENCE_OR_CUSTOM_TABLE_NOT_MARKED_LENS_VERIFIED,542.0,240.0,240.0,True,Holmer_1992_Annular,120,None_MSE_Method_Assumed_Zenith,4.434126523505514,0.038298,95.00815300002763,0.0,0.0,95.00815300002763,0.0,0.4836525440123815,DeepLabV3+_Xception65_ADE20K,C:\Users\pandya\OneDrive - UCL\Field experiment raw data\Complete Participantwise data\Final Data\ucm\P9\WalkG\ucm\CamUp\cam_20250806_113904.jpg,C:\Users\pandya\Documents\Github\docker\Paper3_Analysis\output\SVF Output\P9\WalkG\CamUp_SVF\cam_20250806_113904_svf.jpg,True,50.81338019,4.37004449,,,,,,,,,,,,,,,
P9,WalkG,cam_20250806_113905.jpg,2025-08-06 11:39:05,CamUp,neginja_MSE_SkyViewFactor_reference_table,"24,25,25,26,26,27,27,29,29,32,32,36,36,40,41,43,44",9d4c5f0c12889fb034103b01efa54b21690d648acad08c427f81fc6d33241e03,b677f291bd6311850d8cb19c1c51cfff76b3a1e2deece82b67687ca72a30d9f8,REFERENCE_OR_CUSTOM_TABLE_NOT_MARKED_LENS_VERIFIED,542.0,240.0,240.0,True,Holmer_1992_Annular,120,None_MSE_Method_Assumed_Zenith,8.568112096841057,0.076159,90.30926125528563,0.6599784429151812,0.0,90.9692396982008,0.0,0.1199458309150706,DeepLabV3+_Xception65_ADE20K,C:\Users\pandya\OneDrive - UCL\Field experiment raw data\Complete Participantwise data\Final Data\ucm\P9\WalkG\ucm\CamUp\cam_20250806_113905.jpg,C:\Users\pandya\Documents\Github\docker\Paper3_Analysis\output\SVF Output\P9\WalkG\CamUp_SVF\cam_20250806_113905_svf.jpg,True,50.813444,4.370141,,,,,,,,,,,,,,,
P9,WalkG,cam_20250806_113906.jpg,2025-08-06 11:39:06,CamUp,neginja_MSE_SkyViewFactor_reference_table,"24,25,25,26,26,27,27,29,29,32,32,36,36,40,41,43,44",9d4c5f0c12889fb034103b01efa54b21690d648acad08c427f81fc6d33241e03,b677f291bd6311850d8cb19c1c51cfff76b3a1e2deece82b67687ca72a30d9f8,REFERENCE_OR_CUSTOM_TABLE_NOT_MARKED_LENS_VERIFIED,542.0,240.0,240.0,True,Holmer_1992_Annular,120,None_MSE_Method_Assumed_Zenith,9.297183760329435,0.080554,88.67921399552276,1.60406820882735,0.0,90.28328220435012,0.0,0.0,DeepLabV3+_Xception65_ADE20K,C:\Users\pandya\OneDrive - UCL\Field experiment raw data\Complete Participantwise data\Final Data\ucm\P9\WalkG\ucm\CamUp\cam_20250806_113906.jpg,C:\Users\pandya\Documents\Github\docker\Paper3_Analysis\output\SVF Output\P9\WalkG\CamUp_SVF\cam_20250806_113906_svf.jpg,True,50.8133561,4.37005136,,,,,,,,,,,,,,,
P9,WalkG,cam_20250806_113907.jpg,2025-08-06 11:39:07,CamUp,neginja_MSE_SkyViewFactor_reference_table,"24,25,25,26,26,27,27,29,29,32,32,36,36,40,41,43,44",9d4c5f0c12889fb034103b01efa54b21690d648acad08c427f81fc6d33241e03,b677f291bd6311850d8cb19c1c51cfff76b3a1e2deece82b67687ca72a30d9f8,REFERENCE_OR_CUSTOM_TABLE_NOT_MARKED_LENS_VERIFIED,542.0,240.0,240.0,True,Holmer_1992_Annular,120,None_MSE_Method_Assumed_Zenith,6.620788768206063,0.048001,93.07243733244894,0.3045629162866539,0.0,93.3770002487356,0.0,0.0022109830583423,DeepLabV3+_Xception65_ADE20K,C:\Users\pandya\OneDrive - UCL\Field experiment raw data\Complete Participantwise data\Final Data\ucm\P9\WalkG\ucm\CamUp\cam_20250806_113907.jpg,C:\Users\pandya\Documents\Github\docker\Paper3_Analysis\output\SVF Output\P9\WalkG\CamUp_SVF\cam_20250806_113907_svf.jpg,True,50.8133561,4.37005136,,,,,,,,,,,,,,,
P9,WalkG,cam_20250806_113908.jpg,2025-08-06 11:39:08,CamUp,neginja_MSE_SkyViewFactor_reference_table,"24,25,25,26,26,27,27,29,29,32,32,36,36,40,41,43,44",9d4c5f0c12889fb034103b01efa54b21690d648acad08c427f81fc6d33241e03,b677f291bd6311850d8cb19c1c51cfff76b3a1e2deece82b67687ca72a30d9f8,REFERENCE_OR_CUSTOM_TABLE_NOT_MARKED_LENS_VERIFIED,542.0,240.0,240.0,True,Holmer_1992_Annular,120,None_MSE_Method_Assumed_Zenith,4.062681369704005,0.027097,95.54099991708812,0.39631871320786,0.0,95.937318630296,0.0,0.0,DeepLabV3+_Xception65_ADE20K,C:\Users\pandya\OneDrive - UCL\Field experiment raw data\Complete Participantwise data\Final Data\ucm\P9\WalkG\ucm\CamUp\cam_20250806_113908.jpg,C:\Users\pandya\Documents\Github\docker\Paper3_Analysis\output\SVF Output\P9\WalkG\CamUp_SVF\cam_20250806_113908_svf.jpg,True,50.81336297,4.37004007,,,,,,,,,,,,,,,
P9,WalkG,cam_20250806_113909.jpg,2025-08-06 11:39:09,CamUp,neginja_MSE_SkyViewFactor_reference_table,"24,25,25,26,26,27,27,29,29,32,32,36,36,40,41,43,44",9d4c5f0c12889fb034103b01efa54b21690d648acad08c427f81fc6d33241e03,b677f291bd6311850d8cb19c1c51cfff76b3a1e2deece82b67687ca72a30d9f8,REFERENCE_OR_CUSTOM_TABLE_NOT_MARKED_LENS_VERIFIED,542.0,240.0,240.0,True,Holmer_1992_Annular,120,None_MSE_Method_Assumed_Zenith,7.882154602990354,0.049218,86.30074897051101,5.588259679960203,0.0,91.8890086504712,0.0,0.0,DeepLabV3+_Xception65_ADE20K,C:\Users\pandya\OneDrive - UCL\Field experiment raw data\Complete Participantwise data\Final Data\ucm\P9\WalkG\ucm\CamUp\cam_20250806_113909.jpg,C:\Users\pandya\Documents\Github\docker\Paper3_Analysis\output\SVF Output\P9\WalkG\CamUp_SVF\cam_20250806_113909_svf.jpg,True,50.81333628,4.37003691,,,,,,,,,,,,,,,
P9,WalkG,cam_20250806_113910.jpg,2025-08-06 11:39:10,CamUp,neginja_MSE_SkyViewFactor_reference_table,"24,25,25,26,26,27,27,29,29,32,32,36,36,40,41,43,44",9d4c5f0c12889fb034103b01efa54b21690d648acad08c427f81fc6d33241e03,b677f291bd6311850d8cb19c1c51cfff76b3a1e2deece82b67687ca72a30d9f8,REFERENCE_OR_CUSTOM_TABLE_NOT_MARKED_LENS_VERIFIED,542.0,240.0,240.0,True,Holmer_1992_Annular,120,None_MSE_Method_Assumed_Zenith,7.397396567448802,0.051996,90.34297874692535,1.280711936544786,0.0,91.62369068347014,0.0,0.0,DeepLabV3+_Xception65_ADE20K,C:\Users\pandya\OneDrive - UCL\Field experiment raw data\Complete Participantwise data\Final Data\ucm\P9\WalkG\ucm\CamUp\cam_20250806_113910.jpg,C:\Users\pandya\Documents\Github\docker\Paper3_Analysis\output\SVF Output\P9\WalkG\CamUp_SVF\cam_20250806_113910_svf.jpg,True,50.81337498,4.37003137,,,,,,,,,,,,,,,
P9,WalkG,cam_20250806_113911.jpg,2025-08-06 11:39:11,CamUp,neginja_MSE_SkyViewFactor_reference_table,"24,25,25,26,26,27,27,29,29,32,32,36,36,40,41,43,44",9d4c5f0c12889fb034103b01efa54b21690d648acad08c427f81fc6d33241e03,b677f291bd6311850d8cb19c1c51cfff76b3a1e2deece82b67687ca72a30d9f8,REFERENCE_OR_CUSTOM_TABLE_NOT_MARKED_LENS_VERIFIED,542.0,240.0,240.0,True,Holmer_1992_Annular,120,None_MSE_Method_Assumed_Zenith,4.276593980598624,0.04524,85.39811513694276,8.896995826769476,0.0,94.29511096371225,0.0,0.0,DeepLabV3+_Xception65_ADE20K,C:\Users\pandya\OneDrive - UCL\Field experiment raw data\Complete Participantwise data\Final Data\ucm\P9\WalkG\ucm\CamUp\cam_20250806_113911.jpg,C:\Users\pandya\Documents\Github\docker\Paper3_Analysis\output\SVF Output\P9\WalkG\CamUp_SVF\cam_20250806_113911_svf.jpg,True,50.81336482,4.37002387,,,,,,,,,,,,,,,
P9,WalkG,cam_20250806_113912.jpg,2025-08-06 11:39:12,CamUp,neginja_MSE_SkyViewFactor_reference_table,"24,25,25,26,26,27,27,29,29,32,32,36,36,40,41,43,44",9d4c5f0c12889fb034103b01efa54b21690d648acad08c427f81fc6d33241e03,b677f291bd6311850d8cb19c1c51cfff76b3a1e2deece82b67687ca72a30d9f8,REFERENCE_OR_CUSTOM_TABLE_NOT_MARKED_LENS_VERIFIED,542.0,240.0,240.0,True,Holmer_1992_Annular,120,None_MSE_Method_Assumed_Zenith,4.283779675538237,0.048808,80.83740983334715,13.7600530635934,0.0,94.59746289694056,0.0,0.0027637288229278,DeepLabV3+_Xception65_ADE20K,C:\Users\pandya\OneDrive - UCL\Field experiment raw data\Complete Participantwise data\Final Data\ucm\P9\WalkG\ucm\CamUp\cam_20250806_113912.jpg,C:\Users\pandya\Documents\Github\docker\Paper3_Analysis\output\SVF Output\P9\WalkG\CamUp_SVF\cam_20250806_113912_svf.jpg,True,50.81333102,4.37002899,,,,,,,,,,,,,,,
P9,WalkG,cam_20250806_113913.jpg,2025-08-06 11:39:13,CamUp,neginja_MSE_SkyViewFactor_reference_table,"24,25,25,26,26,27,27,29,29,32,32,36,36,40,41,43,44",9d4c5f0c12889fb034103b01efa54b21690d648acad08c427f81fc6d33241e03,b677f291bd6311850d8cb19c1c51cfff76b3a1e2deece82b67687ca72a30d9f8,REFERENCE_OR_CUSTOM_TABLE_NOT_MARKED_LENS_VERIFIED,542.0,240.0,240.0,True,Holmer_1992_Annular,120,None_MSE_Method_Assumed_Zenith,3.124671807202277,0.050067,91.74308376862062,2.9931183152309098,0.0,94.73620208385154,0.0,1.076196003648122,DeepLabV3+_Xception65_ADE20K,C:\Users\pandya\OneDrive - UCL\Field experiment raw data\Complete Participantwise data\Final Data\ucm\P9\WalkG\ucm\CamUp\cam_20250806_113913.jpg,C:\Users\pandya\Documents\Github\docker\Paper3_Analysis\output\SVF Output\P9\WalkG\CamUp_SVF\cam_20250806_113913_svf.jpg,True,50.81333102,4.37002899,,,,,,,,,,,,,,,
P9,WalkG,cam_20250806_113914.jpg,2025-08-06 11:39:14,CamUp,neginja_MSE_SkyViewFactor_reference_table,"24,25,25,26,26,27,27,29,29,32,32,36,36,40,41,43,44",9d4c5f0c12889fb034103b01efa54b21690d648acad08c427f81fc6d33241e03,b677f291bd6311850d8cb19c1c51cfff76b3a1e2deece82b67687ca72a30d9f8,REFERENCE_OR_CUSTOM_TABLE_NOT_MARKED_LENS_VERIFIED,542.0,240.0,240.0,True,Holmer_1992_Annular,120,None_MSE_Method_Assumed_Zenith,3.4104413674930214,0.05598,81.01926318989581,12.515269601746676,0.0,93.53453279164248,0.0,0.1895917972528535,DeepLabV3+_Xception65_ADE20K,C:\Users\pandya\OneDrive - UCL\Field experiment raw data\Complete Participantwise data\Final Data\ucm\P9\WalkG\ucm\CamUp\cam_20250806_113914.jpg,C:\Users\pandya\Documents\Github\docker\Paper3_Analysis\output\SVF Output\P9\WalkG\CamUp_SVF\cam_20250806_113914_svf.jpg,True,50.81330472,4.3700334,,,,,,,,,,,,,,,
P9,WalkG,cam_20250806_113915.jpg,2025-08-06 11:39:15,CamUp,neginja_MSE_SkyViewFactor_reference_table,"24,25,25,26,26,27,27,29,29,32,32,36,36,40,41,43,44",9d4c5f0c12889fb034103b01efa54b21690d648acad08c427f81fc6d33241e03,b677f291bd6311850d8cb19c1c51cfff76b3a1e2deece82b67687ca72a30d9f8,REFERENCE_OR_CUSTOM_TABLE_NOT_MARKED_LENS_VERIFIED,542.0,240.0,240.0,True,Holmer_1992_Annular,120,None_MSE_Method_Assumed_Zenith,3.5967166901583614,0.054743,91.40203963187132,3.363457977503247,0.0,94.76549760937456,0.0,0.0,DeepLabV3+_Xception65_ADE20K,C:\Users\pandya\OneDrive - UCL\Field experiment raw data\Complete Participantwise data\Final Data\ucm\P9\WalkG\ucm\CamUp\cam_20250806_113915.jpg,C:\Users\pandya\Documents\Github\docker\Paper3_Analysis\output\SVF Output\P9\WalkG\CamUp_SVF\cam_20250806_113915_svf.jpg,True,50.81332,4.370066,,,,,,,,,,,,,,,
P9,WalkG,cam_20250806_113916.jpg,2025-08-06 11:39:16,CamUp,neginja_MSE_SkyViewFactor_reference_table,"24,25,25,26,26,27,27,29,29,32,32,36,36,40,41,43,44",9d4c5f0c12889fb034103b01efa54b21690d648acad08c427f81fc6d33241e03,b677f291bd6311850d8cb19c1c51cfff76b3a1e2deece82b67687ca72a30d9f8,REFERENCE_OR_CUSTOM_TABLE_NOT_MARKED_LENS_VERIFIED,542.0,240.0,240.0,True,Holmer_1992_Annular,120,None_MSE_Method_Assumed_Zenith,3.897410386092917,0.066629,90.64422518862447,3.550838791697758,0.0,94.19506398032225,0.0,0.0005527457645855,DeepLabV3+_Xception65_ADE20K,C:\Users\pandya\OneDrive - UCL\Field experiment raw data\Complete Participantwise data\Final Data\ucm\P9\WalkG\ucm\CamUp\cam_20250806_113916.jpg,C:\Users\pandya\Documents\Github\docker\Paper3_Analysis\output\SVF Output\P9\WalkG\CamUp_SVF\cam_20250806_113916_svf.jpg,True,50.81332,4.370066,,,,,,,,,,,,,,,
P9,WalkG,cam_20250806_113917.jpg,2025-08-06 11:39:17,CamUp,neginja_MSE_SkyViewFactor_reference_table,"24,25,25,26,26,27,27,29,29,32,32,36,36,40,41,43,44",9d4c5f0c12889fb034103b01efa54b21690d648acad08c427f81fc6d33241e03,b677f291bd6311850d8cb19c1c51cfff76b3a1e2deece82b67687ca72a30d9f8,REFERENCE_OR_CUSTOM_TABLE_NOT_MARKED_LENS_VERIFIED,542.0,240.0,240.0,True,Holmer_1992_Annular,120,None_MSE_Method_Assumed_Zenith,4.403172760688721,0.079568,92.58104634773235,1.1309178343420945,0.0,93.71196418207448,0.0,0.521239256004201,DeepLabV3+_Xception65_ADE20K,C:\Users\pandya\OneDrive - UCL\Field experiment raw data\Complete Participantwise data\Final Data\ucm\P9\WalkG\ucm\CamUp\cam_20250806_113917.jpg,C:\Users\pandya\Documents\Github\docker\Paper3_Analysis\output\SVF Output\P9\WalkG\CamUp_SVF\cam_20250806_113917_svf.jpg,True,50.81324062,4.37003624,,,,,,,,,,,,,,,
P9,WalkG,cam_20250806_113918.jpg,2025-08-06 11:39:18,CamUp,neginja_MSE_SkyViewFactor_reference_table,"24,25,25,26,26,27,27,29,29,32,32,36,36,40,41,43,44",9d4c5f0c12889fb034103b01efa54b21690d648acad08c427f81fc6d33241e03,b677f291bd6311850d8cb19c1c51cfff76b3a1e2deece82b67687ca72a30d9f8,REFERENCE_OR_CUSTOM_TABLE_NOT_MARKED_LENS_VERIFIED,542.0,240.0,240.0,True,Holmer_1992_Annular,120,None_MSE_Method_Assumed_Zenith,4.944863609982589,0.0863,93.3344388248625,0.1492413564381063,0.0,93.4836801813006,0.0,0.8799712572202415,DeepLabV3+_Xception65_ADE20K,C:\Users\pandya\OneDrive - UCL\Field experiment raw data\Complete Participantwise data\Final Data\ucm\P9\WalkG\ucm\CamUp\cam_20250806_113918.jpg,C:\Users\pandya\Documents\Github\docker\Paper3_Analysis\output\SVF Output\P9\WalkG\CamUp_SVF\cam_20250806_113918_svf.jpg,True,50.81321714,4.37001784,,,,,,,,,,,,,,,
P9,WalkG,cam_20250806_113919.jpg,2025-08-06 11:39:19,CamUp,neginja_MSE_SkyViewFactor_reference_table,"24,25,25,26,26,27,27,29,29,32,32,36,36,40,41,43,44",9d4c5f0c12889fb034103b01efa54b21690d648acad08c427f81fc6d33241e03,b677f291bd6311850d8cb19c1c51cfff76b3a1e2deece82b67687ca72a30d9f8,REFERENCE_OR_CUSTOM_TABLE_NOT_MARKED_LENS_VERIFIED,542.0,240.0,240.0,True,Holmer_1992_Annular,120,None_MSE_Method_Assumed_Zenith,4.787331067075699,0.076553,92.17035624464528,0.0,0.0,92.17035624464528,0.0,1.122073902108725,DeepLabV3+_Xception65_ADE20K,C:\Users\pandya\OneDrive - UCL\Field experiment raw data\Complete Participantwise data\Final Data\ucm\P9\WalkG\ucm\CamUp\cam_20250806_113919.jpg,C:\Users\pandya\Documents\Github\docker\Paper3_Analysis\output\SVF Output\P9\WalkG\CamUp_SVF\cam_20250806_113919_svf.jpg,True,50.81321347,4.37001737,,,,,,,,,,,,,,,
P9,WalkG,cam_20250806_113920.jpg,2025-08-06 11:39:20,CamUp,neginja_MSE_SkyViewFactor_reference_table,"24,25,25,26,26,27,27,29,29,32,32,36,36,40,41,43,44",9d4c5f0c12889fb034103b01efa54b21690d648acad08c427f81fc6d33241e03,b677f291bd6311850d8cb19c1c51cfff76b3a1e2deece82b67687ca72a30d9f8,REFERENCE_OR_CUSTOM_TABLE_NOT_MARKED_LENS_VERIFIED,542.0,240.0,240.0,True,Holmer_1992_Annular,120,None_MSE_Method_Assumed_Zenith,7.101677583395517,0.074575,88.60182958848077,0.581488544344029,0.0,89.1833181328248,0.0,0.112760135975458,DeepLabV3+_Xception65_ADE20K,C:\Users\pandya\OneDrive - UCL\Field experiment raw data\Complete Participantwise data\Final Data\ucm\P9\WalkG\ucm\CamUp\cam_20250806_113920.jpg,C:\Users\pandya\Documents\Github\docker\Paper3_Analysis\output\SVF Output\P9\WalkG\CamUp_SVF\cam_20250806_113920_svf.jpg,True,50.81321347,4.37001737,,,,,,,,,,,,,,,
P9,WalkG,cam_20250806_113921.jpg,2025-08-06 11:39:21,CamUp,neginja_MSE_SkyViewFactor_reference_table,"24,25,25,26,26,27,27,29,29,32,32,36,36,40,41,43,44",9d4c5f0c12889fb034103b01efa54b21690d648acad08c427f81fc6d33241e03,b677f291bd6311850d8cb19c1c51cfff76b3a1e2deece82b67687ca72a30d9f8,REFERENCE_OR_CUSTOM_TABLE_NOT_MARKED_LENS_VERIFIED,542.0,240.0,240.0,True,Holmer_1992_Annular,120,None_MSE_Method_Assumed_Zenith,3.504960893237156,0.053754,93.8755769283918,0.0265317967001077,0.0,93.9021087250919,0.0,0.0,DeepLabV3+_Xception65_ADE20K,C:\Users\pandya\OneDrive - UCL\Field experiment raw data\Complete Participantwise data\Final Data\ucm\P9\WalkG\ucm\CamUp\cam_20250806_113921.jpg,C:\Users\pandya\Documents\Github\docker\Paper3_Analysis\output\SVF Output\P9\WalkG\CamUp_SVF\cam_20250806_113921_svf.jpg,True,50.81319705,4.37001428,,,,,,,,,,,,,,,
P9,WalkG,cam_20250806_113922.jpg,2025-08-06 11:39:22,CamUp,neginja_MSE_SkyViewFactor_reference_table,"24,25,25,26,26,27,27,29,29,32,32,36,36,40,41,43,44",9d4c5f0c12889fb034103b01efa54b21690d648acad08c427f81fc6d33241e03,b677f291bd6311850d8cb19c1c51cfff76b3a1e2deece82b67687ca72a30d9f8,REFERENCE_OR_CUSTOM_TABLE_NOT_MARKED_LENS_VERIFIED,542.0,240.0,240.0,True,Holmer_1992_Annular,120,None_MSE_Method_Assumed_Zenith,2.3994693640659976,0.034808,95.74496310422022,0.0,0.0,95.74496310422022,0.0,0.4565680015476882,DeepLabV3+_Xception65_ADE20K,C:\Users\pandya\OneDrive - UCL\Field experiment raw data\Complete Participantwise data\Final Data\ucm\P9\WalkG\ucm\CamUp\cam_20250806_113922.jpg,C:\Users\pandya\Documents\Github\docker\Paper3_Analysis\output\SVF Output\P9\WalkG\CamUp_SVF\cam_20250806_113922_svf.jpg,True,50.81319705,4.37001428,,,,,,,,,,,,,,,
P9,WalkG,cam_20250806_113923.jpg,2025-08-06 11:39:23,CamUp,neginja_MSE_SkyViewFactor_reference_table,"24,25,25,26,26,27,27,29,29,32,32,36,36,40,41,43,44",9d4c5f0c12889fb034103b01efa54b21690d648acad08c427f81fc6d33241e03,b677f291bd6311850d8cb19c1c51cfff76b3a1e2deece82b67687ca72a30d9f8,REFERENCE_OR_CUSTOM_TABLE_NOT_MARKED_LENS_VERIFIED,542.0,240.0,240.0,True,Holmer_1992_Annular,120,None_MSE_Method_Assumed_Zenith,2.3900726860680432,0.037631,95.97766907111074,0.0,0.0,95.97766907111074,0.0,0.0298482712876212,DeepLabV3+_Xception65_ADE20K,C:\Users\pandya\OneDrive - UCL\Field experiment raw data\Complete Participantwise data\Final Data\ucm\P9\WalkG\ucm\CamUp\cam_20250806_113923.jpg,C:\Users\pandya\Documents\Github\docker\Paper3_Analysis\output\SVF Output\P9\WalkG\CamUp_SVF\cam_20250806_113923_svf.jpg,True,50.813284,4.370066,,,,,,,,,,,,,,,
P9,WalkG,cam_20250806_113924.jpg,2025-08-06 11:39:24,CamUp,neginja_MSE_SkyViewFactor_reference_table,"24,25,25,26,26,27,27,29,29,32,32,36,36,40,41,43,44",9d4c5f0c12889fb034103b01efa54b21690d648acad08c427f81fc6d33241e03,b677f291bd6311850d8cb19c1c51cfff76b3a1e2deece82b67687ca72a30d9f8,REFERENCE_OR_CUSTOM_TABLE_NOT_MARKED_LENS_VERIFIED,542.0,240.0,240.0,True,Holmer_1992_Annular,120,None_MSE_Method_Assumed_Zenith,2.31545200784899,0.039719,96.91015117596662,0.0,0.0,96.91015117596662,0.0,0.0,DeepLabV3+_Xception65_ADE20K,C:\Users\pandya\OneDrive - UCL\Field experiment raw data\Complete Participantwise data\Final Data\ucm\P9\WalkG\ucm\CamUp\cam_20250806_113924.jpg,C:\Users\pandya\Documents\Github\docker\Paper3_Analysis\output\SVF Output\P9\WalkG\CamUp_SVF\cam_20250806_113924_svf.jpg,True,50.813268,4.370068,,,,,,,,,,,,,,,
P9,WalkG,cam_20250806_113925.jpg,2025-08-06 11:39:25,CamUp,neginja_MSE_SkyViewFactor_reference_table,"24,25,25,26,26,27,27,29,29,32,32,36,36,40,41,43,44",9d4c5f0c12889fb034103b01efa54b21690d648acad08c427f81fc6d33241e03,b677f291bd6311850d8cb19c1c51cfff76b3a1e2deece82b67687ca72a30d9f8,REFERENCE_OR_CUSTOM_TABLE_NOT_MARKED_LENS_VERIFIED,542.0,240.0,240.0,True,Holmer_1992_Annular,120,None_MSE_Method_Assumed_Zenith,2.1004339054251995,0.031278,95.72119503634303,0.0,0.0,95.72119503634303,0.0,0.0,DeepLabV3+_Xception65_ADE20K,C:\Users\pandya\OneDrive - UCL\Field experiment raw data\Complete Participantwise data\Final Data\ucm\P9\WalkG\ucm\CamUp\cam_20250806_113925.jpg,C:\Users\pandya\Documents\Github\docker\Paper3_Analysis\output\SVF Output\P9\WalkG\CamUp_SVF\cam_20250806_113925_svf.jpg,True,50.81315835,4.36999206,,,,,,,,,,,,,,,
P9,WalkG,cam_20250806_113926.jpg,2025-08-06 11:39:26,CamUp,neginja_MSE_SkyViewFactor_reference_table,"24,25,25,26,26,27,27,29,29,32,32,36,36,40,41,43,44",9d4c5f0c12889fb034103b01efa54b21690d648acad08c427f81fc6d33241e03,b677f291bd6311850d8cb19c1c51cfff76b3a1e2deece82b67687ca72a30d9f8,REFERENCE_OR_CUSTOM_TABLE_NOT_MARKED_LENS_VERIFIED,542.0,240.0,240.0,True,Holmer_1992_Annular,120,None_MSE_Method_Assumed_Zenith,2.5326810933311226,0.027279,94.78539645689963,0.3128541027554376,0.0,95.09825055965509,0.0,0.0,DeepLabV3+_Xception65_ADE20K,C:\Users\pandya\OneDrive - UCL\Field experiment raw data\Complete Participantwise data\Final Data\ucm\P9\WalkG\ucm\CamUp\cam_20250806_113926.jpg,C:\Users\pandya\Documents\Github\docker\Paper3_Analysis\output\SVF Output\P9\WalkG\CamUp_SVF\cam_20250806_113926_svf.jpg,True,50.81315835,4.36999206,,,,,,,,,,,,,,,
P9,WalkG,cam_20250806_113927.jpg,2025-08-06 11:39:27,CamUp,neginja_MSE_SkyViewFactor_reference_table,"24,25,25,26,26,27,27,29,29,32,32,36,36,40,41,43,44",9d4c5f0c12889fb034103b01efa54b21690d648acad08c427f81fc6d33241e03,b677f291bd6311850d8cb19c1c51cfff76b3a1e2deece82b67687ca72a30d9f8,REFERENCE_OR_CUSTOM_TABLE_NOT_MARKED_LENS_VERIFIED,542.0,240.0,240.0,True,Holmer_1992_Annular,120,None_MSE_Method_Assumed_Zenith,2.921261365834784,0.026884,94.0662742171738,0.4703866456623276,0.0,94.53666086283614,0.0,0.0055274576458557,DeepLabV3+_Xception65_ADE20K,C:\Users\pandya\OneDrive - UCL\Field experiment raw data\Complete Participantwise data\Final Data\ucm\P9\WalkG\ucm\CamUp\cam_20250806_113927.jpg,C:\Users\pandya\Documents\Github\docker\Paper3_Analysis\output\SVF Output\P9\WalkG\CamUp_SVF\cam_20250806_113927_svf.jpg,True,50.81313189,4.36998782,,,,,,,,,,,,,,,
P9,WalkG,cam_20250806_113928.jpg,2025-08-06 11:39:28,CamUp,neginja_MSE_SkyViewFactor_reference_table,"24,25,25,26,26,27,27,29,29,32,32,36,36,40,41,43,44",9d4c5f0c12889fb034103b01efa54b21690d648acad08c427f81fc6d33241e03,b677f291bd6311850d8cb19c1c51cfff76b3a1e2deece82b67687ca72a30d9f8,REFERENCE_OR_CUSTOM_TABLE_NOT_MARKED_LENS_VERIFIED,542.0,240.0,240.0,True,Holmer_1992_Annular,120,None_MSE_Method_Assumed_Zenith,1.5786419036564132,0.013393,89.59953569355775,0.0,0.0,89.59953569355775,0.0,0.003869220352099,DeepLabV3+_Xception65_ADE20K,C:\Users\pandya\OneDrive - UCL\Field experiment raw data\Complete Participantwise data\Final Data\ucm\P9\WalkG\ucm\CamUp\cam_20250806_113928.jpg,C:\Users\pandya\Documents\Github\docker\Paper3_Analysis\output\SVF Output\P9\WalkG\CamUp_SVF\cam_20250806_113928_svf.jpg,True,50.81313189,4.36998782,,,,,,,,,,,,,,,
P9,WalkG,cam_20250806_113929.jpg,2025-08-06 11:39:29,CamUp,neginja_MSE_SkyViewFactor_reference_table,"24,25,25,26,26,27,27,29,29,32,32,36,36,40,41,43,44",9d4c5f0c12889fb034103b01efa54b21690d648acad08c427f81fc6d33241e03,b677f291bd6311850d8cb19c1c51cfff76b3a1e2deece82b67687ca72a30d9f8,REFERENCE_OR_CUSTOM_TABLE_NOT_MARKED_LENS_VERIFIED,542.0,240.0,240.0,True,Holmer_1992_Annular,120,None_MSE_Method_Assumed_Zenith,2.526600889920681,0.016797,94.13813116656992,0.0,0.0,94.13813116656992,0.0,0.0,DeepLabV3+_Xception65_ADE20K,C:\Users\pandya\OneDrive - UCL\Field experiment raw data\Complete Participantwise data\Final Data\ucm\P9\WalkG\ucm\CamUp\cam_20250806_113929.jpg,C:\Users\pandya\Documents\Github\docker\Paper3_Analysis\output\SVF Output\P9\WalkG\CamUp_SVF\cam_20250806_113929_svf.jpg,True,50.81311028,4.36998458,,,,,,,,,,,,,,,
P9,WalkG,cam_20250806_113930.jpg,2025-08-06 11:39:30,CamUp,neginja_MSE_SkyViewFactor_reference_table,"24,25,25,26,26,27,27,29,29,32,32,36,36,40,41,43,44",9d4c5f0c12889fb034103b01efa54b21690d648acad08c427f81fc6d33241e03,b677f291bd6311850d8cb19c1c51cfff76b3a1e2deece82b67687ca72a30d9f8,REFERENCE_OR_CUSTOM_TABLE_NOT_MARKED_LENS_VERIFIED,542.0,240.0,240.0,True,Holmer_1992_Annular,120,None_MSE_Method_Assumed_Zenith,1.5438189204875217,0.014867,92.10015753254292,0.0,0.0,92.10015753254292,0.0,0.0016582372937567,DeepLabV3+_Xception65_ADE20K,C:\Users\pandya\OneDrive - UCL\Field experiment raw data\Complete Participantwise data\Final Data\ucm\P9\WalkG\ucm\CamUp\cam_20250806_113930.jpg,C:\Users\pandya\Documents\Github\docker\Paper3_Analysis\output\SVF Output\P9\WalkG\CamUp_SVF\cam_20250806_113930_svf.jpg,True,50.81309817,4.36997979,,,,,,,,,,,,,,,
P9,WalkG,cam_20250806_113931.jpg,2025-08-06 11:39:31,CamUp,neginja_MSE_SkyViewFactor_reference_table,"24,25,25,26,26,27,27,29,29,32,32,36,36,40,41,43,44",9d4c5f0c12889fb034103b01efa54b21690d648acad08c427f81fc6d33241e03,b677f291bd6311850d8cb19c1c51cfff76b3a1e2deece82b67687ca72a30d9f8,REFERENCE_OR_CUSTOM_TABLE_NOT_MARKED_LENS_VERIFIED,542.0,240.0,240.0,True,Holmer_1992_Annular,120,None_MSE_Method_Assumed_Zenith,2.5420777713290774,0.016263,93.9280877760274,0.0,0.0,93.9280877760274,0.0,0.0,DeepLabV3+_Xception65_ADE20K,C:\Users\pandya\OneDrive - UCL\Field experiment raw data\Complete Participantwise data\Final Data\ucm\P9\WalkG\ucm\CamUp\cam_20250806_113931.jpg,C:\Users\pandya\Documents\Github\docker\Paper3_Analysis\output\SVF Output\P9\WalkG\CamUp_SVF\cam_20250806_113931_svf.jpg,True,50.81308631,4.36996462,,,,,,,,,,,,,,,
P9,WalkG,cam_20250806_113932.jpg,2025-08-06 11:39:32,CamUp,neginja_MSE_SkyViewFactor_reference_table,"24,25,25,26,26,27,27,29,29,32,32,36,36,40,41,43,44",9d4c5f0c12889fb034103b01efa54b21690d648acad08c427f81fc6d33241e03,b677f291bd6311850d8cb19c1c51cfff76b3a1e2deece82b67687ca72a30d9f8,REFERENCE_OR_CUSTOM_TABLE_NOT_MARKED_LENS_VERIFIED,542.0,240.0,240.0,True,Holmer_1992_Annular,120,None_MSE_Method_Assumed_Zenith,1.5427134289583506,0.013666,90.77854240941878,0.0,0.0,90.77854240941878,0.0,0.0,DeepLabV3+_Xception65_ADE20K,C:\Users\pandya\OneDrive - UCL\Field experiment raw data\Complete Participantwise data\Final Data\ucm\P9\WalkG\ucm\CamUp\cam_20250806_113932.jpg,C:\Users\pandya\Documents\Github\docker\Paper3_Analysis\output\SVF Output\P9\WalkG\CamUp_SVF\cam_20250806_113932_svf.jpg,True,50.81307427,4.36996693,,,,,,,,,,,,,,,
P9,WalkG,cam_20250806_113933.jpg,2025-08-06 11:39:33,CamUp,neginja_MSE_SkyViewFactor_reference_table,"24,25,25,26,26,27,27,29,29,32,32,36,36,40,41,43,44",9d4c5f0c12889fb034103b01efa54b21690d648acad08c427f81fc6d33241e03,b677f291bd6311850d8cb19c1c51cfff76b3a1e2deece82b67687ca72a30d9f8,REFERENCE_OR_CUSTOM_TABLE_NOT_MARKED_LENS_VERIFIED,542.0,240.0,240.0,True,Holmer_1992_Annular,120,None_MSE_Method_Assumed_Zenith,1.3547798689992538,0.013823,96.69844954813034,0.0,0.0,96.69844954813034,0.0,0.0,DeepLabV3+_Xception65_ADE20K,C:\Users\pandya\OneDrive - UCL\Field experiment raw data\Complete Participantwise data\Final Data\ucm\P9\WalkG\ucm\CamUp\cam_20250806_113933.jpg,C:\Users\pandya\Documents\Github\docker\Paper3_Analysis\output\SVF Output\P9\WalkG\CamUp_SVF\cam_20250806_113933_svf.jpg,True,50.81307427,4.36996693,,,,,,,,,,,,,,,
P9,WalkG,cam_20250806_113934.jpg,2025-08-06 11:39:34,CamUp,neginja_MSE_SkyViewFactor_reference_table,"24,25,25,26,26,27,27,29,29,32,32,36,36,40,41,43,44",9d4c5f0c12889fb034103b01efa54b21690d648acad08c427f81fc6d33241e03,b677f291bd6311850d8cb19c1c51cfff76b3a1e2deece82b67687ca72a30d9f8,REFERENCE_OR_CUSTOM_TABLE_NOT_MARKED_LENS_VERIFIED,542.0,240.0,240.0,True,Holmer_1992_Annular,120,None_MSE_Method_Assumed_Zenith,2.14410082082746,0.009636,89.7471188127021,0.0,0.0,89.7471188127021,0.0,0.0,DeepLabV3+_Xception65_ADE20K,C:\Users\pandya\OneDrive - UCL\Field experiment raw data\Complete Participantwise data\Final Data\ucm\P9\WalkG\ucm\CamUp\cam_20250806_113934.jpg,C:\Users\pandya\Documents\Github\docker\Paper3_Analysis\output\SVF Output\P9\WalkG\CamUp_SVF\cam_20250806_113934_svf.jpg,True,50.8130498,4.36997727,,,,,,,,,,,,,,,
P9,WalkG,cam_20250806_113935.jpg,2025-08-06 11:39:35,CamUp,neginja_MSE_SkyViewFactor_reference_table,"24,25,25,26,26,27,27,29,29,32,32,36,36,40,41,43,44",9d4c5f0c12889fb034103b01efa54b21690d648acad08c427f81fc6d33241e03,b677f291bd6311850d8cb19c1c51cfff76b3a1e2deece82b67687ca72a30d9f8,REFERENCE_OR_CUSTOM_TABLE_NOT_MARKED_LENS_VERIFIED,542.0,240.0,240.0,True,Holmer_1992_Annular,120,None_MSE_Method_Assumed_Zenith,0.8772075283973138,0.00663,92.28201088909157,0.0,0.0,92.28201088909157,0.0,0.0,DeepLabV3+_Xception65_ADE20K,C:\Users\pandya\OneDrive - UCL\Field experiment raw data\Complete Participantwise data\Final Data\ucm\P9\WalkG\ucm\CamUp\cam_20250806_113935.jpg,C:\Users\pandya\Documents\Github\docker\Paper3_Analysis\output\SVF Output\P9\WalkG\CamUp_SVF\cam_20250806_113935_svf.jpg,True,50.813184,4.370054,,,,,,,,,,,,,,,
P9,WalkG,cam_20250806_113936.jpg,2025-08-06 11:39:36,CamUp,neginja_MSE_SkyViewFactor_reference_table,"24,25,25,26,26,27,27,29,29,32,32,36,36,40,41,43,44",9d4c5f0c12889fb034103b01efa54b21690d648acad08c427f81fc6d33241e03,b677f291bd6311850d8cb19c1c51cfff76b3a1e2deece82b67687ca72a30d9f8,REFERENCE_OR_CUSTOM_TABLE_NOT_MARKED_LENS_VERIFIED,542.0,240.0,240.0,True,Holmer_1992_Annular,120,None_MSE_Method_Assumed_Zenith,2.6929773650609405,0.013907,97.0218058204129,0.0,0.0,97.0218058204129,0.0,0.0,DeepLabV3+_Xception65_ADE20K,C:\Users\pandya\OneDrive - UCL\Field experiment raw data\Complete Participantwise data\Final Data\ucm\P9\WalkG\ucm\CamUp\cam_20250806_113936.jpg,C:\Users\pandya\Documents\Github\docker\Paper3_Analysis\output\SVF Output\P9\WalkG\CamUp_SVF\cam_20250806_113936_svf.jpg,True,50.813168,4.370055,,,,,,,,,,,,,,,
P9,WalkG,cam_20250806_113937.jpg,2025-08-06 11:39:37,CamUp,neginja_MSE_SkyViewFactor_reference_table,"24,25,25,26,26,27,27,29,29,32,32,36,36,40,41,43,44",9d4c5f0c12889fb034103b01efa54b21690d648acad08c427f81fc6d33241e03,b677f291bd6311850d8cb19c1c51cfff76b3a1e2deece82b67687ca72a30d9f8,REFERENCE_OR_CUSTOM_TABLE_NOT_MARKED_LENS_VERIFIED,542.0,240.0,240.0,True,Holmer_1992_Annular,120,None_MSE_Method_Assumed_Zenith,2.3657518724262774,0.01209,91.91498770140672,0.0,0.0,91.91498770140672,0.0,0.0,DeepLabV3+_Xception65_ADE20K,C:\Users\pandya\OneDrive - UCL\Field experiment raw data\Complete Participantwise data\Final Data\ucm\P9\WalkG\ucm\CamUp\cam_20250806_113937.jpg,C:\Users\pandya\Documents\Github\docker\Paper3_Analysis\output\SVF Output\P9\WalkG\CamUp_SVF\cam_20250806_113937_svf.jpg,True,50.81301352,4.37000443,,,,,,,,,,,,,,,
P9,WalkG,cam_20250806_113938.jpg,2025-08-06 11:39:38,CamUp,neginja_MSE_SkyViewFactor_reference_table,"24,25,25,26,26,27,27,29,29,32,32,36,36,40,41,43,44",9d4c5f0c12889fb034103b01efa54b21690d648acad08c427f81fc6d33241e03,b677f291bd6311850d8cb19c1c51cfff76b3a1e2deece82b67687ca72a30d9f8,REFERENCE_OR_CUSTOM_TABLE_NOT_MARKED_LENS_VERIFIED,542.0,240.0,240.0,True,Holmer_1992_Annular,120,None_MSE_Method_Assumed_Zenith,4.628140286875052,0.015851,95.14357571235112,0.2282840007738441,0.0,95.37185971312496,0.0,0.0,DeepLabV3+_Xception65_ADE20K,C:\Users\pandya\OneDrive - UCL\Field experiment raw data\Complete Participantwise data\Final Data\ucm\P9\WalkG\ucm\CamUp\cam_20250806_113938.jpg,C:\Users\pandya\Documents\Github\docker\Paper3_Analysis\output\SVF Output\P9\WalkG\CamUp_SVF\cam_20250806_113938_svf.jpg,True,50.81300162,4.36999625,,,,,,,,,,,,,,,
P9,WalkG,cam_20250806_113939.jpg,2025-08-06 11:39:39,CamUp,neginja_MSE_SkyViewFactor_reference_table,"24,25,25,26,26,27,27,29,29,32,32,36,36,40,41,43,44",9d4c5f0c12889fb034103b01efa54b21690d648acad08c427f81fc6d33241e03,b677f291bd6311850d8cb19c1c51cfff76b3a1e2deece82b67687ca72a30d9f8,REFERENCE_OR_CUSTOM_TABLE_NOT_MARKED_LENS_VERIFIED,542.0,240.0,240.0,True,Holmer_1992_Annular,120,None_MSE_Method_Assumed_Zenith,3.1130641461459803,0.012665,96.5580521239256,0.3200397976950501,0.0,96.87809192162064,0.0,0.0,DeepLabV3+_Xception65_ADE20K,C:\Users\pandya\OneDrive - UCL\Field experiment raw data\Complete Participantwise data\Final Data\ucm\P9\WalkG\ucm\CamUp\cam_20250806_113939.jpg,C:\Users\pandya\Documents\Github\docker\Paper3_Analysis\output\SVF Output\P9\WalkG\CamUp_SVF\cam_20250806_113939_svf.jpg,True,50.813124,4.370057,,,,,,,,,,,,,,,
P9,WalkG,cam_20250806_113940.jpg,2025-08-06 11:39:40,CamUp,neginja_MSE_SkyViewFactor_reference_table,"24,25,25,26,26,27,27,29,29,32,32,36,36,40,41,43,44",9d4c5f0c12889fb034103b01efa54b21690d648acad08c427f81fc6d33241e03,b677f291bd6311850d8cb19c1c51cfff76b3a1e2deece82b67687ca72a30d9f8,REFERENCE_OR_CUSTOM_TABLE_NOT_MARKED_LENS_VERIFIED,542.0,240.0,240.0,True,Holmer_1992_Annular,120,None_MSE_Method_Assumed_Zenith,1.6709504463422051,0.009533,97.88353646740184,0.0,0.0,97.88353646740184,0.0,0.0,DeepLabV3+_Xception65_ADE20K,C:\Users\pandya\OneDrive - UCL\Field experiment raw data\Complete Participantwise data\Final Data\ucm\P9\WalkG\ucm\CamUp\cam_20250806_113940.jpg,C:\Users\pandya\Documents\Github\docker\Paper3_Analysis\output\SVF Output\P9\WalkG\CamUp_SVF\cam_20250806_113940_svf.jpg,True,50.81297551,4.36997542,,,,,,,,,,,,,,,
P9,WalkG,cam_20250806_113941.jpg,2025-08-06 11:39:41,CamUp,neginja_MSE_SkyViewFactor_reference_table,"24,25,25,26,26,27,27,29,29,32,32,36,36,40,41,43,44",9d4c5f0c12889fb034103b01efa54b21690d648acad08c427f81fc6d33241e03,b677f291bd6311850d8cb19c1c51cfff76b3a1e2deece82b67687ca72a30d9f8,REFERENCE_OR_CUSTOM_TABLE_NOT_MARKED_LENS_VERIFIED,542.0,240.0,240.0,True,Holmer_1992_Annular,120,None_MSE_Method_Assumed_Zenith,2.4066550590056104,0.008897,96.74045822623884,0.0,0.0,96.74045822623884,0.0,0.0,DeepLabV3+_Xception65_ADE20K,C:\Users\pandya\OneDrive - UCL\Field experiment raw data\Complete Participantwise data\Final Data\ucm\P9\WalkG\ucm\CamUp\cam_20250806_113941.jpg,C:\Users\pandya\Documents\Github\docker\Paper3_Analysis\output\SVF Output\P9\WalkG\CamUp_SVF\cam_20250806_113941_svf.jpg,True,50.81296142,4.36998203,,,,,,,,,,,,,,,
P9,WalkG,cam_20250806_113942.jpg,2025-08-06 11:39:42,CamUp,neginja_MSE_SkyViewFactor_reference_table,"24,25,25,26,26,27,27,29,29,32,32,36,36,40,41,43,44",9d4c5f0c12889fb034103b01efa54b21690d648acad08c427f81fc6d33241e03,b677f291bd6311850d8cb19c1c51cfff76b3a1e2deece82b67687ca72a30d9f8,REFERENCE_OR_CUSTOM_TABLE_NOT_MARKED_LENS_VERIFIED,542.0,240.0,240.0,True,Holmer_1992_Annular,120,None_MSE_Method_Assumed_Zenith,1.2215681397341294,0.005814,98.2212641295636,0.0,0.0,98.2212641295636,0.0,0.0,DeepLabV3+_Xception65_ADE20K,C:\Users\pandya\OneDrive - UCL\Field experiment raw data\Complete Participantwise data\Final Data\ucm\P9\WalkG\ucm\CamUp\cam_20250806_113942.jpg,C:\Users\pandya\Documents\Github\docker\Paper3_Analysis\output\SVF Output\P9\WalkG\CamUp_SVF\cam_20250806_113942_svf.jpg,True,50.81294886,4.36998831,,,,,,,,,,,,,,,
P9,WalkG,cam_20250806_113943.jpg,2025-08-06 11:39:43,CamUp,neginja_MSE_SkyViewFactor_reference_table,"24,25,25,26,26,27,27,29,29,32,32,36,36,40,41,43,44",9d4c5f0c12889fb034103b01efa54b21690d648acad08c427f81fc6d33241e03,b677f291bd6311850d8cb19c1c51cfff76b3a1e2deece82b67687ca72a30d9f8,REFERENCE_OR_CUSTOM_TABLE_NOT_MARKED_LENS_VERIFIED,542.0,240.0,240.0,True,Holmer_1992_Annular,120,None_MSE_Method_Assumed_Zenith,0.7169112566674958,0.006744,97.92830887433324,0.0,0.0,97.92830887433324,0.0,0.0,DeepLabV3+_Xception65_ADE20K,C:\Users\pandya\OneDrive - UCL\Field experiment raw data\Complete Participantwise data\Final Data\ucm\P9\WalkG\ucm\CamUp\cam_20250806_113943.jpg,C:\Users\pandya\Documents\Github\docker\Paper3_Analysis\output\SVF Output\P9\WalkG\CamUp_SVF\cam_20250806_113943_svf.jpg,True,50.81291366,4.36999159,,,,,,,,,,,,,,,
P9,WalkG,cam_20250806_113944.jpg,2025-08-06 11:39:44,CamUp,neginja_MSE_SkyViewFactor_reference_table,"24,25,25,26,26,27,27,29,29,32,32,36,36,40,41,43,44",9d4c5f0c12889fb034103b01efa54b21690d648acad08c427f81fc6d33241e03,b677f291bd6311850d8cb19c1c51cfff76b3a1e2deece82b67687ca72a30d9f8,REFERENCE_OR_CUSTOM_TABLE_NOT_MARKED_LENS_VERIFIED,542.0,240.0,240.0,True,Holmer_1992_Annular,120,None_MSE_Method_Assumed_Zenith,1.0557444103584557,0.003259,96.95050161678137,0.0,0.0,96.95050161678137,0.0,0.0,DeepLabV3+_Xception65_ADE20K,C:\Users\pandya\OneDrive - UCL\Field experiment raw data\Complete Participantwise data\Final Data\ucm\P9\WalkG\ucm\CamUp\cam_20250806_113944.jpg,C:\Users\pandya\Documents\Github\docker\Paper3_Analysis\output\SVF Output\P9\WalkG\CamUp_SVF\cam_20250806_113944_svf.jpg,True,50.81291618,4.36997706,,,,,,,,,,,,,,,
P9,WalkG,cam_20250806_113945.jpg,2025-08-06 11:39:45,CamUp,neginja_MSE_SkyViewFactor_reference_table,"24,25,25,26,26,27,27,29,29,32,32,36,36,40,41,43,44",9d4c5f0c12889fb034103b01efa54b21690d648acad08c427f81fc6d33241e03,b677f291bd6311850d8cb19c1c51cfff76b3a1e2deece82b67687ca72a30d9f8,REFERENCE_OR_CUSTOM_TABLE_NOT_MARKED_LENS_VERIFIED,542.0,240.0,240.0,True,Holmer_1992_Annular,120,None_MSE_Method_Assumed_Zenith,3.911229030207556,0.01908,89.8891744742006,0.0,0.0,89.8891744742006,0.0,0.0,DeepLabV3+_Xception65_ADE20K,C:\Users\pandya\OneDrive - UCL\Field experiment raw data\Complete Participantwise data\Final Data\ucm\P9\WalkG\ucm\CamUp\cam_20250806_113945.jpg,C:\Users\pandya\Documents\Github\docker\Paper3_Analysis\output\SVF Output\P9\WalkG\CamUp_SVF\cam_20250806_113945_svf.jpg,True,50.81293295,4.3699659,,,,,,,,,,,,,,,
P9,WalkG,cam_20250806_113946.jpg,2025-08-06 11:39:46,CamUp,neginja_MSE_SkyViewFactor_reference_table,"24,25,25,26,26,27,27,29,29,32,32,36,36,40,41,43,44",9d4c5f0c12889fb034103b01efa54b21690d648acad08c427f81fc6d33241e03,b677f291bd6311850d8cb19c1c51cfff76b3a1e2deece82b67687ca72a30d9f8,REFERENCE_OR_CUSTOM_TABLE_NOT_MARKED_LENS_VERIFIED,542.0,240.0,240.0,True,Holmer_1992_Annular,120,None_MSE_Method_Assumed_Zenith,1.366387530055551,0.001565,95.29723903490589,0.0,0.0,95.29723903490589,0.0,0.0,DeepLabV3+_Xception65_ADE20K,C:\Users\pandya\OneDrive - UCL\Field experiment raw data\Complete Participantwise data\Final Data\ucm\P9\WalkG\ucm\CamUp\cam_20250806_113946.jpg,C:\Users\pandya\Documents\Github\docker\Paper3_Analysis\output\SVF Output\P9\WalkG\CamUp_SVF\cam_20250806_113946_svf.jpg,True,50.813036,4.370051,,,,,,,,,,,,,,,
P9,WalkG,cam_20250806_113947.jpg,2025-08-06 11:39:47,CamUp,neginja_MSE_SkyViewFactor_reference_table,"24,25,25,26,26,27,27,29,29,32,32,36,36,40,41,43,44",9d4c5f0c12889fb034103b01efa54b21690d648acad08c427f81fc6d33241e03,b677f291bd6311850d8cb19c1c51cfff76b3a1e2deece82b67687ca72a30d9f8,REFERENCE_OR_CUSTOM_TABLE_NOT_MARKED_LENS_VERIFIED,542.0,240.0,240.0,True,Holmer_1992_Annular,120,None_MSE_Method_Assumed_Zenith,3.17552441754415,0.007243,96.5956388359174,0.0,0.0,96.5956388359174,0.0,0.0,DeepLabV3+_Xception65_ADE20K,C:\Users\pandya\OneDrive - UCL\Field experiment raw data\Complete Participantwise data\Final Data\ucm\P9\WalkG\ucm\CamUp\cam_20250806_113947.jpg,C:\Users\pandya\Documents\Github\docker\Paper3_Analysis\output\SVF Output\P9\WalkG\CamUp_SVF\cam_20250806_113947_svf.jpg,True,50.81290858,4.3699462,,,,,,,,,,,,,,,
P9,WalkG,cam_20250806_113948.jpg,2025-08-06 11:39:48,CamUp,neginja_MSE_SkyViewFactor_reference_table,"24,25,25,26,26,27,27,29,29,32,32,36,36,40,41,43,44",9d4c5f0c12889fb034103b01efa54b21690d648acad08c427f81fc6d33241e03,b677f291bd6311850d8cb19c1c51cfff76b3a1e2deece82b67687ca72a30d9f8,REFERENCE_OR_CUSTOM_TABLE_NOT_MARKED_LENS_VERIFIED,542.0,240.0,240.0,True,Holmer_1992_Annular,120,None_MSE_Method_Assumed_Zenith,3.583450791808308,0.007266,94.9097642539314,0.0,0.0,94.9097642539314,0.0,0.0,DeepLabV3+_Xception65_ADE20K,C:\Users\pandya\OneDrive - UCL\Field experiment raw data\Complete Participantwise data\Final Data\ucm\P9\WalkG\ucm\CamUp\cam_20250806_113948.jpg,C:\Users\pandya\Documents\Github\docker\Paper3_Analysis\output\SVF Output\P9\WalkG\CamUp_SVF\cam_20250806_113948_svf.jpg,True,50.81287369,4.36994622,,,,,,,,,,,,,,,
P9,WalkG,cam_20250806_113949.jpg,2025-08-06 11:39:49,CamUp,neginja_MSE_SkyViewFactor_reference_table,"24,25,25,26,26,27,27,29,29,32,32,36,36,40,41,43,44",9d4c5f0c12889fb034103b01efa54b21690d648acad08c427f81fc6d33241e03,b677f291bd6311850d8cb19c1c51cfff76b3a1e2deece82b67687ca72a30d9f8,REFERENCE_OR_CUSTOM_TABLE_NOT_MARKED_LENS_VERIFIED,542.0,240.0,240.0,True,Holmer_1992_Annular,120,None_MSE_Method_Assumed_Zenith,2.695741093883868,0.006058,95.81737279938092,0.0,0.0,95.81737279938092,0.0,0.0,DeepLabV3+_Xception65_ADE20K,C:\Users\pandya\OneDrive - UCL\Field experiment raw data\Complete Participantwise data\Final Data\ucm\P9\WalkG\ucm\CamUp\cam_20250806_113949.jpg,C:\Users\pandya\Documents\Github\docker\Paper3_Analysis\output\SVF Output\P9\WalkG\CamUp_SVF\cam_20250806_113949_svf.jpg,True,50.81287369,4.36994622,,,,,,,,,,,,,,,
P9,WalkG,cam_20250806_113950.jpg,2025-08-06 11:39:50,CamUp,neginja_MSE_SkyViewFactor_reference_table,"24,25,25,26,26,27,27,29,29,32,32,36,36,40,41,43,44",9d4c5f0c12889fb034103b01efa54b21690d648acad08c427f81fc6d33241e03,b677f291bd6311850d8cb19c1c51cfff76b3a1e2deece82b67687ca72a30d9f8,REFERENCE_OR_CUSTOM_TABLE_NOT_MARKED_LENS_VERIFIED,542.0,240.0,240.0,True,Holmer_1992_Annular,120,None_MSE_Method_Assumed_Zenith,0.6428433242130281,0.00119,98.78838128402842,0.0,0.0,98.78838128402842,0.0,0.0,DeepLabV3+_Xception65_ADE20K,C:\Users\pandya\OneDrive - UCL\Field experiment raw data\Complete Participantwise data\Final Data\ucm\P9\WalkG\ucm\CamUp\cam_20250806_113950.jpg,C:\Users\pandya\Documents\Github\docker\Paper3_Analysis\output\SVF Output\P9\WalkG\CamUp_SVF\cam_20250806_113950_svf.jpg,True,50.81287001,4.36996479,,,,,,,,,,,,,,,
P9,WalkG,cam_20250806_113951.jpg,2025-08-06 11:39:51,CamUp,neginja_MSE_SkyViewFactor_reference_table,"24,25,25,26,26,27,27,29,29,32,32,36,36,40,41,43,44",9d4c5f0c12889fb034103b01efa54b21690d648acad08c427f81fc6d33241e03,b677f291bd6311850d8cb19c1c51cfff76b3a1e2deece82b67687ca72a30d9f8,REFERENCE_OR_CUSTOM_TABLE_NOT_MARKED_LENS_VERIFIED,542.0,240.0,240.0,True,Holmer_1992_Annular,120,None_MSE_Method_Assumed_Zenith,5.515297239034906,0.014034,94.00436669154024,0.0,0.0,94.00436669154024,0.0,0.0,DeepLabV3+_Xception65_ADE20K,C:\Users\pandya\OneDrive - UCL\Field experiment raw data\Complete Participantwise data\Final Data\ucm\P9\WalkG\ucm\CamUp\cam_20250806_113951.jpg,C:\Users\pandya\Documents\Github\docker\Paper3_Analysis\output\SVF Output\P9\WalkG\CamUp_SVF\cam_20250806_113951_svf.jpg,True,50.81285947,4.3699669,,,,,,,,,,,,,,,
P9,WalkG,cam_20250806_113952.jpg,2025-08-06 11:39:52,CamUp,neginja_MSE_SkyViewFactor_reference_table,"24,25,25,26,26,27,27,29,29,32,32,36,36,40,41,43,44",9d4c5f0c12889fb034103b01efa54b21690d648acad08c427f81fc6d33241e03,b677f291bd6311850d8cb19c1c51cfff76b3a1e2deece82b67687ca72a30d9f8,REFERENCE_OR_CUSTOM_TABLE_NOT_MARKED_LENS_VERIFIED,542.0,240.0,240.0,True,Holmer_1992_Annular,120,None_MSE_Method_Assumed_Zenith,5.351684492717575,0.013292,86.57712185280381,0.0,0.0,86.57712185280381,0.0,0.0,DeepLabV3+_Xception65_ADE20K,C:\Users\pandya\OneDrive - UCL\Field experiment raw data\Complete Participantwise data\Final Data\ucm\P9\WalkG\ucm\CamUp\cam_20250806_113952.jpg,C:\Users\pandya\Documents\Github\docker\Paper3_Analysis\output\SVF Output\P9\WalkG\CamUp_SVF\cam_20250806_113952_svf.jpg,True,50.812952,4.370063,,,,,,,,,,,,,,,
P9,WalkG,cam_20250806_113953.jpg,2025-08-06 11:39:53,CamUp,neginja_MSE_SkyViewFactor_reference_table,"24,25,25,26,26,27,27,29,29,32,32,36,36,40,41,43,44",9d4c5f0c12889fb034103b01efa54b21690d648acad08c427f81fc6d33241e03,b677f291bd6311850d8cb19c1c51cfff76b3a1e2deece82b67687ca72a30d9f8,REFERENCE_OR_CUSTOM_TABLE_NOT_MARKED_LENS_VERIFIED,542.0,240.0,240.0,True,Holmer_1992_Annular,120,None_MSE_Method_Assumed_Zenith,9.19160931929359,0.029572,90.06273664428046,0.0099494237625404,0.0,90.072686068043,0.0,0.0,DeepLabV3+_Xception65_ADE20K,C:\Users\pandya\OneDrive - UCL\Field experiment raw data\Complete Participantwise data\Final Data\ucm\P9\WalkG\ucm\CamUp\cam_20250806_113953.jpg,C:\Users\pandya\Documents\Github\docker\Paper3_Analysis\output\SVF Output\P9\WalkG\CamUp_SVF\cam_20250806_113953_svf.jpg,True,50.812952,4.370063,,,,,,,,,,,,,,,
P9,WalkG,cam_20250806_113954.jpg,2025-08-06 11:39:54,CamUp,neginja_MSE_SkyViewFactor_reference_table,"24,25,25,26,26,27,27,29,29,32,32,36,36,40,41,43,44",9d4c5f0c12889fb034103b01efa54b21690d648acad08c427f81fc6d33241e03,b677f291bd6311850d8cb19c1c51cfff76b3a1e2deece82b67687ca72a30d9f8,REFERENCE_OR_CUSTOM_TABLE_NOT_MARKED_LENS_VERIFIED,542.0,240.0,240.0,True,Holmer_1992_Annular,120,None_MSE_Method_Assumed_Zenith,3.7763590636486746,0.01257,93.46765055412764,0.0,0.0,93.46765055412764,0.0,0.0198988475250808,DeepLabV3+_Xception65_ADE20K,C:\Users\pandya\OneDrive - UCL\Field experiment raw data\Complete Participantwise data\Final Data\ucm\P9\WalkG\ucm\CamUp\cam_20250806_113954.jpg,C:\Users\pandya\Documents\Github\docker\Paper3_Analysis\output\SVF Output\P9\WalkG\CamUp_SVF\cam_20250806_113954_svf.jpg,True,50.81280861,4.36997441,,,,,,,,,,,,,,,
P9,WalkG,cam_20250806_113955.jpg,2025-08-06 11:39:55,CamUp,neginja_MSE_SkyViewFactor_reference_table,"24,25,25,26,26,27,27,29,29,32,32,36,36,40,41,43,44",9d4c5f0c12889fb034103b01efa54b21690d648acad08c427f81fc6d33241e03,b677f291bd6311850d8cb19c1c51cfff76b3a1e2deece82b67687ca72a30d9f8,REFERENCE_OR_CUSTOM_TABLE_NOT_MARKED_LENS_VERIFIED,542.0,240.0,240.0,True,Holmer_1992_Annular,120,None_MSE_Method_Assumed_Zenith,5.665644087002184,0.015677,94.11712682751568,0.0,0.0,94.11712682751568,0.0,0.0,DeepLabV3+_Xception65_ADE20K,C:\Users\pandya\OneDrive - UCL\Field experiment raw data\Complete Participantwise data\Final Data\ucm\P9\WalkG\ucm\CamUp\cam_20250806_113955.jpg,C:\Users\pandya\Documents\Github\docker\Paper3_Analysis\output\SVF Output\P9\WalkG\CamUp_SVF\cam_20250806_113955_svf.jpg,True,50.81279492,4.36995761,,,,,,,,,,,,,,,
P9,WalkG,cam_20250806_113956.jpg,2025-08-06 11:39:56,CamUp,neginja_MSE_SkyViewFactor_reference_table,"24,25,25,26,26,27,27,29,29,32,32,36,36,40,41,43,44",9d4c5f0c12889fb034103b01efa54b21690d648acad08c427f81fc6d33241e03,b677f291bd6311850d8cb19c1c51cfff76b3a1e2deece82b67687ca72a30d9f8,REFERENCE_OR_CUSTOM_TABLE_NOT_MARKED_LENS_VERIFIED,542.0,240.0,240.0,True,Holmer_1992_Annular,120,None_MSE_Method_Assumed_Zenith,4.691153304037808,0.00718,90.52372661194484,0.0044219661166846,0.0,90.52814857806152,0.0,0.0,DeepLabV3+_Xception65_ADE20K,C:\Users\pandya\OneDrive - UCL\Field experiment raw data\Complete Participantwise data\Final Data\ucm\P9\WalkG\ucm\CamUp\cam_20250806_113956.jpg,C:\Users\pandya\Documents\Github\docker\Paper3_Analysis\output\SVF Output\P9\WalkG\CamUp_SVF\cam_20250806_113956_svf.jpg,True,50.812916,4.370032,,,,,,,,,,,,,,,
P9,WalkG,cam_20250806_113957.jpg,2025-08-06 11:39:57,CamUp,neginja_MSE_SkyViewFactor_reference_table,"24,25,25,26,26,27,27,29,29,32,32,36,36,40,41,43,44",9d4c5f0c12889fb034103b01efa54b21690d648acad08c427f81fc6d33241e03,b677f291bd6311850d8cb19c1c51cfff76b3a1e2deece82b67687ca72a30d9f8,REFERENCE_OR_CUSTOM_TABLE_NOT_MARKED_LENS_VERIFIED,542.0,240.0,240.0,True,Holmer_1992_Annular,120,None_MSE_Method_Assumed_Zenith,3.8316336401072326,0.016998,94.87217754193958,0.0469833899897742,0.0,94.91916093192935,0.0,0.0,DeepLabV3+_Xception65_ADE20K,C:\Users\pandya\OneDrive - UCL\Field experiment raw data\Complete Participantwise data\Final Data\ucm\P9\WalkG\ucm\CamUp\cam_20250806_113957.jpg,C:\Users\pandya\Documents\Github\docker\Paper3_Analysis\output\SVF Output\P9\WalkG\CamUp_SVF\cam_20250806_113957_svf.jpg,True,50.812916,4.370024,,,,,,,,,,,,,,,
P9,WalkG,cam_20250806_113958.jpg,2025-08-06 11:39:58,CamUp,neginja_MSE_SkyViewFactor_reference_table,"24,25,25,26,26,27,27,29,29,32,32,36,36,40,41,43,44",9d4c5f0c12889fb034103b01efa54b21690d648acad08c427f81fc6d33241e03,b677f291bd6311850d8cb19c1c51cfff76b3a1e2deece82b67687ca72a30d9f8,REFERENCE_OR_CUSTOM_TABLE_NOT_MARKED_LENS_VERIFIED,542.0,240.0,240.0,True,Holmer_1992_Annular,120,None_MSE_Method_Assumed_Zenith,6.8424398198048815,0.021866,82.50172733051433,5.124505983472901,0.0,87.62623331398723,0.0,0.0,DeepLabV3+_Xception65_ADE20K,C:\Users\pandya\OneDrive - UCL\Field experiment raw data\Complete Participantwise data\Final Data\ucm\P9\WalkG\ucm\CamUp\cam_20250806_113958.jpg,C:\Users\pandya\Documents\Github\docker\Paper3_Analysis\output\SVF Output\P9\WalkG\CamUp_SVF\cam_20250806_113958_svf.jpg,True,50.81278044,4.36995157,,,,,,,,,,,,,,,
P9,WalkG,cam_20250806_113959.jpg,2025-08-06 11:39:59,CamUp,neginja_MSE_SkyViewFactor_reference_table,"24,25,25,26,26,27,27,29,29,32,32,36,36,40,41,43,44",9d4c5f0c12889fb034103b01efa54b21690d648acad08c427f81fc6d33241e03,b677f291bd6311850d8cb19c1c51cfff76b3a1e2deece82b67687ca72a30d9f8,REFERENCE_OR_CUSTOM_TABLE_NOT_MARKED_LENS_VERIFIED,542.0,240.0,240.0,True,Holmer_1992_Annular,120,None_MSE_Method_Assumed_Zenith,3.1009037393250973,0.013963,94.53666086283614,0.3614957300389685,0.0,94.89815659287513,0.0,0.0,DeepLabV3+_Xception65_ADE20K,C:\Users\pandya\OneDrive - UCL\Field experiment raw data\Complete Participantwise data\Final Data\ucm\P9\WalkG\ucm\CamUp\cam_20250806_113959.jpg,C:\Users\pandya\Documents\Github\docker\Paper3_Analysis\output\SVF Output\P9\WalkG\CamUp_SVF\cam_20250806_113959_svf.jpg,True,50.81278044,4.36995157,,,,,,,,,,,,,,,
P9,WalkG,cam_20250806_114000.jpg,2025-08-06 11:40:00,CamUp,neginja_MSE_SkyViewFactor_reference_table,"24,25,25,26,26,27,27,29,29,32,32,36,36,40,41,43,44",9d4c5f0c12889fb034103b01efa54b21690d648acad08c427f81fc6d33241e03,b677f291bd6311850d8cb19c1c51cfff76b3a1e2deece82b67687ca72a30d9f8,REFERENCE_OR_CUSTOM_TABLE_NOT_MARKED_LENS_VERIFIED,542.0,240.0,240.0,True,Holmer_1992_Annular,120,None_MSE_Method_Assumed_Zenith,8.443744299809303,0.038826,86.80043114169638,2.347511262194953,0.0,89.14794240389134,0.0,0.031506508581378,DeepLabV3+_Xception65_ADE20K,C:\Users\pandya\OneDrive - UCL\Field experiment raw data\Complete Participantwise data\Final Data\ucm\P9\WalkG\ucm\CamUp\cam_20250806_114000.jpg,C:\Users\pandya\Documents\Github\docker\Paper3_Analysis\output\SVF Output\P9\WalkG\CamUp_SVF\cam_20250806_114000_svf.jpg,True,50.8127541,4.36997104,,,,,,,,,,,,,,,
P9,WalkG,cam_20250806_114001.jpg,2025-08-06 11:40:01,CamUp,neginja_MSE_SkyViewFactor_reference_table,"24,25,25,26,26,27,27,29,29,32,32,36,36,40,41,43,44",9d4c5f0c12889fb034103b01efa54b21690d648acad08c427f81fc6d33241e03,b677f291bd6311850d8cb19c1c51cfff76b3a1e2deece82b67687ca72a30d9f8,REFERENCE_OR_CUSTOM_TABLE_NOT_MARKED_LENS_VERIFIED,542.0,240.0,240.0,True,Holmer_1992_Annular,120,None_MSE_Method_Assumed_Zenith,5.56614984937678,0.033522,92.41577536412127,0.0,0.0,92.41577536412127,0.0,0.1868280684299256,DeepLabV3+_Xception65_ADE20K,C:\Users\pandya\OneDrive - UCL\Field experiment raw data\Complete Participantwise data\Final Data\ucm\P9\WalkG\ucm\CamUp\cam_20250806_114001.jpg,C:\Users\pandya\Documents\Github\docker\Paper3_Analysis\output\SVF Output\P9\WalkG\CamUp_SVF\cam_20250806_114001_svf.jpg,True,50.81274242,4.36996219,,,,,,,,,,,,,,,
P9,WalkG,cam_20250806_114002.jpg,2025-08-06 11:40:02,CamUp,neginja_MSE_SkyViewFactor_reference_table,"24,25,25,26,26,27,27,29,29,32,32,36,36,40,41,43,44",9d4c5f0c12889fb034103b01efa54b21690d648acad08c427f81fc6d33241e03,b677f291bd6311850d8cb19c1c51cfff76b3a1e2deece82b67687ca72a30d9f8,REFERENCE_OR_CUSTOM_TABLE_NOT_MARKED_LENS_VERIFIED,542.0,240.0,240.0,True,Holmer_1992_Annular,120,None_MSE_Method_Assumed_Zenith,6.222259071939861,0.039317,91.75800790426445,0.0,0.0,91.75800790426445,0.0,0.1741149158444573,DeepLabV3+_Xception65_ADE20K,C:\Users\pandya\OneDrive - UCL\Field experiment raw data\Complete Participantwise data\Final Data\ucm\P9\WalkG\ucm\CamUp\cam_20250806_114002.jpg,C:\Users\pandya\Documents\Github\docker\Paper3_Analysis\output\SVF Output\P9\WalkG\CamUp_SVF\cam_20250806_114002_svf.jpg,True,50.81273761,4.36996527,,,,,,,,,,,,,,,
P9,WalkG,cam_20250806_114003.jpg,2025-08-06 11:40:03,CamUp,neginja_MSE_SkyViewFactor_reference_table,"24,25,25,26,26,27,27,29,29,32,32,36,36,40,41,43,44",9d4c5f0c12889fb034103b01efa54b21690d648acad08c427f81fc6d33241e03,b677f291bd6311850d8cb19c1c51cfff76b3a1e2deece82b67687ca72a30d9f8,REFERENCE_OR_CUSTOM_TABLE_NOT_MARKED_LENS_VERIFIED,542.0,240.0,240.0,True,Holmer_1992_Annular,120,None_MSE_Method_Assumed_Zenith,5.240029848271288,0.04454,92.97349584058811,0.3200397976950501,0.0,93.29353563828316,0.0,0.0,DeepLabV3+_Xception65_ADE20K,C:\Users\pandya\OneDrive - UCL\Field experiment raw data\Complete Participantwise data\Final Data\ucm\P9\WalkG\ucm\CamUp\cam_20250806_114003.jpg,C:\Users\pandya\Documents\Github\docker\Paper3_Analysis\output\SVF Output\P9\WalkG\CamUp_SVF\cam_20250806_114003_svf.jpg,True,50.81273761,4.36996527,,,,,,,,,,,,,,,
P9,WalkG,cam_20250806_114004.jpg,2025-08-06 11:40:04,CamUp,neginja_MSE_SkyViewFactor_reference_table,"24,25,25,26,26,27,27,29,29,32,32,36,36,40,41,43,44",9d4c5f0c12889fb034103b01efa54b21690d648acad08c427f81fc6d33241e03,b677f291bd6311850d8cb19c1c51cfff76b3a1e2deece82b67687ca72a30d9f8,REFERENCE_OR_CUSTOM_TABLE_NOT_MARKED_LENS_VERIFIED,542.0,240.0,240.0,True,Holmer_1992_Annular,120,None_MSE_Method_Assumed_Zenith,6.1426636818395375,0.049117,93.25705441782053,0.0,0.0,93.25705441782053,0.0,0.0,DeepLabV3+_Xception65_ADE20K,C:\Users\pandya\OneDrive - UCL\Field experiment raw data\Complete Participantwise data\Final Data\ucm\P9\WalkG\ucm\CamUp\cam_20250806_114004.jpg,C:\Users\pandya\Documents\Github\docker\Paper3_Analysis\output\SVF Output\P9\WalkG\CamUp_SVF\cam_20250806_114004_svf.jpg,True,50.81269529,4.36996283,,,,,,,,,,,,,,,
P9,WalkG,cam_20250806_114005.jpg,2025-08-06 11:40:05,CamUp,neginja_MSE_SkyViewFactor_reference_table,"24,25,25,26,26,27,27,29,29,32,32,36,36,40,41,43,44",9d4c5f0c12889fb034103b01efa54b21690d648acad08c427f81fc6d33241e03,b677f291bd6311850d8cb19c1c51cfff76b3a1e2deece82b67687ca72a30d9f8,REFERENCE_OR_CUSTOM_TABLE_NOT_MARKED_LENS_VERIFIED,542.0,240.0,240.0,True,Holmer_1992_Annular,120,None_MSE_Method_Assumed_Zenith,3.765856894121549,0.047009,93.57654146975098,0.1520050852610341,0.0,93.72854655501202,0.0,0.0779371528065666,DeepLabV3+_Xception65_ADE20K,C:\Users\pandya\OneDrive - UCL\Field experiment raw data\Complete Participantwise data\Final Data\ucm\P9\WalkG\ucm\CamUp\cam_20250806_114005.jpg,C:\Users\pandya\Documents\Github\docker\Paper3_Analysis\output\SVF Output\P9\WalkG\CamUp_SVF\cam_20250806_114005_svf.jpg,True,50.81269529,4.36996283,,,,,,,,,,,,,,,
P9,WalkG,cam_20250806_114006.jpg,2025-08-06 11:40:06,CamUp,neginja_MSE_SkyViewFactor_reference_table,"24,25,25,26,26,27,27,29,29,32,32,36,36,40,41,43,44",9d4c5f0c12889fb034103b01efa54b21690d648acad08c427f81fc6d33241e03,b677f291bd6311850d8cb19c1c51cfff76b3a1e2deece82b67687ca72a30d9f8,REFERENCE_OR_CUSTOM_TABLE_NOT_MARKED_LENS_VERIFIED,542.0,240.0,240.0,True,Holmer_1992_Annular,120,None_MSE_Method_Assumed_Zenith,4.367244285990659,0.050951,89.16673575988725,4.870242931763535,0.0,94.03697869165076,0.0,0.0,DeepLabV3+_Xception65_ADE20K,C:\Users\pandya\OneDrive - UCL\Field experiment raw data\Complete Participantwise data\Final Data\ucm\P9\WalkG\ucm\CamUp\cam_20250806_114006.jpg,C:\Users\pandya\Documents\Github\docker\Paper3_Analysis\output\SVF Output\P9\WalkG\CamUp_SVF\cam_20250806_114006_svf.jpg,True,50.81267689,4.36996952,,,,,,,,,,,,,,,
P9,WalkG,cam_20250806_114007.jpg,2025-08-06 11:40:07,CamUp,neginja_MSE_SkyViewFactor_reference_table,"24,25,25,26,26,27,27,29,29,32,32,36,36,40,41,43,44",9d4c5f0c12889fb034103b01efa54b21690d648acad08c427f81fc6d33241e03,b677f291bd6311850d8cb19c1c51cfff76b3a1e2deece82b67687ca72a30d9f8,REFERENCE_OR_CUSTOM_TABLE_NOT_MARKED_LENS_VERIFIED,542.0,240.0,240.0,True,Holmer_1992_Annular,120,None_MSE_Method_Assumed_Zenith,6.9502252438990695,0.100407,88.12646823093718,1.9721968880413452,0.0,90.09866511897852,0.0,0.0370339662272337,DeepLabV3+_Xception65_ADE20K,C:\Users\pandya\OneDrive - UCL\Field experiment raw data\Complete Participantwise data\Final Data\ucm\P9\WalkG\ucm\CamUp\cam_20250806_114007.jpg,C:\Users\pandya\Documents\Github\docker\Paper3_Analysis\output\SVF Output\P9\WalkG\CamUp_SVF\cam_20250806_114007_svf.jpg,True,50.81266784,4.3699672,,,,,,,,,,,,,,,
P9,WalkG,cam_20250806_114008.jpg,2025-08-06 11:40:08,CamUp,neginja_MSE_SkyViewFactor_reference_table,"24,25,25,26,26,27,27,29,29,32,32,36,36,40,41,43,44",9d4c5f0c12889fb034103b01efa54b21690d648acad08c427f81fc6d33241e03,b677f291bd6311850d8cb19c1c51cfff76b3a1e2deece82b67687ca72a30d9f8,REFERENCE_OR_CUSTOM_TABLE_NOT_MARKED_LENS_VERIFIED,542.0,240.0,240.0,True,Holmer_1992_Annular,120,None_MSE_Method_Assumed_Zenith,5.230080424508747,0.08777,12.33120526213968,75.33040378078103,0.0,87.6616090429207,0.0,0.1304480004421966,DeepLabV3+_Xception65_ADE20K,C:\Users\pandya\OneDrive - UCL\Field experiment raw data\Complete Participantwise data\Final Data\ucm\P9\WalkG\ucm\CamUp\cam_20250806_114008.jpg,C:\Users\pandya\Documents\Github\docker\Paper3_Analysis\output\SVF Output\P9\WalkG\CamUp_SVF\cam_20250806_114008_svf.jpg,True,50.81266279,4.36996893,,,,,,,,,,,,,,,
P9,WalkG,cam_20250806_114009.jpg,2025-08-06 11:40:09,CamUp,neginja_MSE_SkyViewFactor_reference_table,"24,25,25,26,26,27,27,29,29,32,32,36,36,40,41,43,44",9d4c5f0c12889fb034103b01efa54b21690d648acad08c427f81fc6d33241e03,b677f291bd6311850d8cb19c1c51cfff76b3a1e2deece82b67687ca72a30d9f8,REFERENCE_OR_CUSTOM_TABLE_NOT_MARKED_LENS_VERIFIED,542.0,240.0,240.0,True,Holmer_1992_Annular,120,None_MSE_Method_Assumed_Zenith,7.318906668877649,0.124523,85.5888124257248,5.1538015089959375,0.0,90.74261393472074,0.0,0.0016582372937567,DeepLabV3+_Xception65_ADE20K,C:\Users\pandya\OneDrive - UCL\Field experiment raw data\Complete Participantwise data\Final Data\ucm\P9\WalkG\ucm\CamUp\cam_20250806_114009.jpg,C:\Users\pandya\Documents\Github\docker\Paper3_Analysis\output\SVF Output\P9\WalkG\CamUp_SVF\cam_20250806_114009_svf.jpg,True,50.81265639,4.36996326,,,,,,,,,,,,,,,
P9,WalkG,cam_20250806_114010.jpg,2025-08-06 11:40:10,CamUp,neginja_MSE_SkyViewFactor_reference_table,"24,25,25,26,26,27,27,29,29,32,32,36,36,40,41,43,44",9d4c5f0c12889fb034103b01efa54b21690d648acad08c427f81fc6d33241e03,b677f291bd6311850d8cb19c1c51cfff76b3a1e2deece82b67687ca72a30d9f8,REFERENCE_OR_CUSTOM_TABLE_NOT_MARKED_LENS_VERIFIED,542.0,240.0,240.0,True,Holmer_1992_Annular,120,None_MSE_Method_Assumed_Zenith,11.398723157283808,0.183026,70.99577149490092,14.426111709919024,0.0,85.42188320481995,0.0,0.0,DeepLabV3+_Xception65_ADE20K,C:\Users\pandya\OneDrive - UCL\Field experiment raw data\Complete Participantwise data\Final Data\ucm\P9\WalkG\ucm\CamUp\cam_20250806_114010.jpg,C:\Users\pandya\Documents\Github\docker\Paper3_Analysis\output\SVF Output\P9\WalkG\CamUp_SVF\cam_20250806_114010_svf.jpg,True,50.81263896,4.3699691,,,,,,,,,,,,,,,
P9,WalkG,cam_20250806_114011.jpg,2025-08-06 11:40:11,CamUp,neginja_MSE_SkyViewFactor_reference_table,"24,25,25,26,26,27,27,29,29,32,32,36,36,40,41,43,44",9d4c5f0c12889fb034103b01efa54b21690d648acad08c427f81fc6d33241e03,b677f291bd6311850d8cb19c1c51cfff76b3a1e2deece82b67687ca72a30d9f8,REFERENCE_OR_CUSTOM_TABLE_NOT_MARKED_LENS_VERIFIED,542.0,240.0,240.0,True,Holmer_1992_Annular,120,None_MSE_Method_Assumed_Zenith,11.161595224276594,0.202064,76.50167205593787,11.201392919326755,0.0,87.70306497526462,0.0,0.0,DeepLabV3+_Xception65_ADE20K,C:\Users\pandya\OneDrive - UCL\Field experiment raw data\Complete Participantwise data\Final Data\ucm\P9\WalkG\ucm\CamUp\cam_20250806_114011.jpg,C:\Users\pandya\Documents\Github\docker\Paper3_Analysis\output\SVF Output\P9\WalkG\CamUp_SVF\cam_20250806_114011_svf.jpg,True,50.812744,4.370027,,,,,,,,,,,,,,,
P9,WalkG,cam_20250806_114012.jpg,2025-08-06 11:40:12,CamUp,neginja_MSE_SkyViewFactor_reference_table,"24,25,25,26,26,27,27,29,29,32,32,36,36,40,41,43,44",9d4c5f0c12889fb034103b01efa54b21690d648acad08c427f81fc6d33241e03,b677f291bd6311850d8cb19c1c51cfff76b3a1e2deece82b67687ca72a30d9f8,REFERENCE_OR_CUSTOM_TABLE_NOT_MARKED_LENS_VERIFIED,542.0,240.0,240.0,True,Holmer_1992_Annular,120,None_MSE_Method_Assumed_Zenith,14.107177403753145,0.217864,65.47771052704309,19.80985545698256,0.0,85.28756598402565,0.0,0.0801481358649089,DeepLabV3+_Xception65_ADE20K,C:\Users\pandya\OneDrive - UCL\Field experiment raw data\Complete Participantwise data\Final Data\ucm\P9\WalkG\ucm\CamUp\cam_20250806_114012.jpg,C:\Users\pandya\Documents\Github\docker\Paper3_Analysis\output\SVF Output\P9\WalkG\CamUp_SVF\cam_20250806_114012_svf.jpg,True,50.812744,4.370027,,,,,,,,,,,,,,,
P9,WalkG,cam_20250806_114013.jpg,2025-08-06 11:40:13,CamUp,neginja_MSE_SkyViewFactor_reference_table,"24,25,25,26,26,27,27,29,29,32,32,36,36,40,41,43,44",9d4c5f0c12889fb034103b01efa54b21690d648acad08c427f81fc6d33241e03,b677f291bd6311850d8cb19c1c51cfff76b3a1e2deece82b67687ca72a30d9f8,REFERENCE_OR_CUSTOM_TABLE_NOT_MARKED_LENS_VERIFIED,542.0,240.0,240.0,True,Holmer_1992_Annular,120,None_MSE_Method_Assumed_Zenith,13.819196860404055,0.242405,66.19959649559185,17.531437415360802,0.0,83.73103391095265,0.0,0.0110549152917115,DeepLabV3+_Xception65_ADE20K,C:\Users\pandya\OneDrive - UCL\Field experiment raw data\Complete Participantwise data\Final Data\ucm\P9\WalkG\ucm\CamUp\cam_20250806_114013.jpg,C:\Users\pandya\Documents\Github\docker\Paper3_Analysis\output\SVF Output\P9\WalkG\CamUp_SVF\cam_20250806_114013_svf.jpg,True,50.8126098,4.36996173,,,,,,,,,,,,,,,
P9,WalkG,cam_20250806_114014.jpg,2025-08-06 11:40:14,CamUp,neginja_MSE_SkyViewFactor_reference_table,"24,25,25,26,26,27,27,29,29,32,32,36,36,40,41,43,44",9d4c5f0c12889fb034103b01efa54b21690d648acad08c427f81fc6d33241e03,b677f291bd6311850d8cb19c1c51cfff76b3a1e2deece82b67687ca72a30d9f8,REFERENCE_OR_CUSTOM_TABLE_NOT_MARKED_LENS_VERIFIED,542.0,240.0,240.0,True,Holmer_1992_Annular,120,None_MSE_Method_Assumed_Zenith,17.485006771135616,0.253606,76.96984771854186,4.7011027278003485,0.0,81.6709504463422,0.0,0.0,DeepLabV3+_Xception65_ADE20K,C:\Users\pandya\OneDrive - UCL\Field experiment raw data\Complete Participantwise data\Final Data\ucm\P9\WalkG\ucm\CamUp\cam_20250806_114014.jpg,C:\Users\pandya\Documents\Github\docker\Paper3_Analysis\output\SVF Output\P9\WalkG\CamUp_SVF\cam_20250806_114014_svf.jpg,True,50.81260278,4.36996957,,,,,,,,,,,,,,,
P9,WalkG,cam_20250806_114015.jpg,2025-08-06 11:40:15,CamUp,neginja_MSE_SkyViewFactor_reference_table,"24,25,25,26,26,27,27,29,29,32,32,36,36,40,41,43,44",9d4c5f0c12889fb034103b01efa54b21690d648acad08c427f81fc6d33241e03,b677f291bd6311850d8cb19c1c51cfff76b3a1e2deece82b67687ca72a30d9f8,REFERENCE_OR_CUSTOM_TABLE_NOT_MARKED_LENS_VERIFIED,542.0,240.0,240.0,True,Holmer_1992_Annular,120,None_MSE_Method_Assumed_Zenith,15.30774120443302,0.261563,77.57123511041097,5.623082663129094,0.0,83.19431777354006,0.0,0.0491943730481165,DeepLabV3+_Xception65_ADE20K,C:\Users\pandya\OneDrive - UCL\Field experiment raw data\Complete Participantwise data\Final Data\ucm\P9\WalkG\ucm\CamUp\cam_20250806_114015.jpg,C:\Users\pandya\Documents\Github\docker\Paper3_Analysis\output\SVF Output\P9\WalkG\CamUp_SVF\cam_20250806_114015_svf.jpg,True,50.81258843,4.36996355,,,,,,,,,,,,,,,
P9,WalkG,cam_20250806_114016.jpg,2025-08-06 11:40:16,CamUp,neginja_MSE_SkyViewFactor_reference_table,"24,25,25,26,26,27,27,29,29,32,32,36,36,40,41,43,44",9d4c5f0c12889fb034103b01efa54b21690d648acad08c427f81fc6d33241e03,b677f291bd6311850d8cb19c1c51cfff76b3a1e2deece82b67687ca72a30d9f8,REFERENCE_OR_CUSTOM_TABLE_NOT_MARKED_LENS_VERIFIED,542.0,240.0,240.0,True,Holmer_1992_Annular,120,None_MSE_Method_Assumed_Zenith,16.126357681784263,0.276132,79.58488793079623,4.116850454633391,0.0,83.70173838542962,0.0,0.0,DeepLabV3+_Xception65_ADE20K,C:\Users\pandya\OneDrive - UCL\Field experiment raw data\Complete Participantwise data\Final Data\ucm\P9\WalkG\ucm\CamUp\cam_20250806_114016.jpg,C:\Users\pandya\Documents\Github\docker\Paper3_Analysis\output\SVF Output\P9\WalkG\CamUp_SVF\cam_20250806_114016_svf.jpg,True,50.81257185,4.369973,,,,,,,,,,,,,,,
P9,WalkG,cam_20250806_114017.jpg,2025-08-06 11:40:17,CamUp,neginja_MSE_SkyViewFactor_reference_table,"24,25,25,26,26,27,27,29,29,32,32,36,36,40,41,43,44",9d4c5f0c12889fb034103b01efa54b21690d648acad08c427f81fc6d33241e03,b677f291bd6311850d8cb19c1c51cfff76b3a1e2deece82b67687ca72a30d9f8,REFERENCE_OR_CUSTOM_TABLE_NOT_MARKED_LENS_VERIFIED,542.0,240.0,240.0,True,Holmer_1992_Annular,120,None_MSE_Method_Assumed_Zenith,17.179891109084377,0.268168,71.84810546389188,7.260868363596164,0.0,79.10897382748804,0.0,0.1470303733797639,DeepLabV3+_Xception65_ADE20K,C:\Users\pandya\OneDrive - UCL\Field experiment raw data\Complete Participantwise data\Final Data\ucm\P9\WalkG\ucm\CamUp\cam_20250806_114017.jpg,C:\Users\pandya\Documents\Github\docker\Paper3_Analysis\output\SVF Output\P9\WalkG\CamUp_SVF\cam_20250806_114017_svf.jpg,True,50.81257185,4.369973,,,,,,,,,,,,,,,
P9,WalkG,cam_20250806_114018.jpg,2025-08-06 11:40:18,CamUp,neginja_MSE_SkyViewFactor_reference_table,"24,25,25,26,26,27,27,29,29,32,32,36,36,40,41,43,44",9d4c5f0c12889fb034103b01efa54b21690d648acad08c427f81fc6d33241e03,b677f291bd6311850d8cb19c1c51cfff76b3a1e2deece82b67687ca72a30d9f8,REFERENCE_OR_CUSTOM_TABLE_NOT_MARKED_LENS_VERIFIED,542.0,240.0,240.0,True,Holmer_1992_Annular,120,None_MSE_Method_Assumed_Zenith,20.03040101705221,0.272442,75.68250283282204,0.2117016278362767,0.0,75.89420446065832,0.0,0.0,DeepLabV3+_Xception65_ADE20K,C:\Users\pandya\OneDrive - UCL\Field experiment raw data\Complete Participantwise data\Final Data\ucm\P9\WalkG\ucm\CamUp\cam_20250806_114018.jpg,C:\Users\pandya\Documents\Github\docker\Paper3_Analysis\output\SVF Output\P9\WalkG\CamUp_SVF\cam_20250806_114018_svf.jpg,True,50.8125497,4.36999245,,,,,,,,,,,,,,,
P9,WalkG,cam_20250806_114019.jpg,2025-08-06 11:40:19,CamUp,neginja_MSE_SkyViewFactor_reference_table,"24,25,25,26,26,27,27,29,29,32,32,36,36,40,41,43,44",9d4c5f0c12889fb034103b01efa54b21690d648acad08c427f81fc6d33241e03,b677f291bd6311850d8cb19c1c51cfff76b3a1e2deece82b67687ca72a30d9f8,REFERENCE_OR_CUSTOM_TABLE_NOT_MARKED_LENS_VERIFIED,542.0,240.0,240.0,True,Holmer_1992_Annular,120,None_MSE_Method_Assumed_Zenith,16.509963242406656,0.248716,81.9705386507476,0.0281900339938645,0.0,81.99872868474147,0.0,0.5516402730564077,DeepLabV3+_Xception65_ADE20K,C:\Users\pandya\OneDrive - UCL\Field experiment raw data\Complete Participantwise data\Final Data\ucm\P9\WalkG\ucm\CamUp\cam_20250806_114019.jpg,C:\Users\pandya\Documents\Github\docker\Paper3_Analysis\output\SVF Output\P9\WalkG\CamUp_SVF\cam_20250806_114019_svf.jpg,True,50.81253743,4.36999095,,,,,,,,,,,,,,,
P9,WalkG,cam_20250806_114020.jpg,2025-08-06 11:40:20,CamUp,neginja_MSE_SkyViewFactor_reference_table,"24,25,25,26,26,27,27,29,29,32,32,36,36,40,41,43,44",9d4c5f0c12889fb034103b01efa54b21690d648acad08c427f81fc6d33241e03,b677f291bd6311850d8cb19c1c51cfff76b3a1e2deece82b67687ca72a30d9f8,REFERENCE_OR_CUSTOM_TABLE_NOT_MARKED_LENS_VERIFIED,542.0,240.0,240.0,True,Holmer_1992_Annular,120,None_MSE_Method_Assumed_Zenith,11.99237210844872,0.192682,85.98623663046182,0.2421026448884835,0.0,86.22833927535031,0.0,0.2465246110051681,DeepLabV3+_Xception65_ADE20K,C:\Users\pandya\OneDrive - UCL\Field experiment raw data\Complete Participantwise data\Final Data\ucm\P9\WalkG\ucm\CamUp\cam_20250806_114020.jpg,C:\Users\pandya\Documents\Github\docker\Paper3_Analysis\output\SVF Output\P9\WalkG\CamUp_SVF\cam_20250806_114020_svf.jpg,True,50.81251912,4.36998289,,,,,,,,,,,,,,,
P9,WalkG,cam_20250806_114021.jpg,2025-08-06 11:40:21,CamUp,neginja_MSE_SkyViewFactor_reference_table,"24,25,25,26,26,27,27,29,29,32,32,36,36,40,41,43,44",9d4c5f0c12889fb034103b01efa54b21690d648acad08c427f81fc6d33241e03,b677f291bd6311850d8cb19c1c51cfff76b3a1e2deece82b67687ca72a30d9f8,REFERENCE_OR_CUSTOM_TABLE_NOT_MARKED_LENS_VERIFIED,542.0,240.0,240.0,True,Holmer_1992_Annular,120,None_MSE_Method_Assumed_Zenith,9.108697454605757,0.141522,88.53826382555343,0.3852637979161485,0.0,88.92352762346958,0.0,1.1077025122295,DeepLabV3+_Xception65_ADE20K,C:\Users\pandya\OneDrive - UCL\Field experiment raw data\Complete Participantwise data\Final Data\ucm\P9\WalkG\ucm\CamUp\cam_20250806_114021.jpg,C:\Users\pandya\Documents\Github\docker\Paper3_Analysis\output\SVF Output\P9\WalkG\CamUp_SVF\cam_20250806_114021_svf.jpg,True,50.81251086,4.36998221,,,,,,,,,,,,,,,
P9,WalkG,cam_20250806_114022.jpg,2025-08-06 11:40:22,CamUp,neginja_MSE_SkyViewFactor_reference_table,"24,25,25,26,26,27,27,29,29,32,32,36,36,40,41,43,44",9d4c5f0c12889fb034103b01efa54b21690d648acad08c427f81fc6d33241e03,b677f291bd6311850d8cb19c1c51cfff76b3a1e2deece82b67687ca72a30d9f8,REFERENCE_OR_CUSTOM_TABLE_NOT_MARKED_LENS_VERIFIED,542.0,240.0,240.0,True,Holmer_1992_Annular,120,None_MSE_Method_Assumed_Zenith,6.210651410883564,0.100154,92.3533150927231,0.6367631208025869,0.0,92.99007821352568,0.0,0.1387391869109803,DeepLabV3+_Xception65_ADE20K,C:\Users\pandya\OneDrive - UCL\Field experiment raw data\Complete Participantwise data\Final Data\ucm\P9\WalkG\ucm\CamUp\cam_20250806_114022.jpg,C:\Users\pandya\Documents\Github\docker\Paper3_Analysis\output\SVF Output\P9\WalkG\CamUp_SVF\cam_20250806_114022_svf.jpg,True,50.81249879,4.36998754,,,,,,,,,,,,,,,
P9,WalkG,cam_20250806_114023.jpg,2025-08-06 11:40:23,CamUp,neginja_MSE_SkyViewFactor_reference_table,"24,25,25,26,26,27,27,29,29,32,32,36,36,40,41,43,44",9d4c5f0c12889fb034103b01efa54b21690d648acad08c427f81fc6d33241e03,b677f291bd6311850d8cb19c1c51cfff76b3a1e2deece82b67687ca72a30d9f8,REFERENCE_OR_CUSTOM_TABLE_NOT_MARKED_LENS_VERIFIED,542.0,240.0,240.0,True,Holmer_1992_Annular,120,None_MSE_Method_Assumed_Zenith,5.021142525495399,0.078823,93.52845258823204,0.2327059668905287,0.0,93.76115855512258,0.0,0.0950722715087195,DeepLabV3+_Xception65_ADE20K,C:\Users\pandya\OneDrive - UCL\Field experiment raw data\Complete Participantwise data\Final Data\ucm\P9\WalkG\ucm\CamUp\cam_20250806_114023.jpg,C:\Users\pandya\Documents\Github\docker\Paper3_Analysis\output\SVF Output\P9\WalkG\CamUp_SVF\cam_20250806_114023_svf.jpg,True,50.81248605,4.3699878,,,,,,,,,,,,,,,
P9,WalkG,cam_20250806_114024.jpg,2025-08-06 11:40:24,CamUp,neginja_MSE_SkyViewFactor_reference_table,"24,25,25,26,26,27,27,29,29,32,32,36,36,40,41,43,44",9d4c5f0c12889fb034103b01efa54b21690d648acad08c427f81fc6d33241e03,b677f291bd6311850d8cb19c1c51cfff76b3a1e2deece82b67687ca72a30d9f8,REFERENCE_OR_CUSTOM_TABLE_NOT_MARKED_LENS_VERIFIED,542.0,240.0,240.0,True,Holmer_1992_Annular,120,None_MSE_Method_Assumed_Zenith,4.158306386977309,0.067761,92.60149794102205,0.0,0.0,92.60149794102205,0.0,0.3460188486305723,DeepLabV3+_Xception65_ADE20K,C:\Users\pandya\OneDrive - UCL\Field experiment raw data\Complete Participantwise data\Final Data\ucm\P9\WalkG\ucm\CamUp\cam_20250806_114024.jpg,C:\Users\pandya\Documents\Github\docker\Paper3_Analysis\output\SVF Output\P9\WalkG\CamUp_SVF\cam_20250806_114024_svf.jpg,True,50.81247467,4.36998861,,,,,,,,,,,,,,,
P9,WalkG,cam_20250806_114025.jpg,2025-08-06 11:40:25,CamUp,neginja_MSE_SkyViewFactor_reference_table,"24,25,25,26,26,27,27,29,29,32,32,36,36,40,41,43,44",9d4c5f0c12889fb034103b01efa54b21690d648acad08c427f81fc6d33241e03,b677f291bd6311850d8cb19c1c51cfff76b3a1e2deece82b67687ca72a30d9f8,REFERENCE_OR_CUSTOM_TABLE_NOT_MARKED_LENS_VERIFIED,542.0,240.0,240.0,True,Holmer_1992_Annular,120,None_MSE_Method_Assumed_Zenith,4.716026863444159,0.073156,89.60837962579112,2.021391261089462,0.0,91.62977088688058,0.0,0.3134068485200232,DeepLabV3+_Xception65_ADE20K,C:\Users\pandya\OneDrive - UCL\Field experiment raw data\Complete Participantwise data\Final Data\ucm\P9\WalkG\ucm\CamUp\cam_20250806_114025.jpg,C:\Users\pandya\Documents\Github\docker\Paper3_Analysis\output\SVF Output\P9\WalkG\CamUp_SVF\cam_20250806_114025_svf.jpg,True,50.81246146,4.36998943,,,,,,,,,,,,,,,
P9,WalkG,cam_20250806_114026.jpg,2025-08-06 11:40:26,CamUp,neginja_MSE_SkyViewFactor_reference_table,"24,25,25,26,26,27,27,29,29,32,32,36,36,40,41,43,44",9d4c5f0c12889fb034103b01efa54b21690d648acad08c427f81fc6d33241e03,b677f291bd6311850d8cb19c1c51cfff76b3a1e2deece82b67687ca72a30d9f8,REFERENCE_OR_CUSTOM_TABLE_NOT_MARKED_LENS_VERIFIED,542.0,240.0,240.0,True,Holmer_1992_Annular,120,None_MSE_Method_Assumed_Zenith,5.460575408340933,0.071447,92.18362214299532,0.4460658320205621,0.0,92.62968797501588,0.0,0.1122073902108725,DeepLabV3+_Xception65_ADE20K,C:\Users\pandya\OneDrive - UCL\Field experiment raw data\Complete Participantwise data\Final Data\ucm\P9\WalkG\ucm\CamUp\cam_20250806_114026.jpg,C:\Users\pandya\Documents\Github\docker\Paper3_Analysis\output\SVF Output\P9\WalkG\CamUp_SVF\cam_20250806_114026_svf.jpg,True,50.81245245,4.36998828,,,,,,,,,,,,,,,
P9,WalkG,cam_20250806_114027.jpg,2025-08-06 11:40:27,CamUp,neginja_MSE_SkyViewFactor_reference_table,"24,25,25,26,26,27,27,29,29,32,32,36,36,40,41,43,44",9d4c5f0c12889fb034103b01efa54b21690d648acad08c427f81fc6d33241e03,b677f291bd6311850d8cb19c1c51cfff76b3a1e2deece82b67687ca72a30d9f8,REFERENCE_OR_CUSTOM_TABLE_NOT_MARKED_LENS_VERIFIED,542.0,240.0,240.0,True,Holmer_1992_Annular,120,None_MSE_Method_Assumed_Zenith,4.203078793908742,0.058358,93.95627781002128,0.0,0.0,93.95627781002128,0.0,0.0956250172733051,DeepLabV3+_Xception65_ADE20K,C:\Users\pandya\OneDrive - UCL\Field experiment raw data\Complete Participantwise data\Final Data\ucm\P9\WalkG\ucm\CamUp\cam_20250806_114027.jpg,C:\Users\pandya\Documents\Github\docker\Paper3_Analysis\output\SVF Output\P9\WalkG\CamUp_SVF\cam_20250806_114027_svf.jpg,True,50.81245245,4.36998828,,,,,,,,,,,,,,,
P9,WalkG,cam_20250806_114028.jpg,2025-08-06 11:40:28,CamUp,neginja_MSE_SkyViewFactor_reference_table,"24,25,25,26,26,27,27,29,29,32,32,36,36,40,41,43,44",9d4c5f0c12889fb034103b01efa54b21690d648acad08c427f81fc6d33241e03,b677f291bd6311850d8cb19c1c51cfff76b3a1e2deece82b67687ca72a30d9f8,REFERENCE_OR_CUSTOM_TABLE_NOT_MARKED_LENS_VERIFIED,542.0,240.0,240.0,True,Holmer_1992_Annular,120,None_MSE_Method_Assumed_Zenith,4.552414117126827,0.049886,91.48052953044248,0.4913909847165796,0.0,91.97192051515906,0.0,0.1520050852610341,DeepLabV3+_Xception65_ADE20K,C:\Users\pandya\OneDrive - UCL\Field experiment raw data\Complete Participantwise data\Final Data\ucm\P9\WalkG\ucm\CamUp\cam_20250806_114028.jpg,C:\Users\pandya\Documents\Github\docker\Paper3_Analysis\output\SVF Output\P9\WalkG\CamUp_SVF\cam_20250806_114028_svf.jpg,True,50.81243845,4.3699891,,,,,,,,,,,,,,,
P9,WalkG,cam_20250806_114029.jpg,2025-08-06 11:40:29,CamUp,neginja_MSE_SkyViewFactor_reference_table,"24,25,25,26,26,27,27,29,29,32,32,36,36,40,41,43,44",9d4c5f0c12889fb034103b01efa54b21690d648acad08c427f81fc6d33241e03,b677f291bd6311850d8cb19c1c51cfff76b3a1e2deece82b67687ca72a30d9f8,REFERENCE_OR_CUSTOM_TABLE_NOT_MARKED_LENS_VERIFIED,542.0,240.0,240.0,True,Holmer_1992_Annular,120,None_MSE_Method_Assumed_Zenith,4.211922726142111,0.040103,90.63538125639111,0.2078324074841776,0.0,90.8432136638753,0.0,0.2896387806428433,DeepLabV3+_Xception65_ADE20K,C:\Users\pandya\OneDrive - UCL\Field experiment raw data\Complete Participantwise data\Final Data\ucm\P9\WalkG\ucm\CamUp\cam_20250806_114029.jpg,C:\Users\pandya\Documents\Github\docker\Paper3_Analysis\output\SVF Output\P9\WalkG\CamUp_SVF\cam_20250806_114029_svf.jpg,True,50.81241226,4.3699793,,,,,,,,,,,,,,,
P9,WalkG,cam_20250806_114030.jpg,2025-08-06 11:40:30,CamUp,neginja_MSE_SkyViewFactor_reference_table,"24,25,25,26,26,27,27,29,29,32,32,36,36,40,41,43,44",9d4c5f0c12889fb034103b01efa54b21690d648acad08c427f81fc6d33241e03,b677f291bd6311850d8cb19c1c51cfff76b3a1e2deece82b67687ca72a30d9f8,REFERENCE_OR_CUSTOM_TABLE_NOT_MARKED_LENS_VERIFIED,542.0,240.0,240.0,True,Holmer_1992_Annular,120,None_MSE_Method_Assumed_Zenith,3.849321504573972,0.035236,94.36033496393334,0.0,0.0,94.36033496393334,0.0,0.3847110521515628,DeepLabV3+_Xception65_ADE20K,C:\Users\pandya\OneDrive - UCL\Field experiment raw data\Complete Participantwise data\Final Data\ucm\P9\WalkG\ucm\CamUp\cam_20250806_114030.jpg,C:\Users\pandya\Documents\Github\docker\Paper3_Analysis\output\SVF Output\P9\WalkG\CamUp_SVF\cam_20250806_114030_svf.jpg,True,50.81239981,4.3699793,,,,,,,,,,,,,,,
P9,WalkG,cam_20250806_114031.jpg,2025-08-06 11:40:31,CamUp,neginja_MSE_SkyViewFactor_reference_table,"24,25,25,26,26,27,27,29,29,32,32,36,36,40,41,43,44",9d4c5f0c12889fb034103b01efa54b21690d648acad08c427f81fc6d33241e03,b677f291bd6311850d8cb19c1c51cfff76b3a1e2deece82b67687ca72a30d9f8,REFERENCE_OR_CUSTOM_TABLE_NOT_MARKED_LENS_VERIFIED,542.0,240.0,240.0,True,Holmer_1992_Annular,120,None_MSE_Method_Assumed_Zenith,2.694635602354697,0.020344,93.38639692673355,0.0,0.0,93.38639692673355,0.0,0.3183815604012934,DeepLabV3+_Xception65_ADE20K,C:\Users\pandya\OneDrive - UCL\Field experiment raw data\Complete Participantwise data\Final Data\ucm\P9\WalkG\ucm\CamUp\cam_20250806_114031.jpg,C:\Users\pandya\Documents\Github\docker\Paper3_Analysis\output\SVF Output\P9\WalkG\CamUp_SVF\cam_20250806_114031_svf.jpg,True,50.8123879,4.36998318,,,,,,,,,,,,,,,
P9,WalkG,cam_20250806_114032.jpg,2025-08-06 11:40:32,CamUp,neginja_MSE_SkyViewFactor_reference_table,"24,25,25,26,26,27,27,29,29,32,32,36,36,40,41,43,44",9d4c5f0c12889fb034103b01efa54b21690d648acad08c427f81fc6d33241e03,b677f291bd6311850d8cb19c1c51cfff76b3a1e2deece82b67687ca72a30d9f8,REFERENCE_OR_CUSTOM_TABLE_NOT_MARKED_LENS_VERIFIED,542.0,240.0,240.0,True,Holmer_1992_Annular,120,None_MSE_Method_Assumed_Zenith,0.8954481386286378,0.010923,95.87430561313325,0.0326120001105491,0.0,95.90691761324378,0.0,1.4249785811016225,DeepLabV3+_Xception65_ADE20K,C:\Users\pandya\OneDrive - UCL\Field experiment raw data\Complete Participantwise data\Final Data\ucm\P9\WalkG\ucm\CamUp\cam_20250806_114032.jpg,C:\Users\pandya\Documents\Github\docker\Paper3_Analysis\output\SVF Output\P9\WalkG\CamUp_SVF\cam_20250806_114032_svf.jpg,True,50.81237755,4.36998716,,,,,,,,,,,,,,,
P9,WalkG,cam_20250806_114033.jpg,2025-08-06 11:40:33,CamUp,neginja_MSE_SkyViewFactor_reference_table,"24,25,25,26,26,27,27,29,29,32,32,36,36,40,41,43,44",9d4c5f0c12889fb034103b01efa54b21690d648acad08c427f81fc6d33241e03,b677f291bd6311850d8cb19c1c51cfff76b3a1e2deece82b67687ca72a30d9f8,REFERENCE_OR_CUSTOM_TABLE_NOT_MARKED_LENS_VERIFIED,542.0,240.0,240.0,True,Holmer_1992_Annular,120,None_MSE_Method_Assumed_Zenith,0.4830997982477959,0.007287,96.56468507310063,0.0,0.0,96.56468507310063,0.0,2.064505430727137,DeepLabV3+_Xception65_ADE20K,C:\Users\pandya\OneDrive - UCL\Field experiment raw data\Complete Participantwise data\Final Data\ucm\P9\WalkG\ucm\CamUp\cam_20250806_114033.jpg,C:\Users\pandya\Documents\Github\docker\Paper3_Analysis\output\SVF Output\P9\WalkG\CamUp_SVF\cam_20250806_114033_svf.jpg,True,50.81236721,4.36999282,,,,,,,,,,,,,,,
P9,WalkG,cam_20250806_114034.jpg,2025-08-06 11:40:34,CamUp,neginja_MSE_SkyViewFactor_reference_table,"24,25,25,26,26,27,27,29,29,32,32,36,36,40,41,43,44",9d4c5f0c12889fb034103b01efa54b21690d648acad08c427f81fc6d33241e03,b677f291bd6311850d8cb19c1c51cfff76b3a1e2deece82b67687ca72a30d9f8,REFERENCE_OR_CUSTOM_TABLE_NOT_MARKED_LENS_VERIFIED,542.0,240.0,240.0,True,Holmer_1992_Annular,120,None_MSE_Method_Assumed_Zenith,1.0469004781250864,0.013182,95.58521957825498,0.0,0.0,95.58521957825498,0.0,0.6417378326838571,DeepLabV3+_Xception65_ADE20K,C:\Users\pandya\OneDrive - UCL\Field experiment raw data\Complete Participantwise data\Final Data\ucm\P9\WalkG\ucm\CamUp\cam_20250806_114034.jpg,C:\Users\pandya\Documents\Github\docker\Paper3_Analysis\output\SVF Output\P9\WalkG\CamUp_SVF\cam_20250806_114034_svf.jpg,True,50.81235611,4.36999191,,,,,,,,,,,,,,,
P9,WalkG,cam_20250806_114035.jpg,2025-08-06 11:40:35,CamUp,neginja_MSE_SkyViewFactor_reference_table,"24,25,25,26,26,27,27,29,29,32,32,36,36,40,41,43,44",9d4c5f0c12889fb034103b01efa54b21690d648acad08c427f81fc6d33241e03,b677f291bd6311850d8cb19c1c51cfff76b3a1e2deece82b67687ca72a30d9f8,REFERENCE_OR_CUSTOM_TABLE_NOT_MARKED_LENS_VERIFIED,542.0,240.0,240.0,True,Holmer_1992_Annular,120,None_MSE_Method_Assumed_Zenith,2.282287261973855,0.021311,91.56620512395324,0.5687753917585606,0.0,92.1349805157118,0.0,0.5693281375231461,DeepLabV3+_Xception65_ADE20K,C:\Users\pandya\OneDrive - UCL\Field experiment raw data\Complete Participantwise data\Final Data\ucm\P9\WalkG\ucm\CamUp\cam_20250806_114035.jpg,C:\Users\pandya\Documents\Github\docker\Paper3_Analysis\output\SVF Output\P9\WalkG\CamUp_SVF\cam_20250806_114035_svf.jpg,True,50.81234422,4.36999397,,,,,,,,,,,,,,,
P9,WalkG,cam_20250806_114036.jpg,2025-08-06 11:40:36,CamUp,neginja_MSE_SkyViewFactor_reference_table,"24,25,25,26,26,27,27,29,29,32,32,36,36,40,41,43,44",9d4c5f0c12889fb034103b01efa54b21690d648acad08c427f81fc6d33241e03,b677f291bd6311850d8cb19c1c51cfff76b3a1e2deece82b67687ca72a30d9f8,REFERENCE_OR_CUSTOM_TABLE_NOT_MARKED_LENS_VERIFIED,542.0,240.0,240.0,True,Holmer_1992_Annular,120,None_MSE_Method_Assumed_Zenith,2.367410109720034,0.018408,89.71395406682696,0.2863223060553298,0.0,90.00027637288228,0.0,0.757261697482243,DeepLabV3+_Xception65_ADE20K,C:\Users\pandya\OneDrive - UCL\Field experiment raw data\Complete Participantwise data\Final Data\ucm\P9\WalkG\ucm\CamUp\cam_20250806_114036.jpg,C:\Users\pandya\Documents\Github\docker\Paper3_Analysis\output\SVF Output\P9\WalkG\CamUp_SVF\cam_20250806_114036_svf.jpg,True,50.81234422,4.36999397,,,,,,,,,,,,,,,
P9,WalkG,cam_20250806_114037.jpg,2025-08-06 11:40:37,CamUp,neginja_MSE_SkyViewFactor_reference_table,"24,25,25,26,26,27,27,29,29,32,32,36,36,40,41,43,44",9d4c5f0c12889fb034103b01efa54b21690d648acad08c427f81fc6d33241e03,b677f291bd6311850d8cb19c1c51cfff76b3a1e2deece82b67687ca72a30d9f8,REFERENCE_OR_CUSTOM_TABLE_NOT_MARKED_LENS_VERIFIED,542.0,240.0,240.0,True,Holmer_1992_Annular,120,None_MSE_Method_Assumed_Zenith,2.035762650968687,0.022114,91.61705773429512,0.9584611557913936,0.0,92.57551889008651,0.0,1.0286598678937622,DeepLabV3+_Xception65_ADE20K,C:\Users\pandya\OneDrive - UCL\Field experiment raw data\Complete Participantwise data\Final Data\ucm\P9\WalkG\ucm\CamUp\cam_20250806_114037.jpg,C:\Users\pandya\Documents\Github\docker\Paper3_Analysis\output\SVF Output\P9\WalkG\CamUp_SVF\cam_20250806_114037_svf.jpg,True,50.81232425,4.36999614,,,,,,,,,,,,,,,
P9,WalkG,cam_20250806_114038.jpg,2025-08-06 11:40:38,CamUp,neginja_MSE_SkyViewFactor_reference_table,"24,25,25,26,26,27,27,29,29,32,32,36,36,40,41,43,44",9d4c5f0c12889fb034103b01efa54b21690d648acad08c427f81fc6d33241e03,b677f291bd6311850d8cb19c1c51cfff76b3a1e2deece82b67687ca72a30d9f8,REFERENCE_OR_CUSTOM_TABLE_NOT_MARKED_LENS_VERIFIED,542.0,240.0,240.0,True,Holmer_1992_Annular,120,None_MSE_Method_Assumed_Zenith,3.9101235386783846,0.026152,89.45858552358843,3.433656689605616,0.0,92.89224221319404,0.0,0.056380067987729,DeepLabV3+_Xception65_ADE20K,C:\Users\pandya\OneDrive - UCL\Field experiment raw data\Complete Participantwise data\Final Data\ucm\P9\WalkG\ucm\CamUp\cam_20250806_114038.jpg,C:\Users\pandya\Documents\Github\docker\Paper3_Analysis\output\SVF Output\P9\WalkG\CamUp_SVF\cam_20250806_114038_svf.jpg,True,50.81231449,4.36999721,,,,,,,,,,,,,,,
P9,WalkG,cam_20250806_114039.jpg,2025-08-06 11:40:39,CamUp,neginja_MSE_SkyViewFactor_reference_table,"24,25,25,26,26,27,27,29,29,32,32,36,36,40,41,43,44",9d4c5f0c12889fb034103b01efa54b21690d648acad08c427f81fc6d33241e03,b677f291bd6311850d8cb19c1c51cfff76b3a1e2deece82b67687ca72a30d9f8,REFERENCE_OR_CUSTOM_TABLE_NOT_MARKED_LENS_VERIFIED,542.0,240.0,240.0,True,Holmer_1992_Annular,120,None_MSE_Method_Assumed_Zenith,3.6027968935688026,0.023712,67.82909100959014,8.494596910151175,0.0,76.32368791974132,0.0,0.0,DeepLabV3+_Xception65_ADE20K,C:\Users\pandya\OneDrive - UCL\Field experiment raw data\Complete Participantwise data\Final Data\ucm\P9\WalkG\ucm\CamUp\cam_20250806_114039.jpg,C:\Users\pandya\Documents\Github\docker\Paper3_Analysis\output\SVF Output\P9\WalkG\CamUp_SVF\cam_20250806_114039_svf.jpg,True,50.81230287,4.36999694,,,,,,,,,,,,,,,
P9,WalkG,cam_20250806_114040.jpg,2025-08-06 11:40:40,CamUp,neginja_MSE_SkyViewFactor_reference_table,"24,25,25,26,26,27,27,29,29,32,32,36,36,40,41,43,44",9d4c5f0c12889fb034103b01efa54b21690d648acad08c427f81fc6d33241e03,b677f291bd6311850d8cb19c1c51cfff76b3a1e2deece82b67687ca72a30d9f8,REFERENCE_OR_CUSTOM_TABLE_NOT_MARKED_LENS_VERIFIED,542.0,240.0,240.0,True,Holmer_1992_Annular,120,None_MSE_Method_Assumed_Zenith,5.82483486720283,0.035458,57.14451538015089,16.19545090235746,0.0,73.33996628250836,0.0,0.0,DeepLabV3+_Xception65_ADE20K,C:\Users\pandya\OneDrive - UCL\Field experiment raw data\Complete Participantwise data\Final Data\ucm\P9\WalkG\ucm\CamUp\cam_20250806_114040.jpg,C:\Users\pandya\Documents\Github\docker\Paper3_Analysis\output\SVF Output\P9\WalkG\CamUp_SVF\cam_20250806_114040_svf.jpg,True,50.81229123,4.3699958,,,,,,,,,,,,,,,
P9,WalkG,cam_20250806_114041.jpg,2025-08-06 11:40:41,CamUp,neginja_MSE_SkyViewFactor_reference_table,"24,25,25,26,26,27,27,29,29,32,32,36,36,40,41,43,44",9d4c5f0c12889fb034103b01efa54b21690d648acad08c427f81fc6d33241e03,b677f291bd6311850d8cb19c1c51cfff76b3a1e2deece82b67687ca72a30d9f8,REFERENCE_OR_CUSTOM_TABLE_NOT_MARKED_LENS_VERIFIED,542.0,240.0,240.0,True,Holmer_1992_Annular,120,None_MSE_Method_Assumed_Zenith,4.073183539231131,0.038101,83.86148191139485,6.442804632009508,0.0,90.30428654340436,0.0,0.1470303733797639,DeepLabV3+_Xception65_ADE20K,C:\Users\pandya\OneDrive - UCL\Field experiment raw data\Complete Participantwise data\Final Data\ucm\P9\WalkG\ucm\CamUp\cam_20250806_114041.jpg,C:\Users\pandya\Documents\Github\docker\Paper3_Analysis\output\SVF Output\P9\WalkG\CamUp_SVF\cam_20250806_114041_svf.jpg,True,50.81228002,4.36999834,,,,,,,,,,,,,,,
P9,WalkG,cam_20250806_114042.jpg,2025-08-06 11:40:42,CamUp,neginja_MSE_SkyViewFactor_reference_table,"24,25,25,26,26,27,27,29,29,32,32,36,36,40,41,43,44",9d4c5f0c12889fb034103b01efa54b21690d648acad08c427f81fc6d33241e03,b677f291bd6311850d8cb19c1c51cfff76b3a1e2deece82b67687ca72a30d9f8,REFERENCE_OR_CUSTOM_TABLE_NOT_MARKED_LENS_VERIFIED,542.0,240.0,240.0,True,Holmer_1992_Annular,120,None_MSE_Method_Assumed_Zenith,4.571760218887323,0.045875,83.82389519940303,7.32388138075892,0.0,91.14777658016196,0.0,0.123262305502584,DeepLabV3+_Xception65_ADE20K,C:\Users\pandya\OneDrive - UCL\Field experiment raw data\Complete Participantwise data\Final Data\ucm\P9\WalkG\ucm\CamUp\cam_20250806_114042.jpg,C:\Users\pandya\Documents\Github\docker\Paper3_Analysis\output\SVF Output\P9\WalkG\CamUp_SVF\cam_20250806_114042_svf.jpg,True,50.81227133,4.37000686,,,,,,,,,,,,,,,
P9,WalkG,cam_20250806_114043.jpg,2025-08-06 11:40:43,CamUp,neginja_MSE_SkyViewFactor_reference_table,"24,25,25,26,26,27,27,29,29,32,32,36,36,40,41,43,44",9d4c5f0c12889fb034103b01efa54b21690d648acad08c427f81fc6d33241e03,b677f291bd6311850d8cb19c1c51cfff76b3a1e2deece82b67687ca72a30d9f8,REFERENCE_OR_CUSTOM_TABLE_NOT_MARKED_LENS_VERIFIED,542.0,240.0,240.0,True,Holmer_1992_Annular,120,None_MSE_Method_Assumed_Zenith,5.780615206035984,0.052481,83.92725865738053,2.302186109498936,0.0,86.22944476687947,0.0,0.0176878644667385,DeepLabV3+_Xception65_ADE20K,C:\Users\pandya\OneDrive - UCL\Field experiment raw data\Complete Participantwise data\Final Data\ucm\P9\WalkG\ucm\CamUp\cam_20250806_114043.jpg,C:\Users\pandya\Documents\Github\docker\Paper3_Analysis\output\SVF Output\P9\WalkG\CamUp_SVF\cam_20250806_114043_svf.jpg,True,50.81225691,4.37000878,,,,,,,,,,,,,,,
P9,WalkG,cam_20250806_114044.jpg,2025-08-06 11:40:44,CamUp,neginja_MSE_SkyViewFactor_reference_table,"24,25,25,26,26,27,27,29,29,32,32,36,36,40,41,43,44",9d4c5f0c12889fb034103b01efa54b21690d648acad08c427f81fc6d33241e03,b677f291bd6311850d8cb19c1c51cfff76b3a1e2deece82b67687ca72a30d9f8,REFERENCE_OR_CUSTOM_TABLE_NOT_MARKED_LENS_VERIFIED,542.0,240.0,240.0,True,Holmer_1992_Annular,120,None_MSE_Method_Assumed_Zenith,4.510405439018324,0.058202,92.36547549954398,0.0022109830583423,0.0,92.36768648260232,0.0,0.1050216952712599,DeepLabV3+_Xception65_ADE20K,C:\Users\pandya\OneDrive - UCL\Field experiment raw data\Complete Participantwise data\Final Data\ucm\P9\WalkG\ucm\CamUp\cam_20250806_114044.jpg,C:\Users\pandya\Documents\Github\docker\Paper3_Analysis\output\SVF Output\P9\WalkG\CamUp_SVF\cam_20250806_114044_svf.jpg,True,50.81224246,4.37000881,,,,,,,,,,,,,,,
P9,WalkG,cam_20250806_114045.jpg,2025-08-06 11:40:45,CamUp,neginja_MSE_SkyViewFactor_reference_table,"24,25,25,26,26,27,27,29,29,32,32,36,36,40,41,43,44",9d4c5f0c12889fb034103b01efa54b21690d648acad08c427f81fc6d33241e03,b677f291bd6311850d8cb19c1c51cfff76b3a1e2deece82b67687ca72a30d9f8,REFERENCE_OR_CUSTOM_TABLE_NOT_MARKED_LENS_VERIFIED,542.0,240.0,240.0,True,Holmer_1992_Annular,120,None_MSE_Method_Assumed_Zenith,4.478898930436945,0.067055,93.48699665588812,0.0,0.0,93.48699665588812,0.0,0.0099494237625404,DeepLabV3+_Xception65_ADE20K,C:\Users\pandya\OneDrive - UCL\Field experiment raw data\Complete Participantwise data\Final Data\ucm\P9\WalkG\ucm\CamUp\cam_20250806_114045.jpg,C:\Users\pandya\Documents\Github\docker\Paper3_Analysis\output\SVF Output\P9\WalkG\CamUp_SVF\cam_20250806_114045_svf.jpg,True,50.81224246,4.37000881,,,,,,,,,,,,,,,
P9,WalkG,cam_20250806_114046.jpg,2025-08-06 11:40:46,CamUp,neginja_MSE_SkyViewFactor_reference_table,"24,25,25,26,26,27,27,29,29,32,32,36,36,40,41,43,44",9d4c5f0c12889fb034103b01efa54b21690d648acad08c427f81fc6d33241e03,b677f291bd6311850d8cb19c1c51cfff76b3a1e2deece82b67687ca72a30d9f8,REFERENCE_OR_CUSTOM_TABLE_NOT_MARKED_LENS_VERIFIED,542.0,240.0,240.0,True,Holmer_1992_Annular,120,None_MSE_Method_Assumed_Zenith,5.851366663902938,0.070153,83.2882845535196,5.065362186662245,0.0,88.35364674018184,0.0,0.1884863057236823,DeepLabV3+_Xception65_ADE20K,C:\Users\pandya\OneDrive - UCL\Field experiment raw data\Complete Participantwise data\Final Data\ucm\P9\WalkG\ucm\CamUp\cam_20250806_114046.jpg,C:\Users\pandya\Documents\Github\docker\Paper3_Analysis\output\SVF Output\P9\WalkG\CamUp_SVF\cam_20250806_114046_svf.jpg,True,50.8122185,4.37000568,,,,,,,,,,,,,,,
P9,WalkG,cam_20250806_114047.jpg,2025-08-06 11:40:47,CamUp,neginja_MSE_SkyViewFactor_reference_table,"24,25,25,26,26,27,27,29,29,32,32,36,36,40,41,43,44",9d4c5f0c12889fb034103b01efa54b21690d648acad08c427f81fc6d33241e03,b677f291bd6311850d8cb19c1c51cfff76b3a1e2deece82b67687ca72a30d9f8,REFERENCE_OR_CUSTOM_TABLE_NOT_MARKED_LENS_VERIFIED,542.0,240.0,240.0,True,Holmer_1992_Annular,120,None_MSE_Method_Assumed_Zenith,7.317248431583893,0.076235,77.60274161899234,8.524445181438796,0.0,86.12718680043113,0.0,0.003869220352099,DeepLabV3+_Xception65_ADE20K,C:\Users\pandya\OneDrive - UCL\Field experiment raw data\Complete Participantwise data\Final Data\ucm\P9\WalkG\ucm\CamUp\cam_20250806_114047.jpg,C:\Users\pandya\Documents\Github\docker\Paper3_Analysis\output\SVF Output\P9\WalkG\CamUp_SVF\cam_20250806_114047_svf.jpg,True,50.81232,4.370063,,,,,,,,,,,,,,,
P9,WalkG,cam_20250806_114048.jpg,2025-08-06 11:40:48,CamUp,neginja_MSE_SkyViewFactor_reference_table,"24,25,25,26,26,27,27,29,29,32,32,36,36,40,41,43,44",9d4c5f0c12889fb034103b01efa54b21690d648acad08c427f81fc6d33241e03,b677f291bd6311850d8cb19c1c51cfff76b3a1e2deece82b67687ca72a30d9f8,REFERENCE_OR_CUSTOM_TABLE_NOT_MARKED_LENS_VERIFIED,542.0,240.0,240.0,True,Holmer_1992_Annular,120,None_MSE_Method_Assumed_Zenith,5.752977917806705,0.077956,91.39043197081504,0.0950722715087195,0.0,91.48550424232376,0.0,0.5400326120001105,DeepLabV3+_Xception65_ADE20K,C:\Users\pandya\OneDrive - UCL\Field experiment raw data\Complete Participantwise data\Final Data\ucm\P9\WalkG\ucm\CamUp\cam_20250806_114048.jpg,C:\Users\pandya\Documents\Github\docker\Paper3_Analysis\output\SVF Output\P9\WalkG\CamUp_SVF\cam_20250806_114048_svf.jpg,True,50.81232,4.370063,,,,,,,,,,,,,,,
P9,WalkG,cam_20250806_114049.jpg,2025-08-06 11:40:49,CamUp,neginja_MSE_SkyViewFactor_reference_table,"24,25,25,26,26,27,27,29,29,32,32,36,36,40,41,43,44",9d4c5f0c12889fb034103b01efa54b21690d648acad08c427f81fc6d33241e03,b677f291bd6311850d8cb19c1c51cfff76b3a1e2deece82b67687ca72a30d9f8,REFERENCE_OR_CUSTOM_TABLE_NOT_MARKED_LENS_VERIFIED,542.0,240.0,240.0,True,Holmer_1992_Annular,120,None_MSE_Method_Assumed_Zenith,8.387364231821573,0.09064,87.60357073763923,0.9584611557913936,0.0,88.56203189343063,0.0,0.1680347124340159,DeepLabV3+_Xception65_ADE20K,C:\Users\pandya\OneDrive - UCL\Field experiment raw data\Complete Participantwise data\Final Data\ucm\P9\WalkG\ucm\CamUp\cam_20250806_114049.jpg,C:\Users\pandya\Documents\Github\docker\Paper3_Analysis\output\SVF Output\P9\WalkG\CamUp_SVF\cam_20250806_114049_svf.jpg,True,50.81219173,4.36999797,,,,,,,,,,,,,,,
P9,WalkG,cam_20250806_114050.jpg,2025-08-06 11:40:50,CamUp,neginja_MSE_SkyViewFactor_reference_table,"24,25,25,26,26,27,27,29,29,32,32,36,36,40,41,43,44",9d4c5f0c12889fb034103b01efa54b21690d648acad08c427f81fc6d33241e03,b677f291bd6311850d8cb19c1c51cfff76b3a1e2deece82b67687ca72a30d9f8,REFERENCE_OR_CUSTOM_TABLE_NOT_MARKED_LENS_VERIFIED,542.0,240.0,240.0,True,Holmer_1992_Annular,120,None_MSE_Method_Assumed_Zenith,9.6282784733162,0.102098,88.85388165713181,0.2327059668905287,0.0,89.08658762402234,0.0,0.0768316612773954,DeepLabV3+_Xception65_ADE20K,C:\Users\pandya\OneDrive - UCL\Field experiment raw data\Complete Participantwise data\Final Data\ucm\P9\WalkG\ucm\CamUp\cam_20250806_114050.jpg,C:\Users\pandya\Documents\Github\docker\Paper3_Analysis\output\SVF Output\P9\WalkG\CamUp_SVF\cam_20250806_114050_svf.jpg,True,50.81218221,4.37000214,,,,,,,,,,,,,,,
P9,WalkG,cam_20250806_114051.jpg,2025-08-06 11:40:51,CamUp,neginja_MSE_SkyViewFactor_reference_table,"24,25,25,26,26,27,27,29,29,32,32,36,36,40,41,43,44",9d4c5f0c12889fb034103b01efa54b21690d648acad08c427f81fc6d33241e03,b677f291bd6311850d8cb19c1c51cfff76b3a1e2deece82b67687ca72a30d9f8,REFERENCE_OR_CUSTOM_TABLE_NOT_MARKED_LENS_VERIFIED,542.0,240.0,240.0,True,Holmer_1992_Annular,120,None_MSE_Method_Assumed_Zenith,8.098830942707902,0.117683,87.15474117679574,0.0,0.0,87.15474117679574,0.0,1.5493463781333776,DeepLabV3+_Xception65_ADE20K,C:\Users\pandya\OneDrive - UCL\Field experiment raw data\Complete Participantwise data\Final Data\ucm\P9\WalkG\ucm\CamUp\cam_20250806_114051.jpg,C:\Users\pandya\Documents\Github\docker\Paper3_Analysis\output\SVF Output\P9\WalkG\CamUp_SVF\cam_20250806_114051_svf.jpg,True,50.81216067,4.36999664,,,,,,,,,,,,,,,
P9,WalkG,cam_20250806_114052.jpg,2025-08-06 11:40:52,CamUp,neginja_MSE_SkyViewFactor_reference_table,"24,25,25,26,26,27,27,29,29,32,32,36,36,40,41,43,44",9d4c5f0c12889fb034103b01efa54b21690d648acad08c427f81fc6d33241e03,b677f291bd6311850d8cb19c1c51cfff76b3a1e2deece82b67687ca72a30d9f8,REFERENCE_OR_CUSTOM_TABLE_NOT_MARKED_LENS_VERIFIED,542.0,240.0,240.0,True,Holmer_1992_Annular,120,None_MSE_Method_Assumed_Zenith,8.285106265373242,0.127673,88.68861067352071,0.1337644750297101,0.0,88.82237514855042,0.0,0.1420556614984937,DeepLabV3+_Xception65_ADE20K,C:\Users\pandya\OneDrive - UCL\Field experiment raw data\Complete Participantwise data\Final Data\ucm\P9\WalkG\ucm\CamUp\cam_20250806_114052.jpg,C:\Users\pandya\Documents\Github\docker\Paper3_Analysis\output\SVF Output\P9\WalkG\CamUp_SVF\cam_20250806_114052_svf.jpg,True,50.81216067,4.36999664,,,,,,,,,,,,,,,
P9,WalkG,cam_20250806_114053.jpg,2025-08-06 11:40:53,CamUp,neginja_MSE_SkyViewFactor_reference_table,"24,25,25,26,26,27,27,29,29,32,32,36,36,40,41,43,44",9d4c5f0c12889fb034103b01efa54b21690d648acad08c427f81fc6d33241e03,b677f291bd6311850d8cb19c1c51cfff76b3a1e2deece82b67687ca72a30d9f8,REFERENCE_OR_CUSTOM_TABLE_NOT_MARKED_LENS_VERIFIED,542.0,240.0,240.0,True,Holmer_1992_Annular,120,None_MSE_Method_Assumed_Zenith,10.55302213746787,0.139517,78.44457341845617,6.025481579747395,0.0,84.47005499820357,0.0,0.0,DeepLabV3+_Xception65_ADE20K,C:\Users\pandya\OneDrive - UCL\Field experiment raw data\Complete Participantwise data\Final Data\ucm\P9\WalkG\ucm\CamUp\cam_20250806_114053.jpg,C:\Users\pandya\Documents\Github\docker\Paper3_Analysis\output\SVF Output\P9\WalkG\CamUp_SVF\cam_20250806_114053_svf.jpg,True,50.81213559,4.36999634,,,,,,,,,,,,,,,
P9,WalkG,cam_20250806_114054.jpg,2025-08-06 11:40:54,CamUp,neginja_MSE_SkyViewFactor_reference_table,"24,25,25,26,26,27,27,29,29,32,32,36,36,40,41,43,44",9d4c5f0c12889fb034103b01efa54b21690d648acad08c427f81fc6d33241e03,b677f291bd6311850d8cb19c1c51cfff76b3a1e2deece82b67687ca72a30d9f8,REFERENCE_OR_CUSTOM_TABLE_NOT_MARKED_LENS_VERIFIED,542.0,240.0,240.0,True,Holmer_1992_Annular,120,None_MSE_Method_Assumed_Zenith,10.954868308321588,0.166327,79.44393776082691,6.487577038940939,0.0,85.93151479976785,0.0,0.2133598651300334,DeepLabV3+_Xception65_ADE20K,C:\Users\pandya\OneDrive - UCL\Field experiment raw data\Complete Participantwise data\Final Data\ucm\P9\WalkG\ucm\CamUp\cam_20250806_114054.jpg,C:\Users\pandya\Documents\Github\docker\Paper3_Analysis\output\SVF Output\P9\WalkG\CamUp_SVF\cam_20250806_114054_svf.jpg,True,50.81213559,4.36999634,,,,,,,,,,,,,,,
P9,WalkG,cam_20250806_114055.jpg,2025-08-06 11:40:55,CamUp,neginja_MSE_SkyViewFactor_reference_table,"24,25,25,26,26,27,27,29,29,32,32,36,36,40,41,43,44",9d4c5f0c12889fb034103b01efa54b21690d648acad08c427f81fc6d33241e03,b677f291bd6311850d8cb19c1c51cfff76b3a1e2deece82b67687ca72a30d9f8,REFERENCE_OR_CUSTOM_TABLE_NOT_MARKED_LENS_VERIFIED,542.0,240.0,240.0,True,Holmer_1992_Annular,120,None_MSE_Method_Assumed_Zenith,11.629218141115992,0.176888,79.68106569383411,5.680568222645994,0.0,85.3616339164801,0.0,0.0022109830583423,DeepLabV3+_Xception65_ADE20K,C:\Users\pandya\OneDrive - UCL\Field experiment raw data\Complete Participantwise data\Final Data\ucm\P9\WalkG\ucm\CamUp\cam_20250806_114055.jpg,C:\Users\pandya\Documents\Github\docker\Paper3_Analysis\output\SVF Output\P9\WalkG\CamUp_SVF\cam_20250806_114055_svf.jpg,True,50.8121102,4.37000456,,,,,,,,,,,,,,,
P9,WalkG,cam_20250806_114056.jpg,2025-08-06 11:40:56,CamUp,neginja_MSE_SkyViewFactor_reference_table,"24,25,25,26,26,27,27,29,29,32,32,36,36,40,41,43,44",9d4c5f0c12889fb034103b01efa54b21690d648acad08c427f81fc6d33241e03,b677f291bd6311850d8cb19c1c51cfff76b3a1e2deece82b67687ca72a30d9f8,REFERENCE_OR_CUSTOM_TABLE_NOT_MARKED_LENS_VERIFIED,542.0,240.0,240.0,True,Holmer_1992_Annular,120,None_MSE_Method_Assumed_Zenith,14.413398557333554,0.170696,69.43094823535915,5.0460160849017495,0.0,74.4769643202609,0.0,0.0,DeepLabV3+_Xception65_ADE20K,C:\Users\pandya\OneDrive - UCL\Field experiment raw data\Complete Participantwise data\Final Data\ucm\P9\WalkG\ucm\CamUp\cam_20250806_114056.jpg,C:\Users\pandya\Documents\Github\docker\Paper3_Analysis\output\SVF Output\P9\WalkG\CamUp_SVF\cam_20250806_114056_svf.jpg,True,50.81209938,4.37000781,,,,,,,,,,,,,,,
P9,WalkG,cam_20250806_114057.jpg,2025-08-06 11:40:57,CamUp,neginja_MSE_SkyViewFactor_reference_table,"24,25,25,26,26,27,27,29,29,32,32,36,36,40,41,43,44",9d4c5f0c12889fb034103b01efa54b21690d648acad08c427f81fc6d33241e03,b677f291bd6311850d8cb19c1c51cfff76b3a1e2deece82b67687ca72a30d9f8,REFERENCE_OR_CUSTOM_TABLE_NOT_MARKED_LENS_VERIFIED,542.0,240.0,240.0,True,Holmer_1992_Annular,120,None_MSE_Method_Assumed_Zenith,14.699720863388883,0.192581,69.30768592985656,12.387585330127408,0.0,81.69527125998397,0.0,0.0,DeepLabV3+_Xception65_ADE20K,C:\Users\pandya\OneDrive - UCL\Field experiment raw data\Complete Participantwise data\Final Data\ucm\P9\WalkG\ucm\CamUp\cam_20250806_114057.jpg,C:\Users\pandya\Documents\Github\docker\Paper3_Analysis\output\SVF Output\P9\WalkG\CamUp_SVF\cam_20250806_114057_svf.jpg,True,50.81209938,4.37000781,,,,,,,,,,,,,,,
P9,WalkG,cam_20250806_114058.jpg,2025-08-06 11:40:58,CamUp,neginja_MSE_SkyViewFactor_reference_table,"24,25,25,26,26,27,27,29,29,32,32,36,36,40,41,43,44",9d4c5f0c12889fb034103b01efa54b21690d648acad08c427f81fc6d33241e03,b677f291bd6311850d8cb19c1c51cfff76b3a1e2deece82b67687ca72a30d9f8,REFERENCE_OR_CUSTOM_TABLE_NOT_MARKED_LENS_VERIFIED,542.0,240.0,240.0,True,Holmer_1992_Annular,120,None_MSE_Method_Assumed_Zenith,12.990078213525688,0.196886,82.67805322941713,0.6367631208025869,0.0,83.31481635021971,0.0,0.0,DeepLabV3+_Xception65_ADE20K,C:\Users\pandya\OneDrive - UCL\Field experiment raw data\Complete Participantwise data\Final Data\ucm\P9\WalkG\ucm\CamUp\cam_20250806_114058.jpg,C:\Users\pandya\Documents\Github\docker\Paper3_Analysis\output\SVF Output\P9\WalkG\CamUp_SVF\cam_20250806_114058_svf.jpg,True,50.81207826,4.3700121,,,,,,,,,,,,,,,
P9,WalkG,cam_20250806_114059.jpg,2025-08-06 11:40:59,CamUp,neginja_MSE_SkyViewFactor_reference_table,"24,25,25,26,26,27,27,29,29,32,32,36,36,40,41,43,44",9d4c5f0c12889fb034103b01efa54b21690d648acad08c427f81fc6d33241e03,b677f291bd6311850d8cb19c1c51cfff76b3a1e2deece82b67687ca72a30d9f8,REFERENCE_OR_CUSTOM_TABLE_NOT_MARKED_LENS_VERIFIED,542.0,240.0,240.0,True,Holmer_1992_Annular,120,None_MSE_Method_Assumed_Zenith,13.344388248625044,0.187281,82.02912970179366,0.0287427797584501,0.0,82.05787248155211,0.0,0.4648591880164718,DeepLabV3+_Xception65_ADE20K,C:\Users\pandya\OneDrive - UCL\Field experiment raw data\Complete Participantwise data\Final Data\ucm\P9\WalkG\ucm\CamUp\cam_20250806_114059.jpg,C:\Users\pandya\Documents\Github\docker\Paper3_Analysis\output\SVF Output\P9\WalkG\CamUp_SVF\cam_20250806_114059_svf.jpg,True,50.8120689,4.37002579,,,,,,,,,,,,,,,
P9,WalkG,cam_20250806_114100.jpg,2025-08-06 11:41:00,CamUp,neginja_MSE_SkyViewFactor_reference_table,"24,25,25,26,26,27,27,29,29,32,32,36,36,40,41,43,44",9d4c5f0c12889fb034103b01efa54b21690d648acad08c427f81fc6d33241e03,b677f291bd6311850d8cb19c1c51cfff76b3a1e2deece82b67687ca72a30d9f8,REFERENCE_OR_CUSTOM_TABLE_NOT_MARKED_LENS_VERIFIED,542.0,240.0,240.0,True,Holmer_1992_Annular,120,None_MSE_Method_Assumed_Zenith,12.334521736727194,0.177075,81.9661166846309,1.333222784180416,0.0,83.29933946881133,0.0,0.8025868501782605,DeepLabV3+_Xception65_ADE20K,C:\Users\pandya\OneDrive - UCL\Field experiment raw data\Complete Participantwise data\Final Data\ucm\P9\WalkG\ucm\CamUp\cam_20250806_114100.jpg,C:\Users\pandya\Documents\Github\docker\Paper3_Analysis\output\SVF Output\P9\WalkG\CamUp_SVF\cam_20250806_114100_svf.jpg,True,50.81205908,4.37003079,,,,,,,,,,,,,,,
P9,WalkG,cam_20250806_114101.jpg,2025-08-06 11:41:01,CamUp,neginja_MSE_SkyViewFactor_reference_table,"24,25,25,26,26,27,27,29,29,32,32,36,36,40,41,43,44",9d4c5f0c12889fb034103b01efa54b21690d648acad08c427f81fc6d33241e03,b677f291bd6311850d8cb19c1c51cfff76b3a1e2deece82b67687ca72a30d9f8,REFERENCE_OR_CUSTOM_TABLE_NOT_MARKED_LENS_VERIFIED,542.0,240.0,240.0,True,Holmer_1992_Annular,120,None_MSE_Method_Assumed_Zenith,13.592018351159386,0.180413,79.32233369261809,3.3004449603404917,0.0,82.62277865295857,0.0,0.1326589835005389,DeepLabV3+_Xception65_ADE20K,C:\Users\pandya\OneDrive - UCL\Field experiment raw data\Complete Participantwise data\Final Data\ucm\P9\WalkG\ucm\CamUp\cam_20250806_114101.jpg,C:\Users\pandya\Documents\Github\docker\Paper3_Analysis\output\SVF Output\P9\WalkG\CamUp_SVF\cam_20250806_114101_svf.jpg,True,50.81205908,4.37003079,,,,,,,,,,,,,,,
P9,WalkG,cam_20250806_114102.jpg,2025-08-06 11:41:02,CamUp,neginja_MSE_SkyViewFactor_reference_table,"24,25,25,26,26,27,27,29,29,32,32,36,36,40,41,43,44",9d4c5f0c12889fb034103b01efa54b21690d648acad08c427f81fc6d33241e03,b677f291bd6311850d8cb19c1c51cfff76b3a1e2deece82b67687ca72a30d9f8,REFERENCE_OR_CUSTOM_TABLE_NOT_MARKED_LENS_VERIFIED,542.0,240.0,240.0,True,Holmer_1992_Annular,120,None_MSE_Method_Assumed_Zenith,12.180858414172402,0.159792,82.1159107868336,0.4637536964873006,0.0,82.5796644833209,0.0,0.7108310532570544,DeepLabV3+_Xception65_ADE20K,C:\Users\pandya\OneDrive - UCL\Field experiment raw data\Complete Participantwise data\Final Data\ucm\P9\WalkG\ucm\CamUp\cam_20250806_114102.jpg,C:\Users\pandya\Documents\Github\docker\Paper3_Analysis\output\SVF Output\P9\WalkG\CamUp_SVF\cam_20250806_114102_svf.jpg,True,50.8120363,4.37003803,,,,,,,,,,,,,,,
P9,WalkG,cam_20250806_114103.jpg,2025-08-06 11:41:03,CamUp,neginja_MSE_SkyViewFactor_reference_table,"24,25,25,26,26,27,27,29,29,32,32,36,36,40,41,43,44",9d4c5f0c12889fb034103b01efa54b21690d648acad08c427f81fc6d33241e03,b677f291bd6311850d8cb19c1c51cfff76b3a1e2deece82b67687ca72a30d9f8,REFERENCE_OR_CUSTOM_TABLE_NOT_MARKED_LENS_VERIFIED,542.0,240.0,240.0,True,Holmer_1992_Annular,120,None_MSE_Method_Assumed_Zenith,12.111765193599204,0.141005,82.974324959235,1.019815935660393,0.0,83.9941408948954,0.0,0.1000469833899897,DeepLabV3+_Xception65_ADE20K,C:\Users\pandya\OneDrive - UCL\Field experiment raw data\Complete Participantwise data\Final Data\ucm\P9\WalkG\ucm\CamUp\cam_20250806_114103.jpg,C:\Users\pandya\Documents\Github\docker\Paper3_Analysis\output\SVF Output\P9\WalkG\CamUp_SVF\cam_20250806_114103_svf.jpg,True,50.8120363,4.37003803,,,,,,,,,,,,,,,
P9,WalkG,cam_20250806_114104.jpg,2025-08-06 11:41:04,CamUp,neginja_MSE_SkyViewFactor_reference_table,"24,25,25,26,26,27,27,29,29,32,32,36,36,40,41,43,44",9d4c5f0c12889fb034103b01efa54b21690d648acad08c427f81fc6d33241e03,b677f291bd6311850d8cb19c1c51cfff76b3a1e2deece82b67687ca72a30d9f8,REFERENCE_OR_CUSTOM_TABLE_NOT_MARKED_LENS_VERIFIED,542.0,240.0,240.0,True,Holmer_1992_Annular,120,None_MSE_Method_Assumed_Zenith,11.785092446729127,0.122767,83.81339302987591,2.1363623801232623,0.0,85.94975540999917,0.0,0.0,DeepLabV3+_Xception65_ADE20K,C:\Users\pandya\OneDrive - UCL\Field experiment raw data\Complete Participantwise data\Final Data\ucm\P9\WalkG\ucm\CamUp\cam_20250806_114104.jpg,C:\Users\pandya\Documents\Github\docker\Paper3_Analysis\output\SVF Output\P9\WalkG\CamUp_SVF\cam_20250806_114104_svf.jpg,True,50.81201377,4.37004018,,,,,,,,,,,,,,,
P9,WalkG,cam_20250806_114105.jpg,2025-08-06 11:41:05,CamUp,neginja_MSE_SkyViewFactor_reference_table,"24,25,25,26,26,27,27,29,29,32,32,36,36,40,41,43,44",9d4c5f0c12889fb034103b01efa54b21690d648acad08c427f81fc6d33241e03,b677f291bd6311850d8cb19c1c51cfff76b3a1e2deece82b67687ca72a30d9f8,REFERENCE_OR_CUSTOM_TABLE_NOT_MARKED_LENS_VERIFIED,542.0,240.0,240.0,True,Holmer_1992_Annular,120,None_MSE_Method_Assumed_Zenith,9.512201862753226,0.083231,82.78970787386342,0.4007406793245446,0.0,83.19044855318796,0.0,1.1088080037586712,DeepLabV3+_Xception65_ADE20K,C:\Users\pandya\OneDrive - UCL\Field experiment raw data\Complete Participantwise data\Final Data\ucm\P9\WalkG\ucm\CamUp\cam_20250806_114105.jpg,C:\Users\pandya\Documents\Github\docker\Paper3_Analysis\output\SVF Output\P9\WalkG\CamUp_SVF\cam_20250806_114105_svf.jpg,True,50.81201377,4.37004018,,,,,,,,,,,,,,,
P9,WalkG,cam_20250806_114106.jpg,2025-08-06 11:41:06,CamUp,neginja_MSE_SkyViewFactor_reference_table,"24,25,25,26,26,27,27,29,29,32,32,36,36,40,41,43,44",9d4c5f0c12889fb034103b01efa54b21690d648acad08c427f81fc6d33241e03,b677f291bd6311850d8cb19c1c51cfff76b3a1e2deece82b67687ca72a30d9f8,REFERENCE_OR_CUSTOM_TABLE_NOT_MARKED_LENS_VERIFIED,542.0,240.0,240.0,True,Holmer_1992_Annular,120,None_MSE_Method_Assumed_Zenith,14.490782964375532,0.087904,79.64845369372358,0.0033164745875134,0.0,79.65177016831109,0.0,0.677113561617334,DeepLabV3+_Xception65_ADE20K,C:\Users\pandya\OneDrive - UCL\Field experiment raw data\Complete Participantwise data\Final Data\ucm\P9\WalkG\ucm\CamUp\cam_20250806_114106.jpg,C:\Users\pandya\Documents\Github\docker\Paper3_Analysis\output\SVF Output\P9\WalkG\CamUp_SVF\cam_20250806_114106_svf.jpg,True,50.81199109,4.37003108,,,,,,,,,,,,,,,
P9,WalkG,cam_20250806_114107.jpg,2025-08-06 11:41:07,CamUp,neginja_MSE_SkyViewFactor_reference_table,"24,25,25,26,26,27,27,29,29,32,32,36,36,40,41,43,44",9d4c5f0c12889fb034103b01efa54b21690d648acad08c427f81fc6d33241e03,b677f291bd6311850d8cb19c1c51cfff76b3a1e2deece82b67687ca72a30d9f8,REFERENCE_OR_CUSTOM_TABLE_NOT_MARKED_LENS_VERIFIED,542.0,240.0,240.0,True,Holmer_1992_Annular,120,None_MSE_Method_Assumed_Zenith,11.90227454882127,0.078935,79.49589586269795,1.2370450211425257,0.0,80.73294088384047,0.0,2.048475803554155,DeepLabV3+_Xception65_ADE20K,C:\Users\pandya\OneDrive - UCL\Field experiment raw data\Complete Participantwise data\Final Data\ucm\P9\WalkG\ucm\CamUp\cam_20250806_114107.jpg,C:\Users\pandya\Documents\Github\docker\Paper3_Analysis\output\SVF Output\P9\WalkG\CamUp_SVF\cam_20250806_114107_svf.jpg,True,50.812068,4.370079,,,,,,,,,,,,,,,
P9,WalkG,cam_20250806_114108.jpg,2025-08-06 11:41:08,CamUp,neginja_MSE_SkyViewFactor_reference_table,"24,25,25,26,26,27,27,29,29,32,32,36,36,40,41,43,44",9d4c5f0c12889fb034103b01efa54b21690d648acad08c427f81fc6d33241e03,b677f291bd6311850d8cb19c1c51cfff76b3a1e2deece82b67687ca72a30d9f8,REFERENCE_OR_CUSTOM_TABLE_NOT_MARKED_LENS_VERIFIED,542.0,240.0,240.0,True,Holmer_1992_Annular,120,None_MSE_Method_Assumed_Zenith,8.58414172401404,0.069871,85.41248652682198,0.0,0.0,85.41248652682198,0.0,1.4327170218058205,DeepLabV3+_Xception65_ADE20K,C:\Users\pandya\OneDrive - UCL\Field experiment raw data\Complete Participantwise data\Final Data\ucm\P9\WalkG\ucm\CamUp\cam_20250806_114108.jpg,C:\Users\pandya\Documents\Github\docker\Paper3_Analysis\output\SVF Output\P9\WalkG\CamUp_SVF\cam_20250806_114108_svf.jpg,True,50.81196905,4.37004376,,,,,,,,,,,,,,,
P9,WalkG,cam_20250806_114109.jpg,2025-08-06 11:41:09,CamUp,neginja_MSE_SkyViewFactor_reference_table,"24,25,25,26,26,27,27,29,29,32,32,36,36,40,41,43,44",9d4c5f0c12889fb034103b01efa54b21690d648acad08c427f81fc6d33241e03,b677f291bd6311850d8cb19c1c51cfff76b3a1e2deece82b67687ca72a30d9f8,REFERENCE_OR_CUSTOM_TABLE_NOT_MARKED_LENS_VERIFIED,542.0,240.0,240.0,True,Holmer_1992_Annular,120,None_MSE_Method_Assumed_Zenith,9.22422131940414,0.071556,82.30550258408645,5.053754525605948,0.0,87.35925710969241,0.0,1.1911671226819225,DeepLabV3+_Xception65_ADE20K,C:\Users\pandya\OneDrive - UCL\Field experiment raw data\Complete Participantwise data\Final Data\ucm\P9\WalkG\ucm\CamUp\cam_20250806_114109.jpg,C:\Users\pandya\Documents\Github\docker\Paper3_Analysis\output\SVF Output\P9\WalkG\CamUp_SVF\cam_20250806_114109_svf.jpg,True,50.81195453,4.37003502,,,,,,,,,,,,,,,
P9,WalkG,cam_20250806_114110.jpg,2025-08-06 11:41:10,CamUp,neginja_MSE_SkyViewFactor_reference_table,"24,25,25,26,26,27,27,29,29,32,32,36,36,40,41,43,44",9d4c5f0c12889fb034103b01efa54b21690d648acad08c427f81fc6d33241e03,b677f291bd6311850d8cb19c1c51cfff76b3a1e2deece82b67687ca72a30d9f8,REFERENCE_OR_CUSTOM_TABLE_NOT_MARKED_LENS_VERIFIED,542.0,240.0,240.0,True,Holmer_1992_Annular,120,None_MSE_Method_Assumed_Zenith,7.28131995688583,0.064882,90.61548240886604,0.5251084763562999,0.0,91.14059088522234,0.0,1.0126302407207803,DeepLabV3+_Xception65_ADE20K,C:\Users\pandya\OneDrive - UCL\Field experiment raw data\Complete Participantwise data\Final Data\ucm\P9\WalkG\ucm\CamUp\cam_20250806_114110.jpg,C:\Users\pandya\Documents\Github\docker\Paper3_Analysis\output\SVF Output\P9\WalkG\CamUp_SVF\cam_20250806_114110_svf.jpg,True,50.81195453,4.37003502,,,,,,,,,,,,,,,
P9,WalkG,cam_20250806_114111.jpg,2025-08-06 11:41:11,CamUp,neginja_MSE_SkyViewFactor_reference_table,"24,25,25,26,26,27,27,29,29,32,32,36,36,40,41,43,44",9d4c5f0c12889fb034103b01efa54b21690d648acad08c427f81fc6d33241e03,b677f291bd6311850d8cb19c1c51cfff76b3a1e2deece82b67687ca72a30d9f8,REFERENCE_OR_CUSTOM_TABLE_NOT_MARKED_LENS_VERIFIED,542.0,240.0,240.0,True,Holmer_1992_Annular,120,None_MSE_Method_Assumed_Zenith,10.663571290384988,0.080761,87.34267473675483,0.2758201365282038,0.0,87.61849487328304,0.0,0.0,DeepLabV3+_Xception65_ADE20K,C:\Users\pandya\OneDrive - UCL\Field experiment raw data\Complete Participantwise data\Final Data\ucm\P9\WalkG\ucm\CamUp\cam_20250806_114111.jpg,C:\Users\pandya\Documents\Github\docker\Paper3_Analysis\output\SVF Output\P9\WalkG\CamUp_SVF\cam_20250806_114111_svf.jpg,True,50.81193087,4.37004201,,,,,,,,,,,,,,,
P9,WalkG,cam_20250806_114112.jpg,2025-08-06 11:41:12,CamUp,neginja_MSE_SkyViewFactor_reference_table,"24,25,25,26,26,27,27,29,29,32,32,36,36,40,41,43,44",9d4c5f0c12889fb034103b01efa54b21690d648acad08c427f81fc6d33241e03,b677f291bd6311850d8cb19c1c51cfff76b3a1e2deece82b67687ca72a30d9f8,REFERENCE_OR_CUSTOM_TABLE_NOT_MARKED_LENS_VERIFIED,542.0,240.0,240.0,True,Holmer_1992_Annular,120,None_MSE_Method_Assumed_Zenith,10.272227289058398,0.08079,77.9609208744438,7.324434126523506,0.0,85.28535500096731,0.0,1.784816073846834,DeepLabV3+_Xception65_ADE20K,C:\Users\pandya\OneDrive - UCL\Field experiment raw data\Complete Participantwise data\Final Data\ucm\P9\WalkG\ucm\CamUp\cam_20250806_114112.jpg,C:\Users\pandya\Documents\Github\docker\Paper3_Analysis\output\SVF Output\P9\WalkG\CamUp_SVF\cam_20250806_114112_svf.jpg,True,50.81191745,4.37003702,,,,,,,,,,,,,,,
P9,WalkG,cam_20250806_114113.jpg,2025-08-06 11:41:13,CamUp,neginja_MSE_SkyViewFactor_reference_table,"24,25,25,26,26,27,27,29,29,32,32,36,36,40,41,43,44",9d4c5f0c12889fb034103b01efa54b21690d648acad08c427f81fc6d33241e03,b677f291bd6311850d8cb19c1c51cfff76b3a1e2deece82b67687ca72a30d9f8,REFERENCE_OR_CUSTOM_TABLE_NOT_MARKED_LENS_VERIFIED,542.0,240.0,240.0,True,Holmer_1992_Annular,120,None_MSE_Method_Assumed_Zenith,10.507696984771854,0.083228,72.71038885664538,13.16364038360556,0.0,85.87402924025093,0.0,0.0077384407041981,DeepLabV3+_Xception65_ADE20K,C:\Users\pandya\OneDrive - UCL\Field experiment raw data\Complete Participantwise data\Final Data\ucm\P9\WalkG\ucm\CamUp\cam_20250806_114113.jpg,C:\Users\pandya\Documents\Github\docker\Paper3_Analysis\output\SVF Output\P9\WalkG\CamUp_SVF\cam_20250806_114113_svf.jpg,True,50.81191745,4.37003702,,,,,,,,,,,,,,,
P9,WalkG,cam_20250806_114114.jpg,2025-08-06 11:41:14,CamUp,neginja_MSE_SkyViewFactor_reference_table,"24,25,25,26,26,27,27,29,29,32,32,36,36,40,41,43,44",9d4c5f0c12889fb034103b01efa54b21690d648acad08c427f81fc6d33241e03,b677f291bd6311850d8cb19c1c51cfff76b3a1e2deece82b67687ca72a30d9f8,REFERENCE_OR_CUSTOM_TABLE_NOT_MARKED_LENS_VERIFIED,542.0,240.0,240.0,True,Holmer_1992_Annular,120,None_MSE_Method_Assumed_Zenith,7.058010667993256,0.07404,87.23433656689605,2.851062653732416,0.0,90.08539922062846,0.0,1.3995522759306858,DeepLabV3+_Xception65_ADE20K,C:\Users\pandya\OneDrive - UCL\Field experiment raw data\Complete Participantwise data\Final Data\ucm\P9\WalkG\ucm\CamUp\cam_20250806_114114.jpg,C:\Users\pandya\Documents\Github\docker\Paper3_Analysis\output\SVF Output\P9\WalkG\CamUp_SVF\cam_20250806_114114_svf.jpg,True,50.81189384,4.3700433,,,,,,,,,,,,,,,
P9,WalkG,cam_20250806_114115.jpg,2025-08-06 11:41:15,CamUp,neginja_MSE_SkyViewFactor_reference_table,"24,25,25,26,26,27,27,29,29,32,32,36,36,40,41,43,44",9d4c5f0c12889fb034103b01efa54b21690d648acad08c427f81fc6d33241e03,b677f291bd6311850d8cb19c1c51cfff76b3a1e2deece82b67687ca72a30d9f8,REFERENCE_OR_CUSTOM_TABLE_NOT_MARKED_LENS_VERIFIED,542.0,240.0,240.0,True,Holmer_1992_Annular,120,None_MSE_Method_Assumed_Zenith,8.42660918110715,0.07686,72.65400878865765,10.649199900505762,0.0,83.30320868916341,0.0,1.1906143769173367,DeepLabV3+_Xception65_ADE20K,C:\Users\pandya\OneDrive - UCL\Field experiment raw data\Complete Participantwise data\Final Data\ucm\P9\WalkG\ucm\CamUp\cam_20250806_114115.jpg,C:\Users\pandya\Documents\Github\docker\Paper3_Analysis\output\SVF Output\P9\WalkG\CamUp_SVF\cam_20250806_114115_svf.jpg,True,50.81188436,4.37004628,,,,,,,,,,,,,,,
P9,WalkG,cam_20250806_114116.jpg,2025-08-06 11:41:16,CamUp,neginja_MSE_SkyViewFactor_reference_table,"24,25,25,26,26,27,27,29,29,32,32,36,36,40,41,43,44",9d4c5f0c12889fb034103b01efa54b21690d648acad08c427f81fc6d33241e03,b677f291bd6311850d8cb19c1c51cfff76b3a1e2deece82b67687ca72a30d9f8,REFERENCE_OR_CUSTOM_TABLE_NOT_MARKED_LENS_VERIFIED,542.0,240.0,240.0,True,Holmer_1992_Annular,120,None_MSE_Method_Assumed_Zenith,7.640604703866456,0.067176,85.54790923914545,2.852168145261587,0.0,88.40007738440704,0.0,0.5112898322416604,DeepLabV3+_Xception65_ADE20K,C:\Users\pandya\OneDrive - UCL\Field experiment raw data\Complete Participantwise data\Final Data\ucm\P9\WalkG\ucm\CamUp\cam_20250806_114116.jpg,C:\Users\pandya\Documents\Github\docker\Paper3_Analysis\output\SVF Output\P9\WalkG\CamUp_SVF\cam_20250806_114116_svf.jpg,True,50.81188436,4.37004628,,,,,,,,,,,,,,,
P9,WalkG,cam_20250806_114117.jpg,2025-08-06 11:41:17,CamUp,neginja_MSE_SkyViewFactor_reference_table,"24,25,25,26,26,27,27,29,29,32,32,36,36,40,41,43,44",9d4c5f0c12889fb034103b01efa54b21690d648acad08c427f81fc6d33241e03,b677f291bd6311850d8cb19c1c51cfff76b3a1e2deece82b67687ca72a30d9f8,REFERENCE_OR_CUSTOM_TABLE_NOT_MARKED_LENS_VERIFIED,542.0,240.0,240.0,True,Holmer_1992_Annular,120,None_MSE_Method_Assumed_Zenith,11.02451427465937,0.075856,72.52134980515712,3.582345300279137,0.0,76.10369510543626,0.0,1.2083022413840754,DeepLabV3+_Xception65_ADE20K,C:\Users\pandya\OneDrive - UCL\Field experiment raw data\Complete Participantwise data\Final Data\ucm\P9\WalkG\ucm\CamUp\cam_20250806_114117.jpg,C:\Users\pandya\Documents\Github\docker\Paper3_Analysis\output\SVF Output\P9\WalkG\CamUp_SVF\cam_20250806_114117_svf.jpg,True,50.81185808,4.37004843,,,,,,,,,,,,,,,
P9,WalkG,cam_20250806_114118.jpg,2025-08-06 11:41:18,CamUp,neginja_MSE_SkyViewFactor_reference_table,"24,25,25,26,26,27,27,29,29,32,32,36,36,40,41,43,44",9d4c5f0c12889fb034103b01efa54b21690d648acad08c427f81fc6d33241e03,b677f291bd6311850d8cb19c1c51cfff76b3a1e2deece82b67687ca72a30d9f8,REFERENCE_OR_CUSTOM_TABLE_NOT_MARKED_LENS_VERIFIED,542.0,240.0,240.0,True,Holmer_1992_Annular,120,None_MSE_Method_Assumed_Zenith,7.143133515739436,0.048315,88.018682806843,2.206561092225631,0.0,90.22524389906864,0.0,1.0441367493021585,DeepLabV3+_Xception65_ADE20K,C:\Users\pandya\OneDrive - UCL\Field experiment raw data\Complete Participantwise data\Final Data\ucm\P9\WalkG\ucm\CamUp\cam_20250806_114118.jpg,C:\Users\pandya\Documents\Github\docker\Paper3_Analysis\output\SVF Output\P9\WalkG\CamUp_SVF\cam_20250806_114118_svf.jpg,True,50.81185808,4.37004843,,,,,,,,,,,,,,,
P9,WalkG,cam_20250806_114119.jpg,2025-08-06 11:41:19,CamUp,neginja_MSE_SkyViewFactor_reference_table,"24,25,25,26,26,27,27,29,29,32,32,36,36,40,41,43,44",9d4c5f0c12889fb034103b01efa54b21690d648acad08c427f81fc6d33241e03,b677f291bd6311850d8cb19c1c51cfff76b3a1e2deece82b67687ca72a30d9f8,REFERENCE_OR_CUSTOM_TABLE_NOT_MARKED_LENS_VERIFIED,542.0,240.0,240.0,True,Holmer_1992_Annular,120,None_MSE_Method_Assumed_Zenith,7.767736229721139,0.048956,87.95953901003234,0.5969654257524252,0.0,88.55650443578477,0.0,1.0126302407207803,DeepLabV3+_Xception65_ADE20K,C:\Users\pandya\OneDrive - UCL\Field experiment raw data\Complete Participantwise data\Final Data\ucm\P9\WalkG\ucm\CamUp\cam_20250806_114119.jpg,C:\Users\pandya\Documents\Github\docker\Paper3_Analysis\output\SVF Output\P9\WalkG\CamUp_SVF\cam_20250806_114119_svf.jpg,True,50.81184978,4.3700614,,,,,,,,,,,,,,,
P9,WalkG,cam_20250806_114120.jpg,2025-08-06 11:41:20,CamUp,neginja_MSE_SkyViewFactor_reference_table,"24,25,25,26,26,27,27,29,29,32,32,36,36,40,41,43,44",9d4c5f0c12889fb034103b01efa54b21690d648acad08c427f81fc6d33241e03,b677f291bd6311850d8cb19c1c51cfff76b3a1e2deece82b67687ca72a30d9f8,REFERENCE_OR_CUSTOM_TABLE_NOT_MARKED_LENS_VERIFIED,542.0,240.0,240.0,True,Holmer_1992_Annular,120,None_MSE_Method_Assumed_Zenith,4.398750794572036,0.031596,90.6287483072161,4.178757980266976,0.0,94.80750628748308,0.0,0.6981179006715861,DeepLabV3+_Xception65_ADE20K,C:\Users\pandya\OneDrive - UCL\Field experiment raw data\Complete Participantwise data\Final Data\ucm\P9\WalkG\ucm\CamUp\cam_20250806_114120.jpg,C:\Users\pandya\Documents\Github\docker\Paper3_Analysis\output\SVF Output\P9\WalkG\CamUp_SVF\cam_20250806_114120_svf.jpg,True,50.81183689,4.37005823,,,,,,,,,,,,,,,
P9,WalkG,cam_20250806_114121.jpg,2025-08-06 11:41:21,CamUp,neginja_MSE_SkyViewFactor_reference_table,"24,25,25,26,26,27,27,29,29,32,32,36,36,40,41,43,44",9d4c5f0c12889fb034103b01efa54b21690d648acad08c427f81fc6d33241e03,b677f291bd6311850d8cb19c1c51cfff76b3a1e2deece82b67687ca72a30d9f8,REFERENCE_OR_CUSTOM_TABLE_NOT_MARKED_LENS_VERIFIED,542.0,240.0,240.0,True,Holmer_1992_Annular,120,None_MSE_Method_Assumed_Zenith,4.180416217560732,0.030315,89.41989332006743,1.15523864798386,0.0,90.5751319680513,0.0,0.757261697482243,DeepLabV3+_Xception65_ADE20K,C:\Users\pandya\OneDrive - UCL\Field experiment raw data\Complete Participantwise data\Final Data\ucm\P9\WalkG\ucm\CamUp\cam_20250806_114121.jpg,C:\Users\pandya\Documents\Github\docker\Paper3_Analysis\output\SVF Output\P9\WalkG\CamUp_SVF\cam_20250806_114121_svf.jpg,True,50.81181421,4.37006586,,,,,,,,,,,,,,,
P9,WalkG,cam_20250806_114122.jpg,2025-08-06 11:41:22,CamUp,neginja_MSE_SkyViewFactor_reference_table,"24,25,25,26,26,27,27,29,29,32,32,36,36,40,41,43,44",9d4c5f0c12889fb034103b01efa54b21690d648acad08c427f81fc6d33241e03,b677f291bd6311850d8cb19c1c51cfff76b3a1e2deece82b67687ca72a30d9f8,REFERENCE_OR_CUSTOM_TABLE_NOT_MARKED_LENS_VERIFIED,542.0,240.0,240.0,True,Holmer_1992_Annular,120,None_MSE_Method_Assumed_Zenith,4.152226183566868,0.037909,73.9479866235525,8.655998673410165,0.0,82.60398529696266,0.0,0.549982035762651,DeepLabV3+_Xception65_ADE20K,C:\Users\pandya\OneDrive - UCL\Field experiment raw data\Complete Participantwise data\Final Data\ucm\P9\WalkG\ucm\CamUp\cam_20250806_114122.jpg,C:\Users\pandya\Documents\Github\docker\Paper3_Analysis\output\SVF Output\P9\WalkG\CamUp_SVF\cam_20250806_114122_svf.jpg,True,50.81181421,4.37006586,,,,,,,,,,,,,,,
P9,WalkG,cam_20250806_114123.jpg,2025-08-06 11:41:23,CamUp,neginja_MSE_SkyViewFactor_reference_table,"24,25,25,26,26,27,27,29,29,32,32,36,36,40,41,43,44",9d4c5f0c12889fb034103b01efa54b21690d648acad08c427f81fc6d33241e03,b677f291bd6311850d8cb19c1c51cfff76b3a1e2deece82b67687ca72a30d9f8,REFERENCE_OR_CUSTOM_TABLE_NOT_MARKED_LENS_VERIFIED,542.0,240.0,240.0,True,Holmer_1992_Annular,120,None_MSE_Method_Assumed_Zenith,3.4535555371306965,0.040781,73.22057319735788,19.00616311527513,0.0,92.226736312633,0.0,2.8991515352513613,DeepLabV3+_Xception65_ADE20K,C:\Users\pandya\OneDrive - UCL\Field experiment raw data\Complete Participantwise data\Final Data\ucm\P9\WalkG\ucm\CamUp\cam_20250806_114123.jpg,C:\Users\pandya\Documents\Github\docker\Paper3_Analysis\output\SVF Output\P9\WalkG\CamUp_SVF\cam_20250806_114123_svf.jpg,True,50.81179169,4.37006445,,,,,,,,,,,,,,,
P9,WalkG,cam_20250806_114124.jpg,2025-08-06 11:41:24,CamUp,neginja_MSE_SkyViewFactor_reference_table,"24,25,25,26,26,27,27,29,29,32,32,36,36,40,41,43,44",9d4c5f0c12889fb034103b01efa54b21690d648acad08c427f81fc6d33241e03,b677f291bd6311850d8cb19c1c51cfff76b3a1e2deece82b67687ca72a30d9f8,REFERENCE_OR_CUSTOM_TABLE_NOT_MARKED_LENS_VERIFIED,542.0,240.0,240.0,True,Holmer_1992_Annular,120,None_MSE_Method_Assumed_Zenith,3.933891606555565,0.04384,90.0881629494514,2.880910925020037,0.0,92.96907387447143,0.0,0.5897797308128127,DeepLabV3+_Xception65_ADE20K,C:\Users\pandya\OneDrive - UCL\Field experiment raw data\Complete Participantwise data\Final Data\ucm\P9\WalkG\ucm\CamUp\cam_20250806_114124.jpg,C:\Users\pandya\Documents\Github\docker\Paper3_Analysis\output\SVF Output\P9\WalkG\CamUp_SVF\cam_20250806_114124_svf.jpg,True,50.81179169,4.37006445,,,,,,,,,,,,,,,
P9,WalkG,cam_20250806_114125.jpg,2025-08-06 11:41:25,CamUp,neginja_MSE_SkyViewFactor_reference_table,"24,25,25,26,26,27,27,29,29,32,32,36,36,40,41,43,44",9d4c5f0c12889fb034103b01efa54b21690d648acad08c427f81fc6d33241e03,b677f291bd6311850d8cb19c1c51cfff76b3a1e2deece82b67687ca72a30d9f8,REFERENCE_OR_CUSTOM_TABLE_NOT_MARKED_LENS_VERIFIED,542.0,240.0,240.0,True,Holmer_1992_Annular,120,None_MSE_Method_Assumed_Zenith,4.256142387308957,0.051667,83.11693336649807,3.042865434043612,0.0,86.15979880054168,0.0,0.7970593925324048,DeepLabV3+_Xception65_ADE20K,C:\Users\pandya\OneDrive - UCL\Field experiment raw data\Complete Participantwise data\Final Data\ucm\P9\WalkG\ucm\CamUp\cam_20250806_114125.jpg,C:\Users\pandya\Documents\Github\docker\Paper3_Analysis\output\SVF Output\P9\WalkG\CamUp_SVF\cam_20250806_114125_svf.jpg,True,50.81178155,4.37007372,,,,,,,,,,,,,,,
P9,WalkG,cam_20250806_114126.jpg,2025-08-06 11:41:26,CamUp,neginja_MSE_SkyViewFactor_reference_table,"24,25,25,26,26,27,27,29,29,32,32,36,36,40,41,43,44",9d4c5f0c12889fb034103b01efa54b21690d648acad08c427f81fc6d33241e03,b677f291bd6311850d8cb19c1c51cfff76b3a1e2deece82b67687ca72a30d9f8,REFERENCE_OR_CUSTOM_TABLE_NOT_MARKED_LENS_VERIFIED,542.0,240.0,240.0,True,Holmer_1992_Annular,120,None_MSE_Method_Assumed_Zenith,5.08470828842274,0.053981,87.93798192521349,5.410275543763646,0.0,93.34825746897714,0.0,0.5942016969294973,DeepLabV3+_Xception65_ADE20K,C:\Users\pandya\OneDrive - UCL\Field experiment raw data\Complete Participantwise data\Final Data\ucm\P9\WalkG\ucm\CamUp\cam_20250806_114126.jpg,C:\Users\pandya\Documents\Github\docker\Paper3_Analysis\output\SVF Output\P9\WalkG\CamUp_SVF\cam_20250806_114126_svf.jpg,True,50.81175848,4.37008622,,,,,,,,,,,,,,,
P9,WalkG,cam_20250806_114127.jpg,2025-08-06 11:41:27,CamUp,neginja_MSE_SkyViewFactor_reference_table,"24,25,25,26,26,27,27,29,29,32,32,36,36,40,41,43,44",9d4c5f0c12889fb034103b01efa54b21690d648acad08c427f81fc6d33241e03,b677f291bd6311850d8cb19c1c51cfff76b3a1e2deece82b67687ca72a30d9f8,REFERENCE_OR_CUSTOM_TABLE_NOT_MARKED_LENS_VERIFIED,542.0,240.0,240.0,True,Holmer_1992_Annular,120,None_MSE_Method_Assumed_Zenith,4.90340767763867,0.048148,86.99720863388885,1.8367741757178784,0.0,88.83398280960672,0.0,0.3487825774535003,DeepLabV3+_Xception65_ADE20K,C:\Users\pandya\OneDrive - UCL\Field experiment raw data\Complete Participantwise data\Final Data\ucm\P9\WalkG\ucm\CamUp\cam_20250806_114127.jpg,C:\Users\pandya\Documents\Github\docker\Paper3_Analysis\output\SVF Output\P9\WalkG\CamUp_SVF\cam_20250806_114127_svf.jpg,True,50.81174423,4.37009276,,,,,,,,,,,,,,,
P9,WalkG,cam_20250806_114128.jpg,2025-08-06 11:41:28,CamUp,neginja_MSE_SkyViewFactor_reference_table,"24,25,25,26,26,27,27,29,29,32,32,36,36,40,41,43,44",9d4c5f0c12889fb034103b01efa54b21690d648acad08c427f81fc6d33241e03,b677f291bd6311850d8cb19c1c51cfff76b3a1e2deece82b67687ca72a30d9f8,REFERENCE_OR_CUSTOM_TABLE_NOT_MARKED_LENS_VERIFIED,542.0,240.0,240.0,True,Holmer_1992_Annular,120,None_MSE_Method_Assumed_Zenith,1.5819583782439268,0.012609,92.4644169914048,0.9457480032059252,0.0,93.41016499461072,0.0,0.6107840698670647,DeepLabV3+_Xception65_ADE20K,C:\Users\pandya\OneDrive - UCL\Field experiment raw data\Complete Participantwise data\Final Data\ucm\P9\WalkG\ucm\CamUp\cam_20250806_114128.jpg,C:\Users\pandya\Documents\Github\docker\Paper3_Analysis\output\SVF Output\P9\WalkG\CamUp_SVF\cam_20250806_114128_svf.jpg,True,50.81173031,4.37009808,,,,,,,,,,,,,,,
P9,WalkG,cam_20250806_114129.jpg,2025-08-06 11:41:29,CamUp,neginja_MSE_SkyViewFactor_reference_table,"24,25,25,26,26,27,27,29,29,32,32,36,36,40,41,43,44",9d4c5f0c12889fb034103b01efa54b21690d648acad08c427f81fc6d33241e03,b677f291bd6311850d8cb19c1c51cfff76b3a1e2deece82b67687ca72a30d9f8,REFERENCE_OR_CUSTOM_TABLE_NOT_MARKED_LENS_VERIFIED,542.0,240.0,240.0,True,Holmer_1992_Annular,120,None_MSE_Method_Assumed_Zenith,3.1578365530774124,0.020102,93.8484923859271,0.0751734239836387,0.0,93.92366580991074,0.0,0.0425614238730895,DeepLabV3+_Xception65_ADE20K,C:\Users\pandya\OneDrive - UCL\Field experiment raw data\Complete Participantwise data\Final Data\ucm\P9\WalkG\ucm\CamUp\cam_20250806_114129.jpg,C:\Users\pandya\Documents\Github\docker\Paper3_Analysis\output\SVF Output\P9\WalkG\CamUp_SVF\cam_20250806_114129_svf.jpg,True,50.81172214,4.37010658,,,,,,,,,,,,,,,
P9,WalkG,cam_20250806_114130.jpg,2025-08-06 11:41:30,CamUp,neginja_MSE_SkyViewFactor_reference_table,"24,25,25,26,26,27,27,29,29,32,32,36,36,40,41,43,44",9d4c5f0c12889fb034103b01efa54b21690d648acad08c427f81fc6d33241e03,b677f291bd6311850d8cb19c1c51cfff76b3a1e2deece82b67687ca72a30d9f8,REFERENCE_OR_CUSTOM_TABLE_NOT_MARKED_LENS_VERIFIED,542.0,240.0,240.0,True,Holmer_1992_Annular,120,None_MSE_Method_Assumed_Zenith,4.36337506563856,0.030282,90.61824613768896,0.907055799684935,0.0,91.52530193737392,0.0,0.2713981704115192,DeepLabV3+_Xception65_ADE20K,C:\Users\pandya\OneDrive - UCL\Field experiment raw data\Complete Participantwise data\Final Data\ucm\P9\WalkG\ucm\CamUp\cam_20250806_114130.jpg,C:\Users\pandya\Documents\Github\docker\Paper3_Analysis\output\SVF Output\P9\WalkG\CamUp_SVF\cam_20250806_114130_svf.jpg,True,50.8117059,4.37009811,,,,,,,,,,,,,,,
P9,WalkG,cam_20250806_114131.jpg,2025-08-06 11:41:31,CamUp,neginja_MSE_SkyViewFactor_reference_table,"24,25,25,26,26,27,27,29,29,32,32,36,36,40,41,43,44",9d4c5f0c12889fb034103b01efa54b21690d648acad08c427f81fc6d33241e03,b677f291bd6311850d8cb19c1c51cfff76b3a1e2deece82b67687ca72a30d9f8,REFERENCE_OR_CUSTOM_TABLE_NOT_MARKED_LENS_VERIFIED,542.0,240.0,240.0,True,Holmer_1992_Annular,120,None_MSE_Method_Assumed_Zenith,4.643064422518862,0.030551,85.42188320481995,5.160434458170964,0.0,90.58231766299092,0.182406102313241,0.154768814083962,DeepLabV3+_Xception65_ADE20K,C:\Users\pandya\OneDrive - UCL\Field experiment raw data\Complete Participantwise data\Final Data\ucm\P9\WalkG\ucm\CamUp\cam_20250806_114131.jpg,C:\Users\pandya\Documents\Github\docker\Paper3_Analysis\output\SVF Output\P9\WalkG\CamUp_SVF\cam_20250806_114131_svf.jpg,True,50.8117059,4.37009811,,,,,,,,,,,,,,,
P9,WalkG,cam_20250806_114132.jpg,2025-08-06 11:41:32,CamUp,neginja_MSE_SkyViewFactor_reference_table,"24,25,25,26,26,27,27,29,29,32,32,36,36,40,41,43,44",9d4c5f0c12889fb034103b01efa54b21690d648acad08c427f81fc6d33241e03,b677f291bd6311850d8cb19c1c51cfff76b3a1e2deece82b67687ca72a30d9f8,REFERENCE_OR_CUSTOM_TABLE_NOT_MARKED_LENS_VERIFIED,542.0,240.0,240.0,True,Holmer_1992_Annular,120,None_MSE_Method_Assumed_Zenith,4.939888898101319,0.036386,86.9071110742614,0.2642124754719067,0.0,87.1713235497333,0.0,2.4989636016914023,DeepLabV3+_Xception65_ADE20K,C:\Users\pandya\OneDrive - UCL\Field experiment raw data\Complete Participantwise data\Final Data\ucm\P9\WalkG\ucm\CamUp\cam_20250806_114132.jpg,C:\Users\pandya\Documents\Github\docker\Paper3_Analysis\output\SVF Output\P9\WalkG\CamUp_SVF\cam_20250806_114132_svf.jpg,True,50.81168341,4.37010385,,,,,,,,,,,,,,,
P9,WalkG,cam_20250806_114133.jpg,2025-08-06 11:41:33,CamUp,neginja_MSE_SkyViewFactor_reference_table,"24,25,25,26,26,27,27,29,29,32,32,36,36,40,41,43,44",9d4c5f0c12889fb034103b01efa54b21690d648acad08c427f81fc6d33241e03,b677f291bd6311850d8cb19c1c51cfff76b3a1e2deece82b67687ca72a30d9f8,REFERENCE_OR_CUSTOM_TABLE_NOT_MARKED_LENS_VERIFIED,542.0,240.0,240.0,True,Holmer_1992_Annular,120,None_MSE_Method_Assumed_Zenith,5.271536356852666,0.037719,80.13486996655888,7.799795484067102,0.0,87.93466545062599,0.0,0.8893679352181963,DeepLabV3+_Xception65_ADE20K,C:\Users\pandya\OneDrive - UCL\Field experiment raw data\Complete Participantwise data\Final Data\ucm\P9\WalkG\ucm\CamUp\cam_20250806_114133.jpg,C:\Users\pandya\Documents\Github\docker\Paper3_Analysis\output\SVF Output\P9\WalkG\CamUp_SVF\cam_20250806_114133_svf.jpg,True,50.81168341,4.37010385,,,,,,,,,,,,,,,
P9,WalkG,cam_20250806_114134.jpg,2025-08-06 11:41:34,CamUp,neginja_MSE_SkyViewFactor_reference_table,"24,25,25,26,26,27,27,29,29,32,32,36,36,40,41,43,44",9d4c5f0c12889fb034103b01efa54b21690d648acad08c427f81fc6d33241e03,b677f291bd6311850d8cb19c1c51cfff76b3a1e2deece82b67687ca72a30d9f8,REFERENCE_OR_CUSTOM_TABLE_NOT_MARKED_LENS_VERIFIED,542.0,240.0,240.0,True,Holmer_1992_Annular,120,None_MSE_Method_Assumed_Zenith,4.609346930879142,0.036352,76.56413232733604,11.061548240886603,0.0,87.62568056822265,0.0,0.8130890197053865,DeepLabV3+_Xception65_ADE20K,C:\Users\pandya\OneDrive - UCL\Field experiment raw data\Complete Participantwise data\Final Data\ucm\P9\WalkG\ucm\CamUp\cam_20250806_114134.jpg,C:\Users\pandya\Documents\Github\docker\Paper3_Analysis\output\SVF Output\P9\WalkG\CamUp_SVF\cam_20250806_114134_svf.jpg,True,50.81166541,4.37011689,,,,,,,,,,,,,,,
P9,WalkG,cam_20250806_114135.jpg,2025-08-06 11:41:35,CamUp,neginja_MSE_SkyViewFactor_reference_table,"24,25,25,26,26,27,27,29,29,32,32,36,36,40,41,43,44",9d4c5f0c12889fb034103b01efa54b21690d648acad08c427f81fc6d33241e03,b677f291bd6311850d8cb19c1c51cfff76b3a1e2deece82b67687ca72a30d9f8,REFERENCE_OR_CUSTOM_TABLE_NOT_MARKED_LENS_VERIFIED,542.0,240.0,240.0,True,Holmer_1992_Annular,120,None_MSE_Method_Assumed_Zenith,7.400713042036315,0.066811,71.58555122571373,12.196888041345384,0.0,83.78243926705912,0.0,0.1310007462067822,DeepLabV3+_Xception65_ADE20K,C:\Users\pandya\OneDrive - UCL\Field experiment raw data\Complete Participantwise data\Final Data\ucm\P9\WalkG\ucm\CamUp\cam_20250806_114135.jpg,C:\Users\pandya\Documents\Github\docker\Paper3_Analysis\output\SVF Output\P9\WalkG\CamUp_SVF\cam_20250806_114135_svf.jpg,True,50.81165498,4.37012275,,,,,,,,,,,,,,,
P9,WalkG,cam_20250806_114136.jpg,2025-08-06 11:41:36,CamUp,neginja_MSE_SkyViewFactor_reference_table,"24,25,25,26,26,27,27,29,29,32,32,36,36,40,41,43,44",9d4c5f0c12889fb034103b01efa54b21690d648acad08c427f81fc6d33241e03,b677f291bd6311850d8cb19c1c51cfff76b3a1e2deece82b67687ca72a30d9f8,REFERENCE_OR_CUSTOM_TABLE_NOT_MARKED_LENS_VERIFIED,542.0,240.0,240.0,True,Holmer_1992_Annular,120,None_MSE_Method_Assumed_Zenith,6.8159080231047735,0.073724,72.52411353398006,15.10764723765304,0.0,87.6317607716331,0.0,0.0165823729375673,DeepLabV3+_Xception65_ADE20K,C:\Users\pandya\OneDrive - UCL\Field experiment raw data\Complete Participantwise data\Final Data\ucm\P9\WalkG\ucm\CamUp\cam_20250806_114136.jpg,C:\Users\pandya\Documents\Github\docker\Paper3_Analysis\output\SVF Output\P9\WalkG\CamUp_SVF\cam_20250806_114136_svf.jpg,True,50.81165498,4.37012275,,,,,,,,,,,,,,,
P9,WalkG,cam_20250806_114137.jpg,2025-08-06 11:41:37,CamUp,neginja_MSE_SkyViewFactor_reference_table,"24,25,25,26,26,27,27,29,29,32,32,36,36,40,41,43,44",9d4c5f0c12889fb034103b01efa54b21690d648acad08c427f81fc6d33241e03,b677f291bd6311850d8cb19c1c51cfff76b3a1e2deece82b67687ca72a30d9f8,REFERENCE_OR_CUSTOM_TABLE_NOT_MARKED_LENS_VERIFIED,542.0,240.0,240.0,True,Holmer_1992_Annular,120,None_MSE_Method_Assumed_Zenith,8.947295691346765,0.09148,45.41856673023243,37.05828704087555,0.0,82.47685377110798,0.0,0.0165823729375673,DeepLabV3+_Xception65_ADE20K,C:\Users\pandya\OneDrive - UCL\Field experiment raw data\Complete Participantwise data\Final Data\ucm\P9\WalkG\ucm\CamUp\cam_20250806_114137.jpg,C:\Users\pandya\Documents\Github\docker\Paper3_Analysis\output\SVF Output\P9\WalkG\CamUp_SVF\cam_20250806_114137_svf.jpg,True,50.81163307,4.37012244,,,,,,,,,,,,,,,
P9,WalkG,cam_20250806_114138.jpg,2025-08-06 11:41:38,CamUp,neginja_MSE_SkyViewFactor_reference_table,"24,25,25,26,26,27,27,29,29,32,32,36,36,40,41,43,44",9d4c5f0c12889fb034103b01efa54b21690d648acad08c427f81fc6d33241e03,b677f291bd6311850d8cb19c1c51cfff76b3a1e2deece82b67687ca72a30d9f8,REFERENCE_OR_CUSTOM_TABLE_NOT_MARKED_LENS_VERIFIED,542.0,240.0,240.0,True,Holmer_1992_Annular,120,None_MSE_Method_Assumed_Zenith,7.96396097614902,0.090408,80.15642705137772,5.853024901196695,0.0,86.00945195257441,0.0,1.1193101732857973,DeepLabV3+_Xception65_ADE20K,C:\Users\pandya\OneDrive - UCL\Field experiment raw data\Complete Participantwise data\Final Data\ucm\P9\WalkG\ucm\CamUp\cam_20250806_114138.jpg,C:\Users\pandya\Documents\Github\docker\Paper3_Analysis\output\SVF Output\P9\WalkG\CamUp_SVF\cam_20250806_114138_svf.jpg,True,50.81163307,4.37012244,,,,,,,,,,,,,,,
P9,WalkG,cam_20250806_114139.jpg,2025-08-06 11:41:39,CamUp,neginja_MSE_SkyViewFactor_reference_table,"24,25,25,26,26,27,27,29,29,32,32,36,36,40,41,43,44",9d4c5f0c12889fb034103b01efa54b21690d648acad08c427f81fc6d33241e03,b677f291bd6311850d8cb19c1c51cfff76b3a1e2deece82b67687ca72a30d9f8,REFERENCE_OR_CUSTOM_TABLE_NOT_MARKED_LENS_VERIFIED,542.0,240.0,240.0,True,Holmer_1992_Annular,120,None_MSE_Method_Assumed_Zenith,11.372744106348286,0.095386,80.24044440759472,5.14716855982091,0.0,85.38761296741563,0.0,0.0,DeepLabV3+_Xception65_ADE20K,C:\Users\pandya\OneDrive - UCL\Field experiment raw data\Complete Participantwise data\Final Data\ucm\P9\WalkG\ucm\CamUp\cam_20250806_114139.jpg,C:\Users\pandya\Documents\Github\docker\Paper3_Analysis\output\SVF Output\P9\WalkG\CamUp_SVF\cam_20250806_114139_svf.jpg,True,50.81160626,4.37011653,,,,,,,,,,,,,,,
P9,WalkG,cam_20250806_114140.jpg,2025-08-06 11:41:40,CamUp,neginja_MSE_SkyViewFactor_reference_table,"24,25,25,26,26,27,27,29,29,32,32,36,36,40,41,43,44",9d4c5f0c12889fb034103b01efa54b21690d648acad08c427f81fc6d33241e03,b677f291bd6311850d8cb19c1c51cfff76b3a1e2deece82b67687ca72a30d9f8,REFERENCE_OR_CUSTOM_TABLE_NOT_MARKED_LENS_VERIFIED,542.0,240.0,240.0,True,Holmer_1992_Annular,120,None_MSE_Method_Assumed_Zenith,6.876157311444602,0.094558,83.42536550313683,4.70718293121079,0.0,88.13254843434763,0.0,1.124837630931653,DeepLabV3+_Xception65_ADE20K,C:\Users\pandya\OneDrive - UCL\Field experiment raw data\Complete Participantwise data\Final Data\ucm\P9\WalkG\ucm\CamUp\cam_20250806_114140.jpg,C:\Users\pandya\Documents\Github\docker\Paper3_Analysis\output\SVF Output\P9\WalkG\CamUp_SVF\cam_20250806_114140_svf.jpg,True,50.811595,4.37012163,,,,,,,,,,,,,,,
P9,WalkG,cam_20250806_114141.jpg,2025-08-06 11:41:41,CamUp,neginja_MSE_SkyViewFactor_reference_table,"24,25,25,26,26,27,27,29,29,32,32,36,36,40,41,43,44",9d4c5f0c12889fb034103b01efa54b21690d648acad08c427f81fc6d33241e03,b677f291bd6311850d8cb19c1c51cfff76b3a1e2deece82b67687ca72a30d9f8,REFERENCE_OR_CUSTOM_TABLE_NOT_MARKED_LENS_VERIFIED,542.0,240.0,240.0,True,Holmer_1992_Annular,120,None_MSE_Method_Assumed_Zenith,16.71282093800956,0.208703,26.754000497471186,47.4819666694304,0.0,74.23596716690159,0.0,0.0071856949396125,DeepLabV3+_Xception65_ADE20K,C:\Users\pandya\OneDrive - UCL\Field experiment raw data\Complete Participantwise data\Final Data\ucm\P9\WalkG\ucm\CamUp\cam_20250806_114141.jpg,C:\Users\pandya\Documents\Github\docker\Paper3_Analysis\output\SVF Output\P9\WalkG\CamUp_SVF\cam_20250806_114141_svf.jpg,True,50.81158364,4.37012349,,,,,,,,,,,,,,,
P9,WalkG,cam_20250806_114142.jpg,2025-08-06 11:41:42,CamUp,neginja_MSE_SkyViewFactor_reference_table,"24,25,25,26,26,27,27,29,29,32,32,36,36,40,41,43,44",9d4c5f0c12889fb034103b01efa54b21690d648acad08c427f81fc6d33241e03,b677f291bd6311850d8cb19c1c51cfff76b3a1e2deece82b67687ca72a30d9f8,REFERENCE_OR_CUSTOM_TABLE_NOT_MARKED_LENS_VERIFIED,542.0,240.0,240.0,True,Holmer_1992_Annular,120,None_MSE_Method_Assumed_Zenith,11.82102092142719,0.198236,84.6187436088771,0.0005527457645855,0.0,84.61929635464168,0.0,0.0856755935107647,DeepLabV3+_Xception65_ADE20K,C:\Users\pandya\OneDrive - UCL\Field experiment raw data\Complete Participantwise data\Final Data\ucm\P9\WalkG\ucm\CamUp\cam_20250806_114142.jpg,C:\Users\pandya\Documents\Github\docker\Paper3_Analysis\output\SVF Output\P9\WalkG\CamUp_SVF\cam_20250806_114142_svf.jpg,True,50.81157091,4.37010628,,,,,,,,,,,,,,,
P9,WalkG,cam_20250806_114143.jpg,2025-08-06 11:41:43,CamUp,neginja_MSE_SkyViewFactor_reference_table,"24,25,25,26,26,27,27,29,29,32,32,36,36,40,41,43,44",9d4c5f0c12889fb034103b01efa54b21690d648acad08c427f81fc6d33241e03,b677f291bd6311850d8cb19c1c51cfff76b3a1e2deece82b67687ca72a30d9f8,REFERENCE_OR_CUSTOM_TABLE_NOT_MARKED_LENS_VERIFIED,542.0,240.0,240.0,True,Holmer_1992_Annular,120,None_MSE_Method_Assumed_Zenith,15.88314954536661,0.219926,80.6400795953901,0.0,0.0,80.6400795953901,0.0,0.0,DeepLabV3+_Xception65_ADE20K,C:\Users\pandya\OneDrive - UCL\Field experiment raw data\Complete Participantwise data\Final Data\ucm\P9\WalkG\ucm\CamUp\cam_20250806_114143.jpg,C:\Users\pandya\Documents\Github\docker\Paper3_Analysis\output\SVF Output\P9\WalkG\CamUp_SVF\cam_20250806_114143_svf.jpg,True,50.81155757,4.37010866,,,,,,,,,,,,,,,
P9,WalkG,cam_20250806_114144.jpg,2025-08-06 11:41:44,CamUp,neginja_MSE_SkyViewFactor_reference_table,"24,25,25,26,26,27,27,29,29,32,32,36,36,40,41,43,44",9d4c5f0c12889fb034103b01efa54b21690d648acad08c427f81fc6d33241e03,b677f291bd6311850d8cb19c1c51cfff76b3a1e2deece82b67687ca72a30d9f8,REFERENCE_OR_CUSTOM_TABLE_NOT_MARKED_LENS_VERIFIED,542.0,240.0,240.0,True,Holmer_1992_Annular,120,None_MSE_Method_Assumed_Zenith,13.258159909349695,0.219838,82.5487107205041,0.0016582372937567,0.0,82.55036895779786,0.0,0.0624602713981704,DeepLabV3+_Xception65_ADE20K,C:\Users\pandya\OneDrive - UCL\Field experiment raw data\Complete Participantwise data\Final Data\ucm\P9\WalkG\ucm\CamUp\cam_20250806_114144.jpg,C:\Users\pandya\Documents\Github\docker\Paper3_Analysis\output\SVF Output\P9\WalkG\CamUp_SVF\cam_20250806_114144_svf.jpg,True,50.81154575,4.37011688,,,,,,,,,,,,,,,
P9,WalkG,cam_20250806_114145.jpg,2025-08-06 11:41:45,CamUp,neginja_MSE_SkyViewFactor_reference_table,"24,25,25,26,26,27,27,29,29,32,32,36,36,40,41,43,44",9d4c5f0c12889fb034103b01efa54b21690d648acad08c427f81fc6d33241e03,b677f291bd6311850d8cb19c1c51cfff76b3a1e2deece82b67687ca72a30d9f8,REFERENCE_OR_CUSTOM_TABLE_NOT_MARKED_LENS_VERIFIED,542.0,240.0,240.0,True,Holmer_1992_Annular,120,None_MSE_Method_Assumed_Zenith,16.935024735372963,0.234259,80.77716054500732,0.0077384407041981,0.0,80.78489898571152,0.0,0.0309537628167924,DeepLabV3+_Xception65_ADE20K,C:\Users\pandya\OneDrive - UCL\Field experiment raw data\Complete Participantwise data\Final Data\ucm\P9\WalkG\ucm\CamUp\cam_20250806_114145.jpg,C:\Users\pandya\Documents\Github\docker\Paper3_Analysis\output\SVF Output\P9\WalkG\CamUp_SVF\cam_20250806_114145_svf.jpg,True,50.81153605,4.37013562,,,,,,,,,,,,,,,
P9,WalkG,cam_20250806_114146.jpg,2025-08-06 11:41:46,CamUp,neginja_MSE_SkyViewFactor_reference_table,"24,25,25,26,26,27,27,29,29,32,32,36,36,40,41,43,44",9d4c5f0c12889fb034103b01efa54b21690d648acad08c427f81fc6d33241e03,b677f291bd6311850d8cb19c1c51cfff76b3a1e2deece82b67687ca72a30d9f8,REFERENCE_OR_CUSTOM_TABLE_NOT_MARKED_LENS_VERIFIED,542.0,240.0,240.0,True,Holmer_1992_Annular,120,None_MSE_Method_Assumed_Zenith,14.71132852444518,0.238693,84.19976231932122,0.0,0.0,84.19976231932122,0.0,0.1973302379570516,DeepLabV3+_Xception65_ADE20K,C:\Users\pandya\OneDrive - UCL\Field experiment raw data\Complete Participantwise data\Final Data\ucm\P9\WalkG\ucm\CamUp\cam_20250806_114146.jpg,C:\Users\pandya\Documents\Github\docker\Paper3_Analysis\output\SVF Output\P9\WalkG\CamUp_SVF\cam_20250806_114146_svf.jpg,True,50.81153605,4.37013562,,,,,,,,,,,,,,,
P9,WalkG,cam_20250806_114147.jpg,2025-08-06 11:41:47,CamUp,neginja_MSE_SkyViewFactor_reference_table,"24,25,25,26,26,27,27,29,29,32,32,36,36,40,41,43,44",9d4c5f0c12889fb034103b01efa54b21690d648acad08c427f81fc6d33241e03,b677f291bd6311850d8cb19c1c51cfff76b3a1e2deece82b67687ca72a30d9f8,REFERENCE_OR_CUSTOM_TABLE_NOT_MARKED_LENS_VERIFIED,542.0,240.0,240.0,True,Holmer_1992_Annular,120,None_MSE_Method_Assumed_Zenith,13.637896249619988,0.229506,84.34900367575933,0.0,0.0,84.34900367575933,0.0,0.2310477295967719,DeepLabV3+_Xception65_ADE20K,C:\Users\pandya\OneDrive - UCL\Field experiment raw data\Complete Participantwise data\Final Data\ucm\P9\WalkG\ucm\CamUp\cam_20250806_114147.jpg,C:\Users\pandya\Documents\Github\docker\Paper3_Analysis\output\SVF Output\P9\WalkG\CamUp_SVF\cam_20250806_114147_svf.jpg,True,50.81151497,4.37015417,,,,,,,,,,,,,,,
P9,WalkG,cam_20250806_114148.jpg,2025-08-06 11:41:48,CamUp,neginja_MSE_SkyViewFactor_reference_table,"24,25,25,26,26,27,27,29,29,32,32,36,36,40,41,43,44",9d4c5f0c12889fb034103b01efa54b21690d648acad08c427f81fc6d33241e03,b677f291bd6311850d8cb19c1c51cfff76b3a1e2deece82b67687ca72a30d9f8,REFERENCE_OR_CUSTOM_TABLE_NOT_MARKED_LENS_VERIFIED,542.0,240.0,240.0,True,Holmer_1992_Annular,120,None_MSE_Method_Assumed_Zenith,14.12154879363237,0.225906,82.92568333195148,0.0160296271729817,0.0,82.94171295912446,0.0,0.1083381698587734,DeepLabV3+_Xception65_ADE20K,C:\Users\pandya\OneDrive - UCL\Field experiment raw data\Complete Participantwise data\Final Data\ucm\P9\WalkG\ucm\CamUp\cam_20250806_114148.jpg,C:\Users\pandya\Documents\Github\docker\Paper3_Analysis\output\SVF Output\P9\WalkG\CamUp_SVF\cam_20250806_114148_svf.jpg,True,50.81151497,4.37015417,,,,,,,,,,,,,,,
P9,WalkG,cam_20250806_114149.jpg,2025-08-06 11:41:49,CamUp,neginja_MSE_SkyViewFactor_reference_table,"24,25,25,26,26,27,27,29,29,32,32,36,36,40,41,43,44",9d4c5f0c12889fb034103b01efa54b21690d648acad08c427f81fc6d33241e03,b677f291bd6311850d8cb19c1c51cfff76b3a1e2deece82b67687ca72a30d9f8,REFERENCE_OR_CUSTOM_TABLE_NOT_MARKED_LENS_VERIFIED,542.0,240.0,240.0,True,Holmer_1992_Annular,120,None_MSE_Method_Assumed_Zenith,13.069673603626011,0.223946,81.87104441312218,0.1647182378465025,0.0,82.03576265096868,0.0,0.6317884089213166,DeepLabV3+_Xception65_ADE20K,C:\Users\pandya\OneDrive - UCL\Field experiment raw data\Complete Participantwise data\Final Data\ucm\P9\WalkG\ucm\CamUp\cam_20250806_114149.jpg,C:\Users\pandya\Documents\Github\docker\Paper3_Analysis\output\SVF Output\P9\WalkG\CamUp_SVF\cam_20250806_114149_svf.jpg,True,50.81149343,4.3701646,,,,,,,,,,,,,,,
P9,WalkG,cam_20250806_114150.jpg,2025-08-06 11:41:50,CamUp,neginja_MSE_SkyViewFactor_reference_table,"24,25,25,26,26,27,27,29,29,32,32,36,36,40,41,43,44",9d4c5f0c12889fb034103b01efa54b21690d648acad08c427f81fc6d33241e03,b677f291bd6311850d8cb19c1c51cfff76b3a1e2deece82b67687ca72a30d9f8,REFERENCE_OR_CUSTOM_TABLE_NOT_MARKED_LENS_VERIFIED,542.0,240.0,240.0,True,Holmer_1992_Annular,120,None_MSE_Method_Assumed_Zenith,13.467097808363045,0.23696,83.75369648730067,0.0,0.0132658983500538,83.76696238565073,0.0,0.6710333582068928,DeepLabV3+_Xception65_ADE20K,C:\Users\pandya\OneDrive - UCL\Field experiment raw data\Complete Participantwise data\Final Data\ucm\P9\WalkG\ucm\CamUp\cam_20250806_114150.jpg,C:\Users\pandya\Documents\Github\docker\Paper3_Analysis\output\SVF Output\P9\WalkG\CamUp_SVF\cam_20250806_114150_svf.jpg,True,50.81149343,4.3701646,,,,,,,,,,,,,,,
P9,WalkG,cam_20250806_114151.jpg,2025-08-06 11:41:51,CamUp,neginja_MSE_SkyViewFactor_reference_table,"24,25,25,26,26,27,27,29,29,32,32,36,36,40,41,43,44",9d4c5f0c12889fb034103b01efa54b21690d648acad08c427f81fc6d33241e03,b677f291bd6311850d8cb19c1c51cfff76b3a1e2deece82b67687ca72a30d9f8,REFERENCE_OR_CUSTOM_TABLE_NOT_MARKED_LENS_VERIFIED,542.0,240.0,240.0,True,Holmer_1992_Annular,120,None_MSE_Method_Assumed_Zenith,13.27142580769975,0.231791,80.76057817206976,0.0,0.0,80.76057817206976,0.0,1.2768427161926872,DeepLabV3+_Xception65_ADE20K,C:\Users\pandya\OneDrive - UCL\Field experiment raw data\Complete Participantwise data\Final Data\ucm\P9\WalkG\ucm\CamUp\cam_20250806_114151.jpg,C:\Users\pandya\Documents\Github\docker\Paper3_Analysis\output\SVF Output\P9\WalkG\CamUp_SVF\cam_20250806_114151_svf.jpg,True,50.81148226,4.37016927,,,,,,,,,,,,,,,
P9,WalkG,cam_20250806_114152.jpg,2025-08-06 11:41:52,CamUp,neginja_MSE_SkyViewFactor_reference_table,"24,25,25,26,26,27,27,29,29,32,32,36,36,40,41,43,44",9d4c5f0c12889fb034103b01efa54b21690d648acad08c427f81fc6d33241e03,b677f291bd6311850d8cb19c1c51cfff76b3a1e2deece82b67687ca72a30d9f8,REFERENCE_OR_CUSTOM_TABLE_NOT_MARKED_LENS_VERIFIED,542.0,240.0,240.0,True,Holmer_1992_Annular,120,None_MSE_Method_Assumed_Zenith,11.713235497333002,0.179839,84.7143686261504,0.1779841361965564,0.0,84.89235276234696,0.0,0.0060802034104413,DeepLabV3+_Xception65_ADE20K,C:\Users\pandya\OneDrive - UCL\Field experiment raw data\Complete Participantwise data\Final Data\ucm\P9\WalkG\ucm\CamUp\cam_20250806_114152.jpg,C:\Users\pandya\Documents\Github\docker\Paper3_Analysis\output\SVF Output\P9\WalkG\CamUp_SVF\cam_20250806_114152_svf.jpg,True,50.81146297,4.3701761,,,,,,,,,,,,,,,
P9,WalkG,cam_20250806_114153.jpg,2025-08-06 11:41:53,CamUp,neginja_MSE_SkyViewFactor_reference_table,"24,25,25,26,26,27,27,29,29,32,32,36,36,40,41,43,44",9d4c5f0c12889fb034103b01efa54b21690d648acad08c427f81fc6d33241e03,b677f291bd6311850d8cb19c1c51cfff76b3a1e2deece82b67687ca72a30d9f8,REFERENCE_OR_CUSTOM_TABLE_NOT_MARKED_LENS_VERIFIED,542.0,240.0,240.0,True,Holmer_1992_Annular,120,None_MSE_Method_Assumed_Zenith,11.761324378851947,0.180499,80.31561783157836,2.0888262443689025,0.0,82.40444407594727,0.0,0.2868750518199154,DeepLabV3+_Xception65_ADE20K,C:\Users\pandya\OneDrive - UCL\Field experiment raw data\Complete Participantwise data\Final Data\ucm\P9\WalkG\ucm\CamUp\cam_20250806_114153.jpg,C:\Users\pandya\Documents\Github\docker\Paper3_Analysis\output\SVF Output\P9\WalkG\CamUp_SVF\cam_20250806_114153_svf.jpg,True,50.81146297,4.3701761,,,,,,,,,,,,,,,
P9,WalkG,cam_20250806_114154.jpg,2025-08-06 11:41:54,CamUp,neginja_MSE_SkyViewFactor_reference_table,"24,25,25,26,26,27,27,29,29,32,32,36,36,40,41,43,44",9d4c5f0c12889fb034103b01efa54b21690d648acad08c427f81fc6d33241e03,b677f291bd6311850d8cb19c1c51cfff76b3a1e2deece82b67687ca72a30d9f8,REFERENCE_OR_CUSTOM_TABLE_NOT_MARKED_LENS_VERIFIED,542.0,240.0,240.0,True,Holmer_1992_Annular,120,None_MSE_Method_Assumed_Zenith,10.783517121300058,0.176123,81.97938258298095,0.637868612331758,0.0,82.6172511953127,0.0,0.270292678882348,DeepLabV3+_Xception65_ADE20K,C:\Users\pandya\OneDrive - UCL\Field experiment raw data\Complete Participantwise data\Final Data\ucm\P9\WalkG\ucm\CamUp\cam_20250806_114154.jpg,C:\Users\pandya\Documents\Github\docker\Paper3_Analysis\output\SVF Output\P9\WalkG\CamUp_SVF\cam_20250806_114154_svf.jpg,True,50.81144585,4.37018618,,,,,,,,,,,,,,,
P9,WalkG,cam_20250806_114155.jpg,2025-08-06 11:41:55,CamUp,neginja_MSE_SkyViewFactor_reference_table,"24,25,25,26,26,27,27,29,29,32,32,36,36,40,41,43,44",9d4c5f0c12889fb034103b01efa54b21690d648acad08c427f81fc6d33241e03,b677f291bd6311850d8cb19c1c51cfff76b3a1e2deece82b67687ca72a30d9f8,REFERENCE_OR_CUSTOM_TABLE_NOT_MARKED_LENS_VERIFIED,542.0,240.0,240.0,True,Holmer_1992_Annular,120,None_MSE_Method_Assumed_Zenith,10.826078545173146,0.166226,84.82657601636127,1.0120774949561948,0.0,85.83865351131746,0.0,0.3825000690932206,DeepLabV3+_Xception65_ADE20K,C:\Users\pandya\OneDrive - UCL\Field experiment raw data\Complete Participantwise data\Final Data\ucm\P9\WalkG\ucm\CamUp\cam_20250806_114155.jpg,C:\Users\pandya\Documents\Github\docker\Paper3_Analysis\output\SVF Output\P9\WalkG\CamUp_SVF\cam_20250806_114155_svf.jpg,True,50.81143372,4.37018416,,,,,,,,,,,,,,,
P9,WalkG,cam_20250806_114156.jpg,2025-08-06 11:41:56,CamUp,neginja_MSE_SkyViewFactor_reference_table,"24,25,25,26,26,27,27,29,29,32,32,36,36,40,41,43,44",9d4c5f0c12889fb034103b01efa54b21690d648acad08c427f81fc6d33241e03,b677f291bd6311850d8cb19c1c51cfff76b3a1e2deece82b67687ca72a30d9f8,REFERENCE_OR_CUSTOM_TABLE_NOT_MARKED_LENS_VERIFIED,542.0,240.0,240.0,True,Holmer_1992_Annular,120,None_MSE_Method_Assumed_Zenith,13.873365945333443,0.185532,80.92861288450376,2.071138379902164,0.0,82.99975126440593,0.0,0.0,DeepLabV3+_Xception65_ADE20K,C:\Users\pandya\OneDrive - UCL\Field experiment raw data\Complete Participantwise data\Final Data\ucm\P9\WalkG\ucm\CamUp\cam_20250806_114156.jpg,C:\Users\pandya\Documents\Github\docker\Paper3_Analysis\output\SVF Output\P9\WalkG\CamUp_SVF\cam_20250806_114156_svf.jpg,True,50.81143372,4.37018416,,,,,,,,,,,,,,,
P9,WalkG,cam_20250806_114157.jpg,2025-08-06 11:41:57,CamUp,neginja_MSE_SkyViewFactor_reference_table,"24,25,25,26,26,27,27,29,29,32,32,36,36,40,41,43,44",9d4c5f0c12889fb034103b01efa54b21690d648acad08c427f81fc6d33241e03,b677f291bd6311850d8cb19c1c51cfff76b3a1e2deece82b67687ca72a30d9f8,REFERENCE_OR_CUSTOM_TABLE_NOT_MARKED_LENS_VERIFIED,542.0,240.0,240.0,True,Holmer_1992_Annular,120,None_MSE_Method_Assumed_Zenith,14.07401265787801,0.190999,28.943426470994662,51.47997678467788,0.0,80.42340325567255,0.0,0.0088439322333692,DeepLabV3+_Xception65_ADE20K,C:\Users\pandya\OneDrive - UCL\Field experiment raw data\Complete Participantwise data\Final Data\ucm\P9\WalkG\ucm\CamUp\cam_20250806_114157.jpg,C:\Users\pandya\Documents\Github\docker\Paper3_Analysis\output\SVF Output\P9\WalkG\CamUp_SVF\cam_20250806_114157_svf.jpg,True,50.81141083,4.37018321,,,,,,,,,,,,,,,
P9,WalkG,cam_20250806_114158.jpg,2025-08-06 11:41:58,CamUp,neginja_MSE_SkyViewFactor_reference_table,"24,25,25,26,26,27,27,29,29,32,32,36,36,40,41,43,44",9d4c5f0c12889fb034103b01efa54b21690d648acad08c427f81fc6d33241e03,b677f291bd6311850d8cb19c1c51cfff76b3a1e2deece82b67687ca72a30d9f8,REFERENCE_OR_CUSTOM_TABLE_NOT_MARKED_LENS_VERIFIED,542.0,240.0,240.0,True,Holmer_1992_Annular,120,None_MSE_Method_Assumed_Zenith,15.00262554238178,0.214716,7.792057043362906,68.51339026614708,0.0,76.30544730950999,0.0,0.2161235939529613,DeepLabV3+_Xception65_ADE20K,C:\Users\pandya\OneDrive - UCL\Field experiment raw data\Complete Participantwise data\Final Data\ucm\P9\WalkG\ucm\CamUp\cam_20250806_114158.jpg,C:\Users\pandya\Documents\Github\docker\Paper3_Analysis\output\SVF Output\P9\WalkG\CamUp_SVF\cam_20250806_114158_svf.jpg,True,50.81139761,4.37018139,,,,,,,,,,,,,,,
P9,WalkG,cam_20250806_114159.jpg,2025-08-06 11:41:59,CamUp,neginja_MSE_SkyViewFactor_reference_table,"24,25,25,26,26,27,27,29,29,32,32,36,36,40,41,43,44",9d4c5f0c12889fb034103b01efa54b21690d648acad08c427f81fc6d33241e03,b677f291bd6311850d8cb19c1c51cfff76b3a1e2deece82b67687ca72a30d9f8,REFERENCE_OR_CUSTOM_TABLE_NOT_MARKED_LENS_VERIFIED,542.0,240.0,240.0,True,Holmer_1992_Annular,120,None_MSE_Method_Assumed_Zenith,13.56382831716552,0.207545,76.35021971644143,6.510239615288947,0.0,82.86045933173038,0.0,0.0,DeepLabV3+_Xception65_ADE20K,C:\Users\pandya\OneDrive - UCL\Field experiment raw data\Complete Participantwise data\Final Data\ucm\P9\WalkG\ucm\CamUp\cam_20250806_114159.jpg,C:\Users\pandya\Documents\Github\docker\Paper3_Analysis\output\SVF Output\P9\WalkG\CamUp_SVF\cam_20250806_114159_svf.jpg,True,50.81139761,4.37018139,,,,,,,,,,,,,,,
P9,WalkG,cam_20250806_114200.jpg,2025-08-06 11:42:00,CamUp,neginja_MSE_SkyViewFactor_reference_table,"24,25,25,26,26,27,27,29,29,32,32,36,36,40,41,43,44",9d4c5f0c12889fb034103b01efa54b21690d648acad08c427f81fc6d33241e03,b677f291bd6311850d8cb19c1c51cfff76b3a1e2deece82b67687ca72a30d9f8,REFERENCE_OR_CUSTOM_TABLE_NOT_MARKED_LENS_VERIFIED,542.0,240.0,240.0,True,Holmer_1992_Annular,120,None_MSE_Method_Assumed_Zenith,17.103612193571564,0.266109,25.984025647403477,46.19738551253352,0.0,72.18141115993699,0.0,3.851532487632314,DeepLabV3+_Xception65_ADE20K,C:\Users\pandya\OneDrive - UCL\Field experiment raw data\Complete Participantwise data\Final Data\ucm\P9\WalkG\ucm\CamUp\cam_20250806_114200.jpg,C:\Users\pandya\Documents\Github\docker\Paper3_Analysis\output\SVF Output\P9\WalkG\CamUp_SVF\cam_20250806_114200_svf.jpg,True,50.81138519,4.37018359,,,,,,,,,,,,,,,
P9,WalkG,cam_20250806_114201.jpg,2025-08-06 11:42:01,CamUp,neginja_MSE_SkyViewFactor_reference_table,"24,25,25,26,26,27,27,29,29,32,32,36,36,40,41,43,44",9d4c5f0c12889fb034103b01efa54b21690d648acad08c427f81fc6d33241e03,b677f291bd6311850d8cb19c1c51cfff76b3a1e2deece82b67687ca72a30d9f8,REFERENCE_OR_CUSTOM_TABLE_NOT_MARKED_LENS_VERIFIED,542.0,240.0,240.0,True,Holmer_1992_Annular,120,None_MSE_Method_Assumed_Zenith,18.784512063676317,0.292294,74.19230025149932,0.4455130862559766,0.0,74.63781333775529,0.0,1.4172401403974242,DeepLabV3+_Xception65_ADE20K,C:\Users\pandya\OneDrive - UCL\Field experiment raw data\Complete Participantwise data\Final Data\ucm\P9\WalkG\ucm\CamUp\cam_20250806_114201.jpg,C:\Users\pandya\Documents\Github\docker\Paper3_Analysis\output\SVF Output\P9\WalkG\CamUp_SVF\cam_20250806_114201_svf.jpg,True,50.81135921,4.37017826,,,,,,,,,,,,,,,
P9,WalkG,cam_20250806_114202.jpg,2025-08-06 11:42:02,CamUp,neginja_MSE_SkyViewFactor_reference_table,"24,25,25,26,26,27,27,29,29,32,32,36,36,40,41,43,44",9d4c5f0c12889fb034103b01efa54b21690d648acad08c427f81fc6d33241e03,b677f291bd6311850d8cb19c1c51cfff76b3a1e2deece82b67687ca72a30d9f8,REFERENCE_OR_CUSTOM_TABLE_NOT_MARKED_LENS_VERIFIED,542.0,240.0,240.0,True,Holmer_1992_Annular,120,None_MSE_Method_Assumed_Zenith,17.201448193903214,0.302552,78.55291158831496,2.734433297404858,0.0,81.28734488571982,0.0,0.0154768814083962,DeepLabV3+_Xception65_ADE20K,C:\Users\pandya\OneDrive - UCL\Field experiment raw data\Complete Participantwise data\Final Data\ucm\P9\WalkG\ucm\CamUp\cam_20250806_114202.jpg,C:\Users\pandya\Documents\Github\docker\Paper3_Analysis\output\SVF Output\P9\WalkG\CamUp_SVF\cam_20250806_114202_svf.jpg,True,50.81134939,4.37019027,,,,,,,,,,,,,,,
P9,WalkG,cam_20250806_114203.jpg,2025-08-06 11:42:03,CamUp,neginja_MSE_SkyViewFactor_reference_table,"24,25,25,26,26,27,27,29,29,32,32,36,36,40,41,43,44",9d4c5f0c12889fb034103b01efa54b21690d648acad08c427f81fc6d33241e03,b677f291bd6311850d8cb19c1c51cfff76b3a1e2deece82b67687ca72a30d9f8,REFERENCE_OR_CUSTOM_TABLE_NOT_MARKED_LENS_VERIFIED,542.0,240.0,240.0,True,Holmer_1992_Annular,120,None_MSE_Method_Assumed_Zenith,18.23453002791366,0.324075,79.6584031174861,0.0,0.0,79.6584031174861,0.0,0.0,DeepLabV3+_Xception65_ADE20K,C:\Users\pandya\OneDrive - UCL\Field experiment raw data\Complete Participantwise data\Final Data\ucm\P9\WalkG\ucm\CamUp\cam_20250806_114203.jpg,C:\Users\pandya\Documents\Github\docker\Paper3_Analysis\output\SVF Output\P9\WalkG\CamUp_SVF\cam_20250806_114203_svf.jpg,True,50.81134939,4.37019027,,,,,,,,,,,,,,,
P9,WalkG,cam_20250806_114204.jpg,2025-08-06 11:42:04,CamUp,neginja_MSE_SkyViewFactor_reference_table,"24,25,25,26,26,27,27,29,29,32,32,36,36,40,41,43,44",9d4c5f0c12889fb034103b01efa54b21690d648acad08c427f81fc6d33241e03,b677f291bd6311850d8cb19c1c51cfff76b3a1e2deece82b67687ca72a30d9f8,REFERENCE_OR_CUSTOM_TABLE_NOT_MARKED_LENS_VERIFIED,542.0,240.0,240.0,True,Holmer_1992_Annular,120,None_MSE_Method_Assumed_Zenith,19.806538982395047,0.33139,77.20365917696157,0.0,0.0,77.20365917696157,0.0,0.0,DeepLabV3+_Xception65_ADE20K,C:\Users\pandya\OneDrive - UCL\Field experiment raw data\Complete Participantwise data\Final Data\ucm\P9\WalkG\ucm\CamUp\cam_20250806_114204.jpg,C:\Users\pandya\Documents\Github\docker\Paper3_Analysis\output\SVF Output\P9\WalkG\CamUp_SVF\cam_20250806_114204_svf.jpg,True,50.81133078,4.37021105,,,,,,,,,,,,,,,
P9,WalkG,cam_20250806_114205.jpg,2025-08-06 11:42:05,CamUp,neginja_MSE_SkyViewFactor_reference_table,"24,25,25,26,26,27,27,29,29,32,32,36,36,40,41,43,44",9d4c5f0c12889fb034103b01efa54b21690d648acad08c427f81fc6d33241e03,b677f291bd6311850d8cb19c1c51cfff76b3a1e2deece82b67687ca72a30d9f8,REFERENCE_OR_CUSTOM_TABLE_NOT_MARKED_LENS_VERIFIED,542.0,240.0,240.0,True,Holmer_1992_Annular,120,None_MSE_Method_Assumed_Zenith,20.424508747201724,0.330852,75.85551225713732,1.838985158776221,0.0,77.69449741591355,0.0,0.0022109830583423,DeepLabV3+_Xception65_ADE20K,C:\Users\pandya\OneDrive - UCL\Field experiment raw data\Complete Participantwise data\Final Data\ucm\P9\WalkG\ucm\CamUp\cam_20250806_114205.jpg,C:\Users\pandya\Documents\Github\docker\Paper3_Analysis\output\SVF Output\P9\WalkG\CamUp_SVF\cam_20250806_114205_svf.jpg,True,50.81131941,4.37021573,,,,,,,,,,,,,,,
P9,WalkG,cam_20250806_114206.jpg,2025-08-06 11:42:06,CamUp,neginja_MSE_SkyViewFactor_reference_table,"24,25,25,26,26,27,27,29,29,32,32,36,36,40,41,43,44",9d4c5f0c12889fb034103b01efa54b21690d648acad08c427f81fc6d33241e03,b677f291bd6311850d8cb19c1c51cfff76b3a1e2deece82b67687ca72a30d9f8,REFERENCE_OR_CUSTOM_TABLE_NOT_MARKED_LENS_VERIFIED,542.0,240.0,240.0,True,Holmer_1992_Annular,120,None_MSE_Method_Assumed_Zenith,15.322112594312246,0.236391,79.57217477821075,0.0,0.0,79.57217477821075,0.0,0.0,DeepLabV3+_Xception65_ADE20K,C:\Users\pandya\OneDrive - UCL\Field experiment raw data\Complete Participantwise data\Final Data\ucm\P9\WalkG\ucm\CamUp\cam_20250806_114206.jpg,C:\Users\pandya\Documents\Github\docker\Paper3_Analysis\output\SVF Output\P9\WalkG\CamUp_SVF\cam_20250806_114206_svf.jpg,True,50.81130836,4.37021745,,,,,,,,,,,,,,,
P9,WalkG,cam_20250806_114207.jpg,2025-08-06 11:42:07,CamUp,neginja_MSE_SkyViewFactor_reference_table,"24,25,25,26,26,27,27,29,29,32,32,36,36,40,41,43,44",9d4c5f0c12889fb034103b01efa54b21690d648acad08c427f81fc6d33241e03,b677f291bd6311850d8cb19c1c51cfff76b3a1e2deece82b67687ca72a30d9f8,REFERENCE_OR_CUSTOM_TABLE_NOT_MARKED_LENS_VERIFIED,542.0,240.0,240.0,True,Holmer_1992_Annular,120,None_MSE_Method_Assumed_Zenith,11.547411767957328,0.164043,86.73133792112317,0.0,0.0,86.73133792112317,0.0,0.4864162728353094,DeepLabV3+_Xception65_ADE20K,C:\Users\pandya\OneDrive - UCL\Field experiment raw data\Complete Participantwise data\Final Data\ucm\P9\WalkG\ucm\CamUp\cam_20250806_114207.jpg,C:\Users\pandya\Documents\Github\docker\Paper3_Analysis\output\SVF Output\P9\WalkG\CamUp_SVF\cam_20250806_114207_svf.jpg,True,50.81129559,4.37021893,,,,,,,,,,,,,,,
P9,WalkG,cam_20250806_114208.jpg,2025-08-06 11:42:08,CamUp,neginja_MSE_SkyViewFactor_reference_table,"24,25,25,26,26,27,27,29,29,32,32,36,36,40,41,43,44",9d4c5f0c12889fb034103b01efa54b21690d648acad08c427f81fc6d33241e03,b677f291bd6311850d8cb19c1c51cfff76b3a1e2deece82b67687ca72a30d9f8,REFERENCE_OR_CUSTOM_TABLE_NOT_MARKED_LENS_VERIFIED,542.0,240.0,240.0,True,Holmer_1992_Annular,120,None_MSE_Method_Assumed_Zenith,9.378437387723515,0.12759,90.45905535748832,0.0,0.0,90.45905535748832,0.0,0.0,DeepLabV3+_Xception65_ADE20K,C:\Users\pandya\OneDrive - UCL\Field experiment raw data\Complete Participantwise data\Final Data\ucm\P9\WalkG\ucm\CamUp\cam_20250806_114208.jpg,C:\Users\pandya\Documents\Github\docker\Paper3_Analysis\output\SVF Output\P9\WalkG\CamUp_SVF\cam_20250806_114208_svf.jpg,True,50.81128391,4.37022277,,,,,,,,,,,,,,,
P9,WalkG,cam_20250806_114209.jpg,2025-08-06 11:42:09,CamUp,neginja_MSE_SkyViewFactor_reference_table,"24,25,25,26,26,27,27,29,29,32,32,36,36,40,41,43,44",9d4c5f0c12889fb034103b01efa54b21690d648acad08c427f81fc6d33241e03,b677f291bd6311850d8cb19c1c51cfff76b3a1e2deece82b67687ca72a30d9f8,REFERENCE_OR_CUSTOM_TABLE_NOT_MARKED_LENS_VERIFIED,542.0,240.0,240.0,True,Holmer_1992_Annular,120,None_MSE_Method_Assumed_Zenith,8.449271757455158,0.114764,91.20581488544344,0.0,0.0,91.20581488544344,0.0,0.0,DeepLabV3+_Xception65_ADE20K,C:\Users\pandya\OneDrive - UCL\Field experiment raw data\Complete Participantwise data\Final Data\ucm\P9\WalkG\ucm\CamUp\cam_20250806_114209.jpg,C:\Users\pandya\Documents\Github\docker\Paper3_Analysis\output\SVF Output\P9\WalkG\CamUp_SVF\cam_20250806_114209_svf.jpg,True,50.81128391,4.37022277,,,,,,,,,,,,,,,
P9,WalkG,cam_20250806_114210.jpg,2025-08-06 11:42:10,CamUp,neginja_MSE_SkyViewFactor_reference_table,"24,25,25,26,26,27,27,29,29,32,32,36,36,40,41,43,44",9d4c5f0c12889fb034103b01efa54b21690d648acad08c427f81fc6d33241e03,b677f291bd6311850d8cb19c1c51cfff76b3a1e2deece82b67687ca72a30d9f8,REFERENCE_OR_CUSTOM_TABLE_NOT_MARKED_LENS_VERIFIED,542.0,240.0,240.0,True,Holmer_1992_Annular,120,None_MSE_Method_Assumed_Zenith,6.990575684713816,0.0859,92.3687919741315,0.0,0.0,92.3687919741315,0.0,0.2984827128762126,DeepLabV3+_Xception65_ADE20K,C:\Users\pandya\OneDrive - UCL\Field experiment raw data\Complete Participantwise data\Final Data\ucm\P9\WalkG\ucm\CamUp\cam_20250806_114210.jpg,C:\Users\pandya\Documents\Github\docker\Paper3_Analysis\output\SVF Output\P9\WalkG\CamUp_SVF\cam_20250806_114210_svf.jpg,True,50.81125807,4.37022486,,,,,,,,,,,,,,,
P9,WalkG,cam_20250806_114211.jpg,2025-08-06 11:42:11,CamUp,neginja_MSE_SkyViewFactor_reference_table,"24,25,25,26,26,27,27,29,29,32,32,36,36,40,41,43,44",9d4c5f0c12889fb034103b01efa54b21690d648acad08c427f81fc6d33241e03,b677f291bd6311850d8cb19c1c51cfff76b3a1e2deece82b67687ca72a30d9f8,REFERENCE_OR_CUSTOM_TABLE_NOT_MARKED_LENS_VERIFIED,542.0,240.0,240.0,True,Holmer_1992_Annular,120,None_MSE_Method_Assumed_Zenith,6.543957106928668,0.077927,93.05419672221764,0.0,0.0,93.05419672221764,0.0,0.34380786557223,DeepLabV3+_Xception65_ADE20K,C:\Users\pandya\OneDrive - UCL\Field experiment raw data\Complete Participantwise data\Final Data\ucm\P9\WalkG\ucm\CamUp\cam_20250806_114211.jpg,C:\Users\pandya\Documents\Github\docker\Paper3_Analysis\output\SVF Output\P9\WalkG\CamUp_SVF\cam_20250806_114211_svf.jpg,True,50.81125807,4.37022486,,,,,,,,,,,,,,,
P9,WalkG,cam_20250806_114212.jpg,2025-08-06 11:42:12,CamUp,neginja_MSE_SkyViewFactor_reference_table,"24,25,25,26,26,27,27,29,29,32,32,36,36,40,41,43,44",9d4c5f0c12889fb034103b01efa54b21690d648acad08c427f81fc6d33241e03,b677f291bd6311850d8cb19c1c51cfff76b3a1e2deece82b67687ca72a30d9f8,REFERENCE_OR_CUSTOM_TABLE_NOT_MARKED_LENS_VERIFIED,542.0,240.0,240.0,True,Holmer_1992_Annular,120,None_MSE_Method_Assumed_Zenith,7.229361855014786,0.084459,91.59273692065337,0.0,0.0,91.59273692065337,0.0,0.0309537628167924,DeepLabV3+_Xception65_ADE20K,C:\Users\pandya\OneDrive - UCL\Field experiment raw data\Complete Participantwise data\Final Data\ucm\P9\WalkG\ucm\CamUp\cam_20250806_114212.jpg,C:\Users\pandya\Documents\Github\docker\Paper3_Analysis\output\SVF Output\P9\WalkG\CamUp_SVF\cam_20250806_114212_svf.jpg,True,50.81123558,4.37022844,,,,,,,,,,,,,,,
P9,WalkG,cam_20250806_114213.jpg,2025-08-06 11:42:13,CamUp,neginja_MSE_SkyViewFactor_reference_table,"24,25,25,26,26,27,27,29,29,32,32,36,36,40,41,43,44",9d4c5f0c12889fb034103b01efa54b21690d648acad08c427f81fc6d33241e03,b677f291bd6311850d8cb19c1c51cfff76b3a1e2deece82b67687ca72a30d9f8,REFERENCE_OR_CUSTOM_TABLE_NOT_MARKED_LENS_VERIFIED,542.0,240.0,240.0,True,Holmer_1992_Annular,120,None_MSE_Method_Assumed_Zenith,6.643451344554073,0.082078,92.92982892518586,0.0,0.0,92.92982892518586,0.0,0.2454191194759969,DeepLabV3+_Xception65_ADE20K,C:\Users\pandya\OneDrive - UCL\Field experiment raw data\Complete Participantwise data\Final Data\ucm\P9\WalkG\ucm\CamUp\cam_20250806_114213.jpg,C:\Users\pandya\Documents\Github\docker\Paper3_Analysis\output\SVF Output\P9\WalkG\CamUp_SVF\cam_20250806_114213_svf.jpg,True,50.81122461,4.37021821,,,,,,,,,,,,,,,
P9,WalkG,cam_20250806_114214.jpg,2025-08-06 11:42:14,CamUp,neginja_MSE_SkyViewFactor_reference_table,"24,25,25,26,26,27,27,29,29,32,32,36,36,40,41,43,44",9d4c5f0c12889fb034103b01efa54b21690d648acad08c427f81fc6d33241e03,b677f291bd6311850d8cb19c1c51cfff76b3a1e2deece82b67687ca72a30d9f8,REFERENCE_OR_CUSTOM_TABLE_NOT_MARKED_LENS_VERIFIED,542.0,240.0,240.0,True,Holmer_1992_Annular,120,None_MSE_Method_Assumed_Zenith,6.145427410662466,0.087589,92.1128706851284,0.0,0.0,92.1128706851284,0.0,0.3626012215681397,DeepLabV3+_Xception65_ADE20K,C:\Users\pandya\OneDrive - UCL\Field experiment raw data\Complete Participantwise data\Final Data\ucm\P9\WalkG\ucm\CamUp\cam_20250806_114214.jpg,C:\Users\pandya\Documents\Github\docker\Paper3_Analysis\output\SVF Output\P9\WalkG\CamUp_SVF\cam_20250806_114214_svf.jpg,True,50.81122461,4.37021821,,,,,,,,,,,,,,,
P9,WalkG,cam_20250806_114215.jpg,2025-08-06 11:42:15,CamUp,neginja_MSE_SkyViewFactor_reference_table,"24,25,25,26,26,27,27,29,29,32,32,36,36,40,41,43,44",9d4c5f0c12889fb034103b01efa54b21690d648acad08c427f81fc6d33241e03,b677f291bd6311850d8cb19c1c51cfff76b3a1e2deece82b67687ca72a30d9f8,REFERENCE_OR_CUSTOM_TABLE_NOT_MARKED_LENS_VERIFIED,542.0,240.0,240.0,True,Holmer_1992_Annular,120,None_MSE_Method_Assumed_Zenith,5.818754663792388,0.085116,92.0620180747865,0.0,0.0016582372937567,92.06367631208025,0.0,0.0304010170522068,DeepLabV3+_Xception65_ADE20K,C:\Users\pandya\OneDrive - UCL\Field experiment raw data\Complete Participantwise data\Final Data\ucm\P9\WalkG\ucm\CamUp\cam_20250806_114215.jpg,C:\Users\pandya\Documents\Github\docker\Paper3_Analysis\output\SVF Output\P9\WalkG\CamUp_SVF\cam_20250806_114215_svf.jpg,True,50.81119961,4.37019479,,,,,,,,,,,,,,,
P9,WalkG,cam_20250806_114216.jpg,2025-08-06 11:42:16,CamUp,neginja_MSE_SkyViewFactor_reference_table,"24,25,25,26,26,27,27,29,29,32,32,36,36,40,41,43,44",9d4c5f0c12889fb034103b01efa54b21690d648acad08c427f81fc6d33241e03,b677f291bd6311850d8cb19c1c51cfff76b3a1e2deece82b67687ca72a30d9f8,REFERENCE_OR_CUSTOM_TABLE_NOT_MARKED_LENS_VERIFIED,542.0,240.0,240.0,True,Holmer_1992_Annular,120,None_MSE_Method_Assumed_Zenith,4.377193709753199,0.046013,94.519525744134,0.0464306442251886,0.0,94.56595638835915,0.0,0.0613547798689992,DeepLabV3+_Xception65_ADE20K,C:\Users\pandya\OneDrive - UCL\Field experiment raw data\Complete Participantwise data\Final Data\ucm\P9\WalkG\ucm\CamUp\cam_20250806_114216.jpg,C:\Users\pandya\Documents\Github\docker\Paper3_Analysis\output\SVF Output\P9\WalkG\CamUp_SVF\cam_20250806_114216_svf.jpg,True,50.81118973,4.37021443,,,,,,,,,,,,,,,
P9,WalkG,cam_20250806_114217.jpg,2025-08-06 11:42:17,CamUp,neginja_MSE_SkyViewFactor_reference_table,"24,25,25,26,26,27,27,29,29,32,32,36,36,40,41,43,44",9d4c5f0c12889fb034103b01efa54b21690d648acad08c427f81fc6d33241e03,b677f291bd6311850d8cb19c1c51cfff76b3a1e2deece82b67687ca72a30d9f8,REFERENCE_OR_CUSTOM_TABLE_NOT_MARKED_LENS_VERIFIED,542.0,240.0,240.0,True,Holmer_1992_Annular,120,None_MSE_Method_Assumed_Zenith,2.865434043611641,0.031206,96.05007876627144,0.0,0.0,96.05007876627144,0.0,0.2061741701904209,DeepLabV3+_Xception65_ADE20K,C:\Users\pandya\OneDrive - UCL\Field experiment raw data\Complete Participantwise data\Final Data\ucm\P9\WalkG\ucm\CamUp\cam_20250806_114217.jpg,C:\Users\pandya\Documents\Github\docker\Paper3_Analysis\output\SVF Output\P9\WalkG\CamUp_SVF\cam_20250806_114217_svf.jpg,True,50.81117789,4.37023038,,,,,,,,,,,,,,,
P9,WalkG,cam_20250806_114218.jpg,2025-08-06 11:42:18,CamUp,neginja_MSE_SkyViewFactor_reference_table,"24,25,25,26,26,27,27,29,29,32,32,36,36,40,41,43,44",9d4c5f0c12889fb034103b01efa54b21690d648acad08c427f81fc6d33241e03,b677f291bd6311850d8cb19c1c51cfff76b3a1e2deece82b67687ca72a30d9f8,REFERENCE_OR_CUSTOM_TABLE_NOT_MARKED_LENS_VERIFIED,542.0,240.0,240.0,True,Holmer_1992_Annular,120,None_MSE_Method_Assumed_Zenith,3.733244894011,0.045448,94.51731476107564,0.1216040682088273,0.0,94.63891882928446,0.0,0.0011054915291711,DeepLabV3+_Xception65_ADE20K,C:\Users\pandya\OneDrive - UCL\Field experiment raw data\Complete Participantwise data\Final Data\ucm\P9\WalkG\ucm\CamUp\cam_20250806_114218.jpg,C:\Users\pandya\Documents\Github\docker\Paper3_Analysis\output\SVF Output\P9\WalkG\CamUp_SVF\cam_20250806_114218_svf.jpg,True,50.8111668,4.37023178,,,,,,,,,,,,,,,
P9,WalkG,cam_20250806_114219.jpg,2025-08-06 11:42:19,CamUp,neginja_MSE_SkyViewFactor_reference_table,"24,25,25,26,26,27,27,29,29,32,32,36,36,40,41,43,44",9d4c5f0c12889fb034103b01efa54b21690d648acad08c427f81fc6d33241e03,b677f291bd6311850d8cb19c1c51cfff76b3a1e2deece82b67687ca72a30d9f8,REFERENCE_OR_CUSTOM_TABLE_NOT_MARKED_LENS_VERIFIED,542.0,240.0,240.0,True,Holmer_1992_Annular,120,None_MSE_Method_Assumed_Zenith,4.773512422961059,0.071507,93.32559489262914,0.0,0.0,93.32559489262914,0.0,0.2271785092446729,DeepLabV3+_Xception65_ADE20K,C:\Users\pandya\OneDrive - UCL\Field experiment raw data\Complete Participantwise data\Final Data\ucm\P9\WalkG\ucm\CamUp\cam_20250806_114219.jpg,C:\Users\pandya\Documents\Github\docker\Paper3_Analysis\output\SVF Output\P9\WalkG\CamUp_SVF\cam_20250806_114219_svf.jpg,True,50.8111668,4.37023178,,,,,,,,,,,,,,,
P9,WalkG,cam_20250806_114220.jpg,2025-08-06 11:42:20,CamUp,neginja_MSE_SkyViewFactor_reference_table,"24,25,25,26,26,27,27,29,29,32,32,36,36,40,41,43,44",9d4c5f0c12889fb034103b01efa54b21690d648acad08c427f81fc6d33241e03,b677f291bd6311850d8cb19c1c51cfff76b3a1e2deece82b67687ca72a30d9f8,REFERENCE_OR_CUSTOM_TABLE_NOT_MARKED_LENS_VERIFIED,542.0,240.0,240.0,True,Holmer_1992_Annular,120,None_MSE_Method_Assumed_Zenith,4.4059364895116495,0.058432,94.16355747174087,0.0,0.0,94.16355747174087,0.0,0.3941077301495177,DeepLabV3+_Xception65_ADE20K,C:\Users\pandya\OneDrive - UCL\Field experiment raw data\Complete Participantwise data\Final Data\ucm\P9\WalkG\ucm\CamUp\cam_20250806_114220.jpg,C:\Users\pandya\Documents\Github\docker\Paper3_Analysis\output\SVF Output\P9\WalkG\CamUp_SVF\cam_20250806_114220_svf.jpg,True,50.81113781,4.37025737,,,,,,,,,,,,,,,
P9,WalkG,cam_20250806_114221.jpg,2025-08-06 11:42:21,CamUp,neginja_MSE_SkyViewFactor_reference_table,"24,25,25,26,26,27,27,29,29,32,32,36,36,40,41,43,44",9d4c5f0c12889fb034103b01efa54b21690d648acad08c427f81fc6d33241e03,b677f291bd6311850d8cb19c1c51cfff76b3a1e2deece82b67687ca72a30d9f8,REFERENCE_OR_CUSTOM_TABLE_NOT_MARKED_LENS_VERIFIED,542.0,240.0,240.0,True,Holmer_1992_Annular,120,None_MSE_Method_Assumed_Zenith,4.566232761241467,0.054196,89.87535583008595,2.7764419755133627,0.0,92.65179780559932,0.0,0.2321532211259431,DeepLabV3+_Xception65_ADE20K,C:\Users\pandya\OneDrive - UCL\Field experiment raw data\Complete Participantwise data\Final Data\ucm\P9\WalkG\ucm\CamUp\cam_20250806_114221.jpg,C:\Users\pandya\Documents\Github\docker\Paper3_Analysis\output\SVF Output\P9\WalkG\CamUp_SVF\cam_20250806_114221_svf.jpg,True,50.81113781,4.37025737,,,,,,,,,,,,,,,
P9,WalkG,cam_20250806_114222.jpg,2025-08-06 11:42:22,CamUp,neginja_MSE_SkyViewFactor_reference_table,"24,25,25,26,26,27,27,29,29,32,32,36,36,40,41,43,44",9d4c5f0c12889fb034103b01efa54b21690d648acad08c427f81fc6d33241e03,b677f291bd6311850d8cb19c1c51cfff76b3a1e2deece82b67687ca72a30d9f8,REFERENCE_OR_CUSTOM_TABLE_NOT_MARKED_LENS_VERIFIED,542.0,240.0,240.0,True,Holmer_1992_Annular,120,None_MSE_Method_Assumed_Zenith,3.210900146477628,0.032756,93.94577564049416,0.602492883398281,0.0,94.54826852389245,0.0,0.522344747533372,DeepLabV3+_Xception65_ADE20K,C:\Users\pandya\OneDrive - UCL\Field experiment raw data\Complete Participantwise data\Final Data\ucm\P9\WalkG\ucm\CamUp\cam_20250806_114222.jpg,C:\Users\pandya\Documents\Github\docker\Paper3_Analysis\output\SVF Output\P9\WalkG\CamUp_SVF\cam_20250806_114222_svf.jpg,True,50.81113045,4.37026647,,,,,,,,,,,,,,,
P9,WalkG,cam_20250806_114223.jpg,2025-08-06 11:42:23,CamUp,neginja_MSE_SkyViewFactor_reference_table,"24,25,25,26,26,27,27,29,29,32,32,36,36,40,41,43,44",9d4c5f0c12889fb034103b01efa54b21690d648acad08c427f81fc6d33241e03,b677f291bd6311850d8cb19c1c51cfff76b3a1e2deece82b67687ca72a30d9f8,REFERENCE_OR_CUSTOM_TABLE_NOT_MARKED_LENS_VERIFIED,542.0,240.0,240.0,True,Holmer_1992_Annular,120,None_MSE_Method_Assumed_Zenith,1.4730674626205678,0.011943,94.86499184699996,0.0287427797584501,0.0,94.89373462675842,0.0,0.6351048835088301,DeepLabV3+_Xception65_ADE20K,C:\Users\pandya\OneDrive - UCL\Field experiment raw data\Complete Participantwise data\Final Data\ucm\P9\WalkG\ucm\CamUp\cam_20250806_114223.jpg,C:\Users\pandya\Documents\Github\docker\Paper3_Analysis\output\SVF Output\P9\WalkG\CamUp_SVF\cam_20250806_114223_svf.jpg,True,50.81111374,4.37027367,,,,,,,,,,,,,,,
P9,WalkG,cam_20250806_114224.jpg,2025-08-06 11:42:24,CamUp,neginja_MSE_SkyViewFactor_reference_table,"24,25,25,26,26,27,27,29,29,32,32,36,36,40,41,43,44",9d4c5f0c12889fb034103b01efa54b21690d648acad08c427f81fc6d33241e03,b677f291bd6311850d8cb19c1c51cfff76b3a1e2deece82b67687ca72a30d9f8,REFERENCE_OR_CUSTOM_TABLE_NOT_MARKED_LENS_VERIFIED,542.0,240.0,240.0,True,Holmer_1992_Annular,120,None_MSE_Method_Assumed_Zenith,2.9422657048890364,0.024296,92.9558079761214,0.574855595169002,0.0,93.5306635712904,0.0,0.9147942403891332,DeepLabV3+_Xception65_ADE20K,C:\Users\pandya\OneDrive - UCL\Field experiment raw data\Complete Participantwise data\Final Data\ucm\P9\WalkG\ucm\CamUp\cam_20250806_114224.jpg,C:\Users\pandya\Documents\Github\docker\Paper3_Analysis\output\SVF Output\P9\WalkG\CamUp_SVF\cam_20250806_114224_svf.jpg,True,50.81110244,4.37027411,,,,,,,,,,,,,,,
P9,WalkG,cam_20250806_114225.jpg,2025-08-06 11:42:25,CamUp,neginja_MSE_SkyViewFactor_reference_table,"24,25,25,26,26,27,27,29,29,32,32,36,36,40,41,43,44",9d4c5f0c12889fb034103b01efa54b21690d648acad08c427f81fc6d33241e03,b677f291bd6311850d8cb19c1c51cfff76b3a1e2deece82b67687ca72a30d9f8,REFERENCE_OR_CUSTOM_TABLE_NOT_MARKED_LENS_VERIFIED,542.0,240.0,240.0,True,Holmer_1992_Annular,120,None_MSE_Method_Assumed_Zenith,2.8317165519719203,0.021529,92.94585855235884,0.421192272614211,0.0105021695271259,93.37755299450018,0.0,0.8412790536992512,DeepLabV3+_Xception65_ADE20K,C:\Users\pandya\OneDrive - UCL\Field experiment raw data\Complete Participantwise data\Final Data\ucm\P9\WalkG\ucm\CamUp\cam_20250806_114225.jpg,C:\Users\pandya\Documents\Github\docker\Paper3_Analysis\output\SVF Output\P9\WalkG\CamUp_SVF\cam_20250806_114225_svf.jpg,True,50.81108794,4.37027219,,,,,,,,,,,,,,,
P9,WalkG,cam_20250806_114226.jpg,2025-08-06 11:42:26,CamUp,neginja_MSE_SkyViewFactor_reference_table,"24,25,25,26,26,27,27,29,29,32,32,36,36,40,41,43,44",9d4c5f0c12889fb034103b01efa54b21690d648acad08c427f81fc6d33241e03,b677f291bd6311850d8cb19c1c51cfff76b3a1e2deece82b67687ca72a30d9f8,REFERENCE_OR_CUSTOM_TABLE_NOT_MARKED_LENS_VERIFIED,542.0,240.0,240.0,True,Holmer_1992_Annular,120,None_MSE_Method_Assumed_Zenith,5.3677141198905565,0.031933,87.4819666694304,2.2944476687947377,0.0,89.77641433822514,0.0,0.936904070972556,DeepLabV3+_Xception65_ADE20K,C:\Users\pandya\OneDrive - UCL\Field experiment raw data\Complete Participantwise data\Final Data\ucm\P9\WalkG\ucm\CamUp\cam_20250806_114226.jpg,C:\Users\pandya\Documents\Github\docker\Paper3_Analysis\output\SVF Output\P9\WalkG\CamUp_SVF\cam_20250806_114226_svf.jpg,True,50.8110787,4.37027472,,,,,,,,,,,,,,,
P9,WalkG,cam_20250806_114227.jpg,2025-08-06 11:42:27,CamUp,neginja_MSE_SkyViewFactor_reference_table,"24,25,25,26,26,27,27,29,29,32,32,36,36,40,41,43,44",9d4c5f0c12889fb034103b01efa54b21690d648acad08c427f81fc6d33241e03,b677f291bd6311850d8cb19c1c51cfff76b3a1e2deece82b67687ca72a30d9f8,REFERENCE_OR_CUSTOM_TABLE_NOT_MARKED_LENS_VERIFIED,542.0,240.0,240.0,True,Holmer_1992_Annular,120,None_MSE_Method_Assumed_Zenith,3.899621369151259,0.024684,90.08926844098058,2.3364563469032418,0.0,92.42572478788382,0.0,0.0088439322333692,DeepLabV3+_Xception65_ADE20K,C:\Users\pandya\OneDrive - UCL\Field experiment raw data\Complete Participantwise data\Final Data\ucm\P9\WalkG\ucm\CamUp\cam_20250806_114227.jpg,C:\Users\pandya\Documents\Github\docker\Paper3_Analysis\output\SVF Output\P9\WalkG\CamUp_SVF\cam_20250806_114227_svf.jpg,True,50.8110787,4.37027472,,,,,,,,,,,,,,,
P9,WalkG,cam_20250806_114228.jpg,2025-08-06 11:42:28,CamUp,neginja_MSE_SkyViewFactor_reference_table,"24,25,25,26,26,27,27,29,29,32,32,36,36,40,41,43,44",9d4c5f0c12889fb034103b01efa54b21690d648acad08c427f81fc6d33241e03,b677f291bd6311850d8cb19c1c51cfff76b3a1e2deece82b67687ca72a30d9f8,REFERENCE_OR_CUSTOM_TABLE_NOT_MARKED_LENS_VERIFIED,542.0,240.0,240.0,True,Holmer_1992_Annular,120,None_MSE_Method_Assumed_Zenith,4.475029710084846,0.035814,88.738910538098,1.2867921399552276,0.0,90.02570267805322,0.0,1.1762429870381117,DeepLabV3+_Xception65_ADE20K,C:\Users\pandya\OneDrive - UCL\Field experiment raw data\Complete Participantwise data\Final Data\ucm\P9\WalkG\ucm\CamUp\cam_20250806_114228.jpg,C:\Users\pandya\Documents\Github\docker\Paper3_Analysis\output\SVF Output\P9\WalkG\CamUp_SVF\cam_20250806_114228_svf.jpg,True,50.81107199,4.37028319,,,,,,,,,,,,,,,
P9,WalkG,cam_20250806_114229.jpg,2025-08-06 11:42:29,CamUp,neginja_MSE_SkyViewFactor_reference_table,"24,25,25,26,26,27,27,29,29,32,32,36,36,40,41,43,44",9d4c5f0c12889fb034103b01efa54b21690d648acad08c427f81fc6d33241e03,b677f291bd6311850d8cb19c1c51cfff76b3a1e2deece82b67687ca72a30d9f8,REFERENCE_OR_CUSTOM_TABLE_NOT_MARKED_LENS_VERIFIED,542.0,240.0,240.0,True,Holmer_1992_Annular,120,None_MSE_Method_Assumed_Zenith,4.96089323715557,0.055702,92.7523975347539,0.1028107122129176,0.0,92.8552082469668,0.0,0.4549097642539313,DeepLabV3+_Xception65_ADE20K,C:\Users\pandya\OneDrive - UCL\Field experiment raw data\Complete Participantwise data\Final Data\ucm\P9\WalkG\ucm\CamUp\cam_20250806_114229.jpg,C:\Users\pandya\Documents\Github\docker\Paper3_Analysis\output\SVF Output\P9\WalkG\CamUp_SVF\cam_20250806_114229_svf.jpg,True,50.81104104,4.37028297,,,,,,,,,,,,,,,
P9,WalkG,cam_20250806_114230.jpg,2025-08-06 11:42:30,CamUp,neginja_MSE_SkyViewFactor_reference_table,"24,25,25,26,26,27,27,29,29,32,32,36,36,40,41,43,44",9d4c5f0c12889fb034103b01efa54b21690d648acad08c427f81fc6d33241e03,b677f291bd6311850d8cb19c1c51cfff76b3a1e2deece82b67687ca72a30d9f8,REFERENCE_OR_CUSTOM_TABLE_NOT_MARKED_LENS_VERIFIED,542.0,240.0,240.0,True,Holmer_1992_Annular,120,None_MSE_Method_Assumed_Zenith,6.9209297183760325,0.085656,90.07931901721804,0.0,0.1835115938424122,90.26283061106044,0.0,0.063013017162756,DeepLabV3+_Xception65_ADE20K,C:\Users\pandya\OneDrive - UCL\Field experiment raw data\Complete Participantwise data\Final Data\ucm\P9\WalkG\ucm\CamUp\cam_20250806_114230.jpg,C:\Users\pandya\Documents\Github\docker\Paper3_Analysis\output\SVF Output\P9\WalkG\CamUp_SVF\cam_20250806_114230_svf.jpg,True,50.81102998,4.37029152,,,,,,,,,,,,,,,
P9,WalkG,cam_20250806_114231.jpg,2025-08-06 11:42:31,CamUp,neginja_MSE_SkyViewFactor_reference_table,"24,25,25,26,26,27,27,29,29,32,32,36,36,40,41,43,44",9d4c5f0c12889fb034103b01efa54b21690d648acad08c427f81fc6d33241e03,b677f291bd6311850d8cb19c1c51cfff76b3a1e2deece82b67687ca72a30d9f8,REFERENCE_OR_CUSTOM_TABLE_NOT_MARKED_LENS_VERIFIED,542.0,240.0,240.0,True,Holmer_1992_Annular,120,None_MSE_Method_Assumed_Zenith,5.647403476770859,0.094008,91.68891468369124,0.0,0.2050686786612497,91.89398336235249,0.0,0.0447724069314318,DeepLabV3+_Xception65_ADE20K,C:\Users\pandya\OneDrive - UCL\Field experiment raw data\Complete Participantwise data\Final Data\ucm\P9\WalkG\ucm\CamUp\cam_20250806_114231.jpg,C:\Users\pandya\Documents\Github\docker\Paper3_Analysis\output\SVF Output\P9\WalkG\CamUp_SVF\cam_20250806_114231_svf.jpg,True,50.81101743,4.37029771,,,,,,,,,,,,,,,
P9,WalkG,cam_20250806_114232.jpg,2025-08-06 11:42:32,CamUp,neginja_MSE_SkyViewFactor_reference_table,"24,25,25,26,26,27,27,29,29,32,32,36,36,40,41,43,44",9d4c5f0c12889fb034103b01efa54b21690d648acad08c427f81fc6d33241e03,b677f291bd6311850d8cb19c1c51cfff76b3a1e2deece82b67687ca72a30d9f8,REFERENCE_OR_CUSTOM_TABLE_NOT_MARKED_LENS_VERIFIED,542.0,240.0,240.0,True,Holmer_1992_Annular,120,None_MSE_Method_Assumed_Zenith,6.101207749495619,0.09103,91.67730702263492,0.0,0.3869220352099052,92.06422905784484,0.0,0.0696459663377829,DeepLabV3+_Xception65_ADE20K,C:\Users\pandya\OneDrive - UCL\Field experiment raw data\Complete Participantwise data\Final Data\ucm\P9\WalkG\ucm\CamUp\cam_20250806_114232.jpg,C:\Users\pandya\Documents\Github\docker\Paper3_Analysis\output\SVF Output\P9\WalkG\CamUp_SVF\cam_20250806_114232_svf.jpg,True,50.81100985,4.37030227,,,,,,,,,,,,,,,
P9,WalkG,cam_20250806_114233.jpg,2025-08-06 11:42:33,CamUp,neginja_MSE_SkyViewFactor_reference_table,"24,25,25,26,26,27,27,29,29,32,32,36,36,40,41,43,44",9d4c5f0c12889fb034103b01efa54b21690d648acad08c427f81fc6d33241e03,b677f291bd6311850d8cb19c1c51cfff76b3a1e2deece82b67687ca72a30d9f8,REFERENCE_OR_CUSTOM_TABLE_NOT_MARKED_LENS_VERIFIED,542.0,240.0,240.0,True,Holmer_1992_Annular,120,None_MSE_Method_Assumed_Zenith,5.793328358621452,0.079669,92.2195506176934,0.0,0.8047978332366028,93.02434845093,0.0,0.0525108476356299,DeepLabV3+_Xception65_ADE20K,C:\Users\pandya\OneDrive - UCL\Field experiment raw data\Complete Participantwise data\Final Data\ucm\P9\WalkG\ucm\CamUp\cam_20250806_114233.jpg,C:\Users\pandya\Documents\Github\docker\Paper3_Analysis\output\SVF Output\P9\WalkG\CamUp_SVF\cam_20250806_114233_svf.jpg,True,50.81100985,4.37030227,,,,,,,,,,,,,,,
P9,WalkG,cam_20250806_114234.jpg,2025-08-06 11:42:34,CamUp,neginja_MSE_SkyViewFactor_reference_table,"24,25,25,26,26,27,27,29,29,32,32,36,36,40,41,43,44",9d4c5f0c12889fb034103b01efa54b21690d648acad08c427f81fc6d33241e03,b677f291bd6311850d8cb19c1c51cfff76b3a1e2deece82b67687ca72a30d9f8,REFERENCE_OR_CUSTOM_TABLE_NOT_MARKED_LENS_VERIFIED,542.0,240.0,240.0,True,Holmer_1992_Annular,120,None_MSE_Method_Assumed_Zenith,5.638006798772905,0.070271,90.2346405770666,0.0,1.4874388524997928,91.72207942956638,0.0,0.0519581018710444,DeepLabV3+_Xception65_ADE20K,C:\Users\pandya\OneDrive - UCL\Field experiment raw data\Complete Participantwise data\Final Data\ucm\P9\WalkG\ucm\CamUp\cam_20250806_114234.jpg,C:\Users\pandya\Documents\Github\docker\Paper3_Analysis\output\SVF Output\P9\WalkG\CamUp_SVF\cam_20250806_114234_svf.jpg,True,50.81097599,4.37030746,,,,,,,,,,,,,,,
P9,WalkG,cam_20250806_114235.jpg,2025-08-06 11:42:35,CamUp,neginja_MSE_SkyViewFactor_reference_table,"24,25,25,26,26,27,27,29,29,32,32,36,36,40,41,43,44",9d4c5f0c12889fb034103b01efa54b21690d648acad08c427f81fc6d33241e03,b677f291bd6311850d8cb19c1c51cfff76b3a1e2deece82b67687ca72a30d9f8,REFERENCE_OR_CUSTOM_TABLE_NOT_MARKED_LENS_VERIFIED,542.0,240.0,240.0,True,Holmer_1992_Annular,120,None_MSE_Method_Assumed_Zenith,10.024044440759472,0.109296,74.01597435259653,6.386977309786364,0.0514053561064588,80.45435701848935,0.0,0.0027637288229278,DeepLabV3+_Xception65_ADE20K,C:\Users\pandya\OneDrive - UCL\Field experiment raw data\Complete Participantwise data\Final Data\ucm\P9\WalkG\ucm\CamUp\cam_20250806_114235.jpg,C:\Users\pandya\Documents\Github\docker\Paper3_Analysis\output\SVF Output\P9\WalkG\CamUp_SVF\cam_20250806_114235_svf.jpg,True,50.81096784,4.37031374,,,,,,,,,,,,,,,
P9,WalkG,cam_20250806_114236.jpg,2025-08-06 11:42:36,CamUp,neginja_MSE_SkyViewFactor_reference_table,"24,25,25,26,26,27,27,29,29,32,32,36,36,40,41,43,44",9d4c5f0c12889fb034103b01efa54b21690d648acad08c427f81fc6d33241e03,b677f291bd6311850d8cb19c1c51cfff76b3a1e2deece82b67687ca72a30d9f8,REFERENCE_OR_CUSTOM_TABLE_NOT_MARKED_LENS_VERIFIED,542.0,240.0,240.0,True,Holmer_1992_Annular,120,None_MSE_Method_Assumed_Zenith,8.701876571870768,0.096019,79.46604759141033,4.852555067296796,0.39631871320786,84.71492137191498,0.0,0.1531105767902053,DeepLabV3+_Xception65_ADE20K,C:\Users\pandya\OneDrive - UCL\Field experiment raw data\Complete Participantwise data\Final Data\ucm\P9\WalkG\ucm\CamUp\cam_20250806_114236.jpg,C:\Users\pandya\Documents\Github\docker\Paper3_Analysis\output\SVF Output\P9\WalkG\CamUp_SVF\cam_20250806_114236_svf.jpg,True,50.81095872,4.37031937,,,,,,,,,,,,,,,
P9,WalkG,cam_20250806_114237.jpg,2025-08-06 11:42:37,CamUp,neginja_MSE_SkyViewFactor_reference_table,"24,25,25,26,26,27,27,29,29,32,32,36,36,40,41,43,44",9d4c5f0c12889fb034103b01efa54b21690d648acad08c427f81fc6d33241e03,b677f291bd6311850d8cb19c1c51cfff76b3a1e2deece82b67687ca72a30d9f8,REFERENCE_OR_CUSTOM_TABLE_NOT_MARKED_LENS_VERIFIED,542.0,240.0,240.0,True,Holmer_1992_Annular,120,None_MSE_Method_Assumed_Zenith,15.448691374402342,0.191146,22.55534366967913,48.65434043611641,0.2669762042948346,71.47666031009037,0.0,0.7180167481966669,DeepLabV3+_Xception65_ADE20K,C:\Users\pandya\OneDrive - UCL\Field experiment raw data\Complete Participantwise data\Final Data\ucm\P9\WalkG\ucm\CamUp\cam_20250806_114237.jpg,C:\Users\pandya\Documents\Github\docker\Paper3_Analysis\output\SVF Output\P9\WalkG\CamUp_SVF\cam_20250806_114237_svf.jpg,True,50.81094333,4.3703224,,,,,,,,,,,,,,,
P9,WalkG,cam_20250806_114238.jpg,2025-08-06 11:42:38,CamUp,neginja_MSE_SkyViewFactor_reference_table,"24,25,25,26,26,27,27,29,29,32,32,36,36,40,41,43,44",9d4c5f0c12889fb034103b01efa54b21690d648acad08c427f81fc6d33241e03,b677f291bd6311850d8cb19c1c51cfff76b3a1e2deece82b67687ca72a30d9f8,REFERENCE_OR_CUSTOM_TABLE_NOT_MARKED_LENS_VERIFIED,542.0,240.0,240.0,True,Holmer_1992_Annular,120,None_MSE_Method_Assumed_Zenith,17.12461653262582,0.230113,41.54547715778128,33.88552635215433,0.6511345106818119,76.08213802061742,0.0,2.140231600475361,DeepLabV3+_Xception65_ADE20K,C:\Users\pandya\OneDrive - UCL\Field experiment raw data\Complete Participantwise data\Final Data\ucm\P9\WalkG\ucm\CamUp\cam_20250806_114238.jpg,C:\Users\pandya\Documents\Github\docker\Paper3_Analysis\output\SVF Output\P9\WalkG\CamUp_SVF\cam_20250806_114238_svf.jpg,True,50.81093632,4.37032486,,,,,,,,,,,,,,,
P9,WalkG,cam_20250806_114239.jpg,2025-08-06 11:42:39,CamUp,neginja_MSE_SkyViewFactor_reference_table,"24,25,25,26,26,27,27,29,29,32,32,36,36,40,41,43,44",9d4c5f0c12889fb034103b01efa54b21690d648acad08c427f81fc6d33241e03,b677f291bd6311850d8cb19c1c51cfff76b3a1e2deece82b67687ca72a30d9f8,REFERENCE_OR_CUSTOM_TABLE_NOT_MARKED_LENS_VERIFIED,542.0,240.0,240.0,True,Holmer_1992_Annular,120,None_MSE_Method_Assumed_Zenith,17.44686731337921,0.269318,2.3237431943177738,63.620484758035545,0.1636127463173313,66.10784069867064,0.0,0.4670701710748141,DeepLabV3+_Xception65_ADE20K,C:\Users\pandya\OneDrive - UCL\Field experiment raw data\Complete Participantwise data\Final Data\ucm\P9\WalkG\ucm\CamUp\cam_20250806_114239.jpg,C:\Users\pandya\Documents\Github\docker\Paper3_Analysis\output\SVF Output\P9\WalkG\CamUp_SVF\cam_20250806_114239_svf.jpg,True,50.81092633,4.37032823,,,,,,,,,,,,,,,
P9,WalkG,cam_20250806_114240.jpg,2025-08-06 11:42:40,CamUp,neginja_MSE_SkyViewFactor_reference_table,"24,25,25,26,26,27,27,29,29,32,32,36,36,40,41,43,44",9d4c5f0c12889fb034103b01efa54b21690d648acad08c427f81fc6d33241e03,b677f291bd6311850d8cb19c1c51cfff76b3a1e2deece82b67687ca72a30d9f8,REFERENCE_OR_CUSTOM_TABLE_NOT_MARKED_LENS_VERIFIED,542.0,240.0,240.0,True,Holmer_1992_Annular,120,None_MSE_Method_Assumed_Zenith,21.50567946273112,0.355479,20.58425227316696,33.24986872288091,0.8584141724014039,54.69253516844928,0.0,0.0044219661166846,DeepLabV3+_Xception65_ADE20K,C:\Users\pandya\OneDrive - UCL\Field experiment raw data\Complete Participantwise data\Final Data\ucm\P9\WalkG\ucm\CamUp\cam_20250806_114240.jpg,C:\Users\pandya\Documents\Github\docker\Paper3_Analysis\output\SVF Output\P9\WalkG\CamUp_SVF\cam_20250806_114240_svf.jpg,True,50.81092633,4.37032823,,,,,,,,,,,,,,,
P9,WalkG,cam_20250806_114241.jpg,2025-08-06 11:42:41,CamUp,neginja_MSE_SkyViewFactor_reference_table,"24,25,25,26,26,27,27,29,29,32,32,36,36,40,41,43,44",9d4c5f0c12889fb034103b01efa54b21690d648acad08c427f81fc6d33241e03,b677f291bd6311850d8cb19c1c51cfff76b3a1e2deece82b67687ca72a30d9f8,REFERENCE_OR_CUSTOM_TABLE_NOT_MARKED_LENS_VERIFIED,542.0,240.0,240.0,True,Holmer_1992_Annular,120,None_MSE_Method_Assumed_Zenith,34.40455462510019,0.492356,16.762568056822264,12.07583671890114,0.0679877290440262,28.90639250476743,0.0,0.1138656275046292,DeepLabV3+_Xception65_ADE20K,C:\Users\pandya\OneDrive - UCL\Field experiment raw data\Complete Participantwise data\Final Data\ucm\P9\WalkG\ucm\CamUp\cam_20250806_114241.jpg,C:\Users\pandya\Documents\Github\docker\Paper3_Analysis\output\SVF Output\P9\WalkG\CamUp_SVF\cam_20250806_114241_svf.jpg,True,50.81089852,4.37033173,,,,,,,,,,,,,,,
P9,WalkG,cam_20250806_114242.jpg,2025-08-06 11:42:42,CamUp,neginja_MSE_SkyViewFactor_reference_table,"24,25,25,26,26,27,27,29,29,32,32,36,36,40,41,43,44",9d4c5f0c12889fb034103b01efa54b21690d648acad08c427f81fc6d33241e03,b677f291bd6311850d8cb19c1c51cfff76b3a1e2deece82b67687ca72a30d9f8,REFERENCE_OR_CUSTOM_TABLE_NOT_MARKED_LENS_VERIFIED,542.0,240.0,240.0,True,Holmer_1992_Annular,120,None_MSE_Method_Assumed_Zenith,42.20213912610895,0.571619,1.9672221761600752,24.835419948594645,0.0,26.80264212475472,0.0,0.0,DeepLabV3+_Xception65_ADE20K,C:\Users\pandya\OneDrive - UCL\Field experiment raw data\Complete Participantwise data\Final Data\ucm\P9\WalkG\ucm\CamUp\cam_20250806_114242.jpg,C:\Users\pandya\Documents\Github\docker\Paper3_Analysis\output\SVF Output\P9\WalkG\CamUp_SVF\cam_20250806_114242_svf.jpg,True,50.81089852,4.37033173,,,,,,,,,,,,,,,
P9,WalkG,cam_20250806_114243.jpg,2025-08-06 11:42:43,CamUp,neginja_MSE_SkyViewFactor_reference_table,"24,25,25,26,26,27,27,29,29,32,32,36,36,40,41,43,44",9d4c5f0c12889fb034103b01efa54b21690d648acad08c427f81fc6d33241e03,b677f291bd6311850d8cb19c1c51cfff76b3a1e2deece82b67687ca72a30d9f8,REFERENCE_OR_CUSTOM_TABLE_NOT_MARKED_LENS_VERIFIED,542.0,240.0,240.0,True,Holmer_1992_Annular,120,None_MSE_Method_Assumed_Zenith,41.64552414117127,0.610901,2.008125362739408,1.7074316668048533,0.0,3.715557029544261,0.0,0.4493823066080756,DeepLabV3+_Xception65_ADE20K,C:\Users\pandya\OneDrive - UCL\Field experiment raw data\Complete Participantwise data\Final Data\ucm\P9\WalkG\ucm\CamUp\cam_20250806_114243.jpg,C:\Users\pandya\Documents\Github\docker\Paper3_Analysis\output\SVF Output\P9\WalkG\CamUp_SVF\cam_20250806_114243_svf.jpg,True,50.81088708,4.37034191,,,,,,,,,,,,,,,
P9,WalkG,cam_20250806_114244.jpg,2025-08-06 11:42:44,CamUp,neginja_MSE_SkyViewFactor_reference_table,"24,25,25,26,26,27,27,29,29,32,32,36,36,40,41,43,44",9d4c5f0c12889fb034103b01efa54b21690d648acad08c427f81fc6d33241e03,b677f291bd6311850d8cb19c1c51cfff76b3a1e2deece82b67687ca72a30d9f8,REFERENCE_OR_CUSTOM_TABLE_NOT_MARKED_LENS_VERIFIED,542.0,240.0,240.0,True,Holmer_1992_Annular,120,None_MSE_Method_Assumed_Zenith,35.90581212171462,0.573255,2.731116822817345,0.0,0.0226625763480087,2.7537793991653543,0.0,0.2962717298178702,DeepLabV3+_Xception65_ADE20K,C:\Users\pandya\OneDrive - UCL\Field experiment raw data\Complete Participantwise data\Final Data\ucm\P9\WalkG\ucm\CamUp\cam_20250806_114244.jpg,C:\Users\pandya\Documents\Github\docker\Paper3_Analysis\output\SVF Output\P9\WalkG\CamUp_SVF\cam_20250806_114244_svf.jpg,True,50.81088708,4.37034191,,,,,,,,,,,,,,,
P9,WalkG,cam_20250806_114245.jpg,2025-08-06 11:42:45,CamUp,neginja_MSE_SkyViewFactor_reference_table,"24,25,25,26,26,27,27,29,29,32,32,36,36,40,41,43,44",9d4c5f0c12889fb034103b01efa54b21690d648acad08c427f81fc6d33241e03,b677f291bd6311850d8cb19c1c51cfff76b3a1e2deece82b67687ca72a30d9f8,REFERENCE_OR_CUSTOM_TABLE_NOT_MARKED_LENS_VERIFIED,542.0,240.0,240.0,True,Holmer_1992_Annular,120,None_MSE_Method_Assumed_Zenith,47.28961114335461,0.646509,0.0,5.681673714175165,0.0,5.681673714175165,0.0,1.0270016306000056,DeepLabV3+_Xception65_ADE20K,C:\Users\pandya\OneDrive - UCL\Field experiment raw data\Complete Participantwise data\Final Data\ucm\P9\WalkG\ucm\CamUp\cam_20250806_114245.jpg,C:\Users\pandya\Documents\Github\docker\Paper3_Analysis\output\SVF Output\P9\WalkG\CamUp_SVF\cam_20250806_114245_svf.jpg,True,50.8108603,4.37035897,,,,,,,,,,,,,,,
P9,WalkG,cam_20250806_114246.jpg,2025-08-06 11:42:46,CamUp,neginja_MSE_SkyViewFactor_reference_table,"24,25,25,26,26,27,27,29,29,32,32,36,36,40,41,43,44",9d4c5f0c12889fb034103b01efa54b21690d648acad08c427f81fc6d33241e03,b677f291bd6311850d8cb19c1c51cfff76b3a1e2deece82b67687ca72a30d9f8,REFERENCE_OR_CUSTOM_TABLE_NOT_MARKED_LENS_VERIFIED,542.0,240.0,240.0,True,Holmer_1992_Annular,120,None_MSE_Method_Assumed_Zenith,39.94306718624768,0.612021,0.0,4.936019677749219,0.0,4.936019677749219,1.1480529530442474,7.410109720034271,DeepLabV3+_Xception65_ADE20K,C:\Users\pandya\OneDrive - UCL\Field experiment raw data\Complete Participantwise data\Final Data\ucm\P9\WalkG\ucm\CamUp\cam_20250806_114246.jpg,C:\Users\pandya\Documents\Github\docker\Paper3_Analysis\output\SVF Output\P9\WalkG\CamUp_SVF\cam_20250806_114246_svf.jpg,True,50.8108603,4.37035897,,,,,,,,,,,,,,,
P9,WalkG,cam_20250806_114247.jpg,2025-08-06 11:42:47,CamUp,neginja_MSE_SkyViewFactor_reference_table,"24,25,25,26,26,27,27,29,29,32,32,36,36,40,41,43,44",9d4c5f0c12889fb034103b01efa54b21690d648acad08c427f81fc6d33241e03,b677f291bd6311850d8cb19c1c51cfff76b3a1e2deece82b67687ca72a30d9f8,REFERENCE_OR_CUSTOM_TABLE_NOT_MARKED_LENS_VERIFIED,542.0,240.0,240.0,True,Holmer_1992_Annular,120,None_MSE_Method_Assumed_Zenith,52.88947848437111,0.707163,0.0674349832794406,3.079899400270845,0.0,3.147334383550286,0.0,11.636403836055608,DeepLabV3+_Xception65_ADE20K,C:\Users\pandya\OneDrive - UCL\Field experiment raw data\Complete Participantwise data\Final Data\ucm\P9\WalkG\ucm\CamUp\cam_20250806_114247.jpg,C:\Users\pandya\Documents\Github\docker\Paper3_Analysis\output\SVF Output\P9\WalkG\CamUp_SVF\cam_20250806_114247_svf.jpg,True,50.81083483,4.37037399,,,,,,,,,,,,,,,
P9,WalkG,cam_20250806_114248.jpg,2025-08-06 11:42:48,CamUp,neginja_MSE_SkyViewFactor_reference_table,"24,25,25,26,26,27,27,29,29,32,32,36,36,40,41,43,44",9d4c5f0c12889fb034103b01efa54b21690d648acad08c427f81fc6d33241e03,b677f291bd6311850d8cb19c1c51cfff76b3a1e2deece82b67687ca72a30d9f8,REFERENCE_OR_CUSTOM_TABLE_NOT_MARKED_LENS_VERIFIED,542.0,240.0,240.0,True,Holmer_1992_Annular,120,None_MSE_Method_Assumed_Zenith,48.18782301080618,0.641371,1.679794378575574,19.62744935466932,0.0,21.307243733244896,0.5129480695354172,3.738772351656856,DeepLabV3+_Xception65_ADE20K,C:\Users\pandya\OneDrive - UCL\Field experiment raw data\Complete Participantwise data\Final Data\ucm\P9\WalkG\ucm\CamUp\cam_20250806_114248.jpg,C:\Users\pandya\Documents\Github\docker\Paper3_Analysis\output\SVF Output\P9\WalkG\CamUp_SVF\cam_20250806_114248_svf.jpg,True,50.81083483,4.37037399,,,,,,,,,,,,,,,
P9,WalkG,cam_20250806_114249.jpg,2025-08-06 11:42:49,CamUp,neginja_MSE_SkyViewFactor_reference_table,"24,25,25,26,26,27,27,29,29,32,32,36,36,40,41,43,44",9d4c5f0c12889fb034103b01efa54b21690d648acad08c427f81fc6d33241e03,b677f291bd6311850d8cb19c1c51cfff76b3a1e2deece82b67687ca72a30d9f8,REFERENCE_OR_CUSTOM_TABLE_NOT_MARKED_LENS_VERIFIED,542.0,240.0,240.0,True,Holmer_1992_Annular,120,None_MSE_Method_Assumed_Zenith,45.482132493159774,0.591922,0.3786308487411215,42.13304590553575,0.0,42.51167675427688,0.0,1.331011801122074,DeepLabV3+_Xception65_ADE20K,C:\Users\pandya\OneDrive - UCL\Field experiment raw data\Complete Participantwise data\Final Data\ucm\P9\WalkG\ucm\CamUp\cam_20250806_114249.jpg,C:\Users\pandya\Documents\Github\docker\Paper3_Analysis\output\SVF Output\P9\WalkG\CamUp_SVF\cam_20250806_114249_svf.jpg,True,50.81081345,4.37038689,,,,,,,,,,,,,,,
P9,WalkG,cam_20250806_114250.jpg,2025-08-06 11:42:50,CamUp,neginja_MSE_SkyViewFactor_reference_table,"24,25,25,26,26,27,27,29,29,32,32,36,36,40,41,43,44",9d4c5f0c12889fb034103b01efa54b21690d648acad08c427f81fc6d33241e03,b677f291bd6311850d8cb19c1c51cfff76b3a1e2deece82b67687ca72a30d9f8,REFERENCE_OR_CUSTOM_TABLE_NOT_MARKED_LENS_VERIFIED,542.0,240.0,240.0,True,Holmer_1992_Annular,120,None_MSE_Method_Assumed_Zenith,46.65118978525827,0.585505,19.91045518613713,23.81615675869884,0.0,43.72661194483597,0.0,2.571373296852113,DeepLabV3+_Xception65_ADE20K,C:\Users\pandya\OneDrive - UCL\Field experiment raw data\Complete Participantwise data\Final Data\ucm\P9\WalkG\ucm\CamUp\cam_20250806_114250.jpg,C:\Users\pandya\Documents\Github\docker\Paper3_Analysis\output\SVF Output\P9\WalkG\CamUp_SVF\cam_20250806_114250_svf.jpg,True,50.81080323,4.37039013,,,,,,,,,,,,,,,
P9,WalkG,cam_20250806_114251.jpg,2025-08-06 11:42:51,CamUp,neginja_MSE_SkyViewFactor_reference_table,"24,25,25,26,26,27,27,29,29,32,32,36,36,40,41,43,44",9d4c5f0c12889fb034103b01efa54b21690d648acad08c427f81fc6d33241e03,b677f291bd6311850d8cb19c1c51cfff76b3a1e2deece82b67687ca72a30d9f8,REFERENCE_OR_CUSTOM_TABLE_NOT_MARKED_LENS_VERIFIED,542.0,240.0,240.0,True,Holmer_1992_Annular,120,None_MSE_Method_Assumed_Zenith,30.4026752895006,0.405937,66.82419920957355,0.0243208136417654,0.0,66.84852002321531,0.0,0.024873559406351,DeepLabV3+_Xception65_ADE20K,C:\Users\pandya\OneDrive - UCL\Field experiment raw data\Complete Participantwise data\Final Data\ucm\P9\WalkG\ucm\CamUp\cam_20250806_114251.jpg,C:\Users\pandya\Documents\Github\docker\Paper3_Analysis\output\SVF Output\P9\WalkG\CamUp_SVF\cam_20250806_114251_svf.jpg,True,50.81080323,4.37039013,,,,,,,,,,,,,,,
P9,WalkG,cam_20250806_114252.jpg,2025-08-06 11:42:52,CamUp,neginja_MSE_SkyViewFactor_reference_table,"24,25,25,26,26,27,27,29,29,32,32,36,36,40,41,43,44",9d4c5f0c12889fb034103b01efa54b21690d648acad08c427f81fc6d33241e03,b677f291bd6311850d8cb19c1c51cfff76b3a1e2deece82b67687ca72a30d9f8,REFERENCE_OR_CUSTOM_TABLE_NOT_MARKED_LENS_VERIFIED,542.0,240.0,240.0,True,Holmer_1992_Annular,120,None_MSE_Method_Assumed_Zenith,27.734018738081417,0.38695,66.39747947931349,0.8423845452284221,0.0,67.23986402454192,0.0,0.0309537628167924,DeepLabV3+_Xception65_ADE20K,C:\Users\pandya\OneDrive - UCL\Field experiment raw data\Complete Participantwise data\Final Data\ucm\P9\WalkG\ucm\CamUp\cam_20250806_114252.jpg,C:\Users\pandya\Documents\Github\docker\Paper3_Analysis\output\SVF Output\P9\WalkG\CamUp_SVF\cam_20250806_114252_svf.jpg,True,50.81079345,4.37039279,,,,,,,,,,,,,,,
P9,WalkG,cam_20250806_114253.jpg,2025-08-06 11:42:53,CamUp,neginja_MSE_SkyViewFactor_reference_table,"24,25,25,26,26,27,27,29,29,32,32,36,36,40,41,43,44",9d4c5f0c12889fb034103b01efa54b21690d648acad08c427f81fc6d33241e03,b677f291bd6311850d8cb19c1c51cfff76b3a1e2deece82b67687ca72a30d9f8,REFERENCE_OR_CUSTOM_TABLE_NOT_MARKED_LENS_VERIFIED,542.0,240.0,240.0,True,Holmer_1992_Annular,120,None_MSE_Method_Assumed_Zenith,26.07246496973717,0.346918,69.63656965978498,1.8052676671365004,0.0,71.44183732692149,0.0,0.0033164745875134,DeepLabV3+_Xception65_ADE20K,C:\Users\pandya\OneDrive - UCL\Field experiment raw data\Complete Participantwise data\Final Data\ucm\P9\WalkG\ucm\CamUp\cam_20250806_114253.jpg,C:\Users\pandya\Documents\Github\docker\Paper3_Analysis\output\SVF Output\P9\WalkG\CamUp_SVF\cam_20250806_114253_svf.jpg,True,50.81078272,4.37039907,,,,,,,,,,,,,,,
P9,WalkG,cam_20250806_114254.jpg,2025-08-06 11:42:54,CamUp,neginja_MSE_SkyViewFactor_reference_table,"24,25,25,26,26,27,27,29,29,32,32,36,36,40,41,43,44",9d4c5f0c12889fb034103b01efa54b21690d648acad08c427f81fc6d33241e03,b677f291bd6311850d8cb19c1c51cfff76b3a1e2deece82b67687ca72a30d9f8,REFERENCE_OR_CUSTOM_TABLE_NOT_MARKED_LENS_VERIFIED,542.0,240.0,240.0,True,Holmer_1992_Annular,120,None_MSE_Method_Assumed_Zenith,20.94022054556007,0.274203,78.24503219744079,0.0265317967001077,0.0,78.2715639941409,0.0,0.0,DeepLabV3+_Xception65_ADE20K,C:\Users\pandya\OneDrive - UCL\Field experiment raw data\Complete Participantwise data\Final Data\ucm\P9\WalkG\ucm\CamUp\cam_20250806_114254.jpg,C:\Users\pandya\Documents\Github\docker\Paper3_Analysis\output\SVF Output\P9\WalkG\CamUp_SVF\cam_20250806_114254_svf.jpg,True,50.81077095,4.37040694,,,,,,,,,,,,,,,
P9,WalkG,cam_20250806_114255.jpg,2025-08-06 11:42:55,CamUp,neginja_MSE_SkyViewFactor_reference_table,"24,25,25,26,26,27,27,29,29,32,32,36,36,40,41,43,44",9d4c5f0c12889fb034103b01efa54b21690d648acad08c427f81fc6d33241e03,b677f291bd6311850d8cb19c1c51cfff76b3a1e2deece82b67687ca72a30d9f8,REFERENCE_OR_CUSTOM_TABLE_NOT_MARKED_LENS_VERIFIED,542.0,240.0,240.0,True,Holmer_1992_Annular,120,None_MSE_Method_Assumed_Zenith,15.150208661526133,0.182806,77.86805958599342,2.378465025011746,0.0,80.24652461100517,0.0,0.0,DeepLabV3+_Xception65_ADE20K,C:\Users\pandya\OneDrive - UCL\Field experiment raw data\Complete Participantwise data\Final Data\ucm\P9\WalkG\ucm\CamUp\cam_20250806_114255.jpg,C:\Users\pandya\Documents\Github\docker\Paper3_Analysis\output\SVF Output\P9\WalkG\CamUp_SVF\cam_20250806_114255_svf.jpg,True,50.81074695,4.37041989,,,,,,,,,,,,,,,
P9,WalkG,cam_20250806_114256.jpg,2025-08-06 11:42:56,CamUp,neginja_MSE_SkyViewFactor_reference_table,"24,25,25,26,26,27,27,29,29,32,32,36,36,40,41,43,44",9d4c5f0c12889fb034103b01efa54b21690d648acad08c427f81fc6d33241e03,b677f291bd6311850d8cb19c1c51cfff76b3a1e2deece82b67687ca72a30d9f8,REFERENCE_OR_CUSTOM_TABLE_NOT_MARKED_LENS_VERIFIED,542.0,240.0,240.0,True,Holmer_1992_Annular,120,None_MSE_Method_Assumed_Zenith,13.134344858082525,0.174163,82.04626482049582,1.2552856313738496,0.0,83.30155045186967,0.0,0.0049747118812702,DeepLabV3+_Xception65_ADE20K,C:\Users\pandya\OneDrive - UCL\Field experiment raw data\Complete Participantwise data\Final Data\ucm\P9\WalkG\ucm\CamUp\cam_20250806_114256.jpg,C:\Users\pandya\Documents\Github\docker\Paper3_Analysis\output\SVF Output\P9\WalkG\CamUp_SVF\cam_20250806_114256_svf.jpg,True,50.81074695,4.37041989,,,,,,,,,,,,,,,
P9,WalkG,cam_20250806_114257.jpg,2025-08-06 11:42:57,CamUp,neginja_MSE_SkyViewFactor_reference_table,"24,25,25,26,26,27,27,29,29,32,32,36,36,40,41,43,44",9d4c5f0c12889fb034103b01efa54b21690d648acad08c427f81fc6d33241e03,b677f291bd6311850d8cb19c1c51cfff76b3a1e2deece82b67687ca72a30d9f8,REFERENCE_OR_CUSTOM_TABLE_NOT_MARKED_LENS_VERIFIED,542.0,240.0,240.0,True,Holmer_1992_Annular,120,None_MSE_Method_Assumed_Zenith,12.39864024541912,0.112224,82.5376558052124,0.2935080009949424,0.0,82.83116380620734,0.0,0.929165630268358,DeepLabV3+_Xception65_ADE20K,C:\Users\pandya\OneDrive - UCL\Field experiment raw data\Complete Participantwise data\Final Data\ucm\P9\WalkG\ucm\CamUp\cam_20250806_114257.jpg,C:\Users\pandya\Documents\Github\docker\Paper3_Analysis\output\SVF Output\P9\WalkG\CamUp_SVF\cam_20250806_114257_svf.jpg,True,50.81073613,4.37042547,,,,,,,,,,,,,,,
P9,WalkG,cam_20250806_114258.jpg,2025-08-06 11:42:58,CamUp,neginja_MSE_SkyViewFactor_reference_table,"24,25,25,26,26,27,27,29,29,32,32,36,36,40,41,43,44",9d4c5f0c12889fb034103b01efa54b21690d648acad08c427f81fc6d33241e03,b677f291bd6311850d8cb19c1c51cfff76b3a1e2deece82b67687ca72a30d9f8,REFERENCE_OR_CUSTOM_TABLE_NOT_MARKED_LENS_VERIFIED,542.0,240.0,240.0,True,Holmer_1992_Annular,120,None_MSE_Method_Assumed_Zenith,7.936876433684327,0.077093,86.00834646104524,0.1713511870215294,0.0,86.17969764806676,0.0,1.1375507835171212,DeepLabV3+_Xception65_ADE20K,C:\Users\pandya\OneDrive - UCL\Field experiment raw data\Complete Participantwise data\Final Data\ucm\P9\WalkG\ucm\CamUp\cam_20250806_114258.jpg,C:\Users\pandya\Documents\Github\docker\Paper3_Analysis\output\SVF Output\P9\WalkG\CamUp_SVF\cam_20250806_114258_svf.jpg,True,50.81072408,4.37043175,,,,,,,,,,,,,,,
P9,WalkG,cam_20250806_114259.jpg,2025-08-06 11:42:59,CamUp,neginja_MSE_SkyViewFactor_reference_table,"24,25,25,26,26,27,27,29,29,32,32,36,36,40,41,43,44",9d4c5f0c12889fb034103b01efa54b21690d648acad08c427f81fc6d33241e03,b677f291bd6311850d8cb19c1c51cfff76b3a1e2deece82b67687ca72a30d9f8,REFERENCE_OR_CUSTOM_TABLE_NOT_MARKED_LENS_VERIFIED,542.0,240.0,240.0,True,Holmer_1992_Annular,120,None_MSE_Method_Assumed_Zenith,7.364784567338253,0.073137,91.0842108172346,0.0619075256335848,0.0,91.1461183428682,0.0,0.0502998645772876,DeepLabV3+_Xception65_ADE20K,C:\Users\pandya\OneDrive - UCL\Field experiment raw data\Complete Participantwise data\Final Data\ucm\P9\WalkG\ucm\CamUp\cam_20250806_114259.jpg,C:\Users\pandya\Documents\Github\docker\Paper3_Analysis\output\SVF Output\P9\WalkG\CamUp_SVF\cam_20250806_114259_svf.jpg,True,50.81070138,4.37044274,,,,,,,,,,,,,,,
P9,WalkG,cam_20250806_114300.jpg,2025-08-06 11:43:00,CamUp,neginja_MSE_SkyViewFactor_reference_table,"24,25,25,26,26,27,27,29,29,32,32,36,36,40,41,43,44",9d4c5f0c12889fb034103b01efa54b21690d648acad08c427f81fc6d33241e03,b677f291bd6311850d8cb19c1c51cfff76b3a1e2deece82b67687ca72a30d9f8,REFERENCE_OR_CUSTOM_TABLE_NOT_MARKED_LENS_VERIFIED,542.0,240.0,240.0,True,Holmer_1992_Annular,120,None_MSE_Method_Assumed_Zenith,10.58839786640135,0.089952,86.98062626095128,0.6284719343338032,0.0,87.60909819528509,0.0,0.0,DeepLabV3+_Xception65_ADE20K,C:\Users\pandya\OneDrive - UCL\Field experiment raw data\Complete Participantwise data\Final Data\ucm\P9\WalkG\ucm\CamUp\cam_20250806_114300.jpg,C:\Users\pandya\Documents\Github\docker\Paper3_Analysis\output\SVF Output\P9\WalkG\CamUp_SVF\cam_20250806_114300_svf.jpg,True,50.81069031,4.37044204,,,,,,,,,,,,,,,
P9,WalkG,cam_20250806_114301.jpg,2025-08-06 11:43:01,CamUp,neginja_MSE_SkyViewFactor_reference_table,"24,25,25,26,26,27,27,29,29,32,32,36,36,40,41,43,44",9d4c5f0c12889fb034103b01efa54b21690d648acad08c427f81fc6d33241e03,b677f291bd6311850d8cb19c1c51cfff76b3a1e2deece82b67687ca72a30d9f8,REFERENCE_OR_CUSTOM_TABLE_NOT_MARKED_LENS_VERIFIED,542.0,240.0,240.0,True,Holmer_1992_Annular,120,None_MSE_Method_Assumed_Zenith,6.456070530359562,0.080924,90.91009590139016,0.3930022386203466,0.0,91.30309814001048,0.0,0.0011054915291711,DeepLabV3+_Xception65_ADE20K,C:\Users\pandya\OneDrive - UCL\Field experiment raw data\Complete Participantwise data\Final Data\ucm\P9\WalkG\ucm\CamUp\cam_20250806_114301.jpg,C:\Users\pandya\Documents\Github\docker\Paper3_Analysis\output\SVF Output\P9\WalkG\CamUp_SVF\cam_20250806_114301_svf.jpg,True,50.81069031,4.37044204,,,,,,,,,,,,,,,
P9,WalkG,cam_20250806_114302.jpg,2025-08-06 11:43:02,CamUp,neginja_MSE_SkyViewFactor_reference_table,"24,25,25,26,26,27,27,29,29,32,32,36,36,40,41,43,44",9d4c5f0c12889fb034103b01efa54b21690d648acad08c427f81fc6d33241e03,b677f291bd6311850d8cb19c1c51cfff76b3a1e2deece82b67687ca72a30d9f8,REFERENCE_OR_CUSTOM_TABLE_NOT_MARKED_LENS_VERIFIED,542.0,240.0,240.0,True,Holmer_1992_Annular,120,None_MSE_Method_Assumed_Zenith,8.568112096841057,0.086786,88.56811209684106,0.7174640024320814,0.0,89.28557609927314,0.0,0.1586380344360611,DeepLabV3+_Xception65_ADE20K,C:\Users\pandya\OneDrive - UCL\Field experiment raw data\Complete Participantwise data\Final Data\ucm\P9\WalkG\ucm\CamUp\cam_20250806_114302.jpg,C:\Users\pandya\Documents\Github\docker\Paper3_Analysis\output\SVF Output\P9\WalkG\CamUp_SVF\cam_20250806_114302_svf.jpg,True,50.81066533,4.37045584,,,,,,,,,,,,,,,
P9,WalkG,cam_20250806_114303.jpg,2025-08-06 11:43:03,CamUp,neginja_MSE_SkyViewFactor_reference_table,"24,25,25,26,26,27,27,29,29,32,32,36,36,40,41,43,44",9d4c5f0c12889fb034103b01efa54b21690d648acad08c427f81fc6d33241e03,b677f291bd6311850d8cb19c1c51cfff76b3a1e2deece82b67687ca72a30d9f8,REFERENCE_OR_CUSTOM_TABLE_NOT_MARKED_LENS_VERIFIED,542.0,240.0,240.0,True,Holmer_1992_Annular,120,None_MSE_Method_Assumed_Zenith,9.136334742835032,0.106548,87.0524832103474,0.6953541718486582,0.0,87.74783738219607,0.0,0.6632949175026946,DeepLabV3+_Xception65_ADE20K,C:\Users\pandya\OneDrive - UCL\Field experiment raw data\Complete Participantwise data\Final Data\ucm\P9\WalkG\ucm\CamUp\cam_20250806_114303.jpg,C:\Users\pandya\Documents\Github\docker\Paper3_Analysis\output\SVF Output\P9\WalkG\CamUp_SVF\cam_20250806_114303_svf.jpg,True,50.81066029,4.3704591,,,,,,,,,,,,,,,
P9,WalkG,cam_20250806_114304.jpg,2025-08-06 11:43:04,CamUp,neginja_MSE_SkyViewFactor_reference_table,"24,25,25,26,26,27,27,29,29,32,32,36,36,40,41,43,44",9d4c5f0c12889fb034103b01efa54b21690d648acad08c427f81fc6d33241e03,b677f291bd6311850d8cb19c1c51cfff76b3a1e2deece82b67687ca72a30d9f8,REFERENCE_OR_CUSTOM_TABLE_NOT_MARKED_LENS_VERIFIED,542.0,240.0,240.0,True,Holmer_1992_Annular,120,None_MSE_Method_Assumed_Zenith,9.460796506646767,0.110067,81.62396705635243,4.0029848271287625,0.0,85.62695188348118,0.0,0.2277312550092584,DeepLabV3+_Xception65_ADE20K,C:\Users\pandya\OneDrive - UCL\Field experiment raw data\Complete Participantwise data\Final Data\ucm\P9\WalkG\ucm\CamUp\cam_20250806_114304.jpg,C:\Users\pandya\Documents\Github\docker\Paper3_Analysis\output\SVF Output\P9\WalkG\CamUp_SVF\cam_20250806_114304_svf.jpg,True,50.81066029,4.3704591,,,,,,,,,,,,,,,
P9,WalkG,cam_20250806_114305.jpg,2025-08-06 11:43:05,CamUp,neginja_MSE_SkyViewFactor_reference_table,"24,25,25,26,26,27,27,29,29,32,32,36,36,40,41,43,44",9d4c5f0c12889fb034103b01efa54b21690d648acad08c427f81fc6d33241e03,b677f291bd6311850d8cb19c1c51cfff76b3a1e2deece82b67687ca72a30d9f8,REFERENCE_OR_CUSTOM_TABLE_NOT_MARKED_LENS_VERIFIED,542.0,240.0,240.0,True,Holmer_1992_Annular,120,None_MSE_Method_Assumed_Zenith,8.20274714644999,0.090178,73.67382472431805,13.768896995826768,0.0,87.44272172014482,0.0,0.1586380344360611,DeepLabV3+_Xception65_ADE20K,C:\Users\pandya\OneDrive - UCL\Field experiment raw data\Complete Participantwise data\Final Data\ucm\P9\WalkG\ucm\CamUp\cam_20250806_114305.jpg,C:\Users\pandya\Documents\Github\docker\Paper3_Analysis\output\SVF Output\P9\WalkG\CamUp_SVF\cam_20250806_114305_svf.jpg,True,50.81063663,4.37046772,,,,,,,,,,,,,,,
P9,WalkG,cam_20250806_114306.jpg,2025-08-06 11:43:06,CamUp,neginja_MSE_SkyViewFactor_reference_table,"24,25,25,26,26,27,27,29,29,32,32,36,36,40,41,43,44",9d4c5f0c12889fb034103b01efa54b21690d648acad08c427f81fc6d33241e03,b677f291bd6311850d8cb19c1c51cfff76b3a1e2deece82b67687ca72a30d9f8,REFERENCE_OR_CUSTOM_TABLE_NOT_MARKED_LENS_VERIFIED,542.0,240.0,240.0,True,Holmer_1992_Annular,120,None_MSE_Method_Assumed_Zenith,8.848906945250532,0.098559,62.21429953292983,26.39803222507808,0.0,88.61233175800791,0.0,0.0375867119918193,DeepLabV3+_Xception65_ADE20K,C:\Users\pandya\OneDrive - UCL\Field experiment raw data\Complete Participantwise data\Final Data\ucm\P9\WalkG\ucm\CamUp\cam_20250806_114306.jpg,C:\Users\pandya\Documents\Github\docker\Paper3_Analysis\output\SVF Output\P9\WalkG\CamUp_SVF\cam_20250806_114306_svf.jpg,True,50.81062433,4.37047427,,,,,,,,,,,,,,,
P9,WalkG,cam_20250806_114307.jpg,2025-08-06 11:43:07,CamUp,neginja_MSE_SkyViewFactor_reference_table,"24,25,25,26,26,27,27,29,29,32,32,36,36,40,41,43,44",9d4c5f0c12889fb034103b01efa54b21690d648acad08c427f81fc6d33241e03,b677f291bd6311850d8cb19c1c51cfff76b3a1e2deece82b67687ca72a30d9f8,REFERENCE_OR_CUSTOM_TABLE_NOT_MARKED_LENS_VERIFIED,542.0,240.0,240.0,True,Holmer_1992_Annular,120,None_MSE_Method_Assumed_Zenith,7.050272227289059,0.108174,7.533372025536853,82.34308929607826,0.0,89.87646132161511,0.0,0.4300362048475803,DeepLabV3+_Xception65_ADE20K,C:\Users\pandya\OneDrive - UCL\Field experiment raw data\Complete Participantwise data\Final Data\ucm\P9\WalkG\ucm\CamUp\cam_20250806_114307.jpg,C:\Users\pandya\Documents\Github\docker\Paper3_Analysis\output\SVF Output\P9\WalkG\CamUp_SVF\cam_20250806_114307_svf.jpg,True,50.81061094,4.37048008,,,,,,,,,,,,,,,
P9,WalkG,cam_20250806_114308.jpg,2025-08-06 11:43:08,CamUp,neginja_MSE_SkyViewFactor_reference_table,"24,25,25,26,26,27,27,29,29,32,32,36,36,40,41,43,44",9d4c5f0c12889fb034103b01efa54b21690d648acad08c427f81fc6d33241e03,b677f291bd6311850d8cb19c1c51cfff76b3a1e2deece82b67687ca72a30d9f8,REFERENCE_OR_CUSTOM_TABLE_NOT_MARKED_LENS_VERIFIED,542.0,240.0,240.0,True,Holmer_1992_Annular,120,None_MSE_Method_Assumed_Zenith,11.457866954094465,0.138429,3.215322112594312,79.4179587098914,0.0,82.6332808224857,0.0,0.3460188486305723,DeepLabV3+_Xception65_ADE20K,C:\Users\pandya\OneDrive - UCL\Field experiment raw data\Complete Participantwise data\Final Data\ucm\P9\WalkG\ucm\CamUp\cam_20250806_114308.jpg,C:\Users\pandya\Documents\Github\docker\Paper3_Analysis\output\SVF Output\P9\WalkG\CamUp_SVF\cam_20250806_114308_svf.jpg,True,50.8105981,4.37048907,,,,,,,,,,,,,,,
P9,WalkG,cam_20250806_114309.jpg,2025-08-06 11:43:09,CamUp,neginja_MSE_SkyViewFactor_reference_table,"24,25,25,26,26,27,27,29,29,32,32,36,36,40,41,43,44",9d4c5f0c12889fb034103b01efa54b21690d648acad08c427f81fc6d33241e03,b677f291bd6311850d8cb19c1c51cfff76b3a1e2deece82b67687ca72a30d9f8,REFERENCE_OR_CUSTOM_TABLE_NOT_MARKED_LENS_VERIFIED,542.0,240.0,240.0,True,Holmer_1992_Annular,120,None_MSE_Method_Assumed_Zenith,22.700163060000552,0.264682,10.193737390487245,62.07556034601885,0.0,72.26929773650609,0.0138186441146394,0.0751734239836387,DeepLabV3+_Xception65_ADE20K,C:\Users\pandya\OneDrive - UCL\Field experiment raw data\Complete Participantwise data\Final Data\ucm\P9\WalkG\ucm\CamUp\cam_20250806_114309.jpg,C:\Users\pandya\Documents\Github\docker\Paper3_Analysis\output\SVF Output\P9\WalkG\CamUp_SVF\cam_20250806_114309_svf.jpg,True,50.8105981,4.37048907,,,,,,,,,,,,,,,
P9,WalkG,cam_20250806_114310.jpg,2025-08-06 11:43:10,CamUp,neginja_MSE_SkyViewFactor_reference_table,"24,25,25,26,26,27,27,29,29,32,32,36,36,40,41,43,44",9d4c5f0c12889fb034103b01efa54b21690d648acad08c427f81fc6d33241e03,b677f291bd6311850d8cb19c1c51cfff76b3a1e2deece82b67687ca72a30d9f8,REFERENCE_OR_CUSTOM_TABLE_NOT_MARKED_LENS_VERIFIED,542.0,240.0,240.0,True,Holmer_1992_Annular,120,None_MSE_Method_Assumed_Zenith,14.816902965481027,0.217967,83.26285824834866,0.3592847469806262,0.0,83.62214299532928,0.0,0.0,DeepLabV3+_Xception65_ADE20K,C:\Users\pandya\OneDrive - UCL\Field experiment raw data\Complete Participantwise data\Final Data\ucm\P9\WalkG\ucm\CamUp\cam_20250806_114310.jpg,C:\Users\pandya\Documents\Github\docker\Paper3_Analysis\output\SVF Output\P9\WalkG\CamUp_SVF\cam_20250806_114310_svf.jpg,True,50.81058598,4.3705012,,,,,,,,,,,,,,,
P9,WalkG,cam_20250806_114311.jpg,2025-08-06 11:43:11,CamUp,neginja_MSE_SkyViewFactor_reference_table,"24,25,25,26,26,27,27,29,29,32,32,36,36,40,41,43,44",9d4c5f0c12889fb034103b01efa54b21690d648acad08c427f81fc6d33241e03,b677f291bd6311850d8cb19c1c51cfff76b3a1e2deece82b67687ca72a30d9f8,REFERENCE_OR_CUSTOM_TABLE_NOT_MARKED_LENS_VERIFIED,542.0,240.0,240.0,True,Holmer_1992_Annular,120,None_MSE_Method_Assumed_Zenith,12.180305668407817,0.227631,83.98806069148496,0.0536163391648011,0.0,84.04167703064977,0.0,0.39631871320786,DeepLabV3+_Xception65_ADE20K,C:\Users\pandya\OneDrive - UCL\Field experiment raw data\Complete Participantwise data\Final Data\ucm\P9\WalkG\ucm\CamUp\cam_20250806_114311.jpg,C:\Users\pandya\Documents\Github\docker\Paper3_Analysis\output\SVF Output\P9\WalkG\CamUp_SVF\cam_20250806_114311_svf.jpg,True,50.81056182,4.37050954,,,,,,,,,,,,,,,
P9,WalkG,cam_20250806_114312.jpg,2025-08-06 11:43:12,CamUp,neginja_MSE_SkyViewFactor_reference_table,"24,25,25,26,26,27,27,29,29,32,32,36,36,40,41,43,44",9d4c5f0c12889fb034103b01efa54b21690d648acad08c427f81fc6d33241e03,b677f291bd6311850d8cb19c1c51cfff76b3a1e2deece82b67687ca72a30d9f8,REFERENCE_OR_CUSTOM_TABLE_NOT_MARKED_LENS_VERIFIED,542.0,240.0,240.0,True,Holmer_1992_Annular,120,None_MSE_Method_Assumed_Zenith,12.96354641682558,0.230522,85.40585357764697,0.0033164745875134,0.0,85.40917005223447,0.0,0.0,DeepLabV3+_Xception65_ADE20K,C:\Users\pandya\OneDrive - UCL\Field experiment raw data\Complete Participantwise data\Final Data\ucm\P9\WalkG\ucm\CamUp\cam_20250806_114312.jpg,C:\Users\pandya\Documents\Github\docker\Paper3_Analysis\output\SVF Output\P9\WalkG\CamUp_SVF\cam_20250806_114312_svf.jpg,True,50.81056182,4.37050954,,,,,,,,,,,,,,,
P9,WalkG,cam_20250806_114313.jpg,2025-08-06 11:43:13,CamUp,neginja_MSE_SkyViewFactor_reference_table,"24,25,25,26,26,27,27,29,29,32,32,36,36,40,41,43,44",9d4c5f0c12889fb034103b01efa54b21690d648acad08c427f81fc6d33241e03,b677f291bd6311850d8cb19c1c51cfff76b3a1e2deece82b67687ca72a30d9f8,REFERENCE_OR_CUSTOM_TABLE_NOT_MARKED_LENS_VERIFIED,542.0,240.0,240.0,True,Holmer_1992_Annular,120,None_MSE_Method_Assumed_Zenith,11.665699361578644,0.210967,88.04355636624935,0.0,0.0,88.04355636624935,0.0,0.0,DeepLabV3+_Xception65_ADE20K,C:\Users\pandya\OneDrive - UCL\Field experiment raw data\Complete Participantwise data\Final Data\ucm\P9\WalkG\ucm\CamUp\cam_20250806_114313.jpg,C:\Users\pandya\Documents\Github\docker\Paper3_Analysis\output\SVF Output\P9\WalkG\CamUp_SVF\cam_20250806_114313_svf.jpg,True,50.81054953,4.37050989,,,,,,,,,,,,,,,
P9,WalkG,cam_20250806_114314.jpg,2025-08-06 11:43:14,CamUp,neginja_MSE_SkyViewFactor_reference_table,"24,25,25,26,26,27,27,29,29,32,32,36,36,40,41,43,44",9d4c5f0c12889fb034103b01efa54b21690d648acad08c427f81fc6d33241e03,b677f291bd6311850d8cb19c1c51cfff76b3a1e2deece82b67687ca72a30d9f8,REFERENCE_OR_CUSTOM_TABLE_NOT_MARKED_LENS_VERIFIED,542.0,240.0,240.0,True,Holmer_1992_Annular,120,None_MSE_Method_Assumed_Zenith,11.046071359478209,0.201725,88.87599148771523,0.0,0.0,88.87599148771523,0.0,0.0116076610562971,DeepLabV3+_Xception65_ADE20K,C:\Users\pandya\OneDrive - UCL\Field experiment raw data\Complete Participantwise data\Final Data\ucm\P9\WalkG\ucm\CamUp\cam_20250806_114314.jpg,C:\Users\pandya\Documents\Github\docker\Paper3_Analysis\output\SVF Output\P9\WalkG\CamUp_SVF\cam_20250806_114314_svf.jpg,True,50.81053725,4.37051338,,,,,,,,,,,,,,,
P9,WalkG,cam_20250806_114315.jpg,2025-08-06 11:43:15,CamUp,neginja_MSE_SkyViewFactor_reference_table,"24,25,25,26,26,27,27,29,29,32,32,36,36,40,41,43,44",9d4c5f0c12889fb034103b01efa54b21690d648acad08c427f81fc6d33241e03,b677f291bd6311850d8cb19c1c51cfff76b3a1e2deece82b67687ca72a30d9f8,REFERENCE_OR_CUSTOM_TABLE_NOT_MARKED_LENS_VERIFIED,542.0,240.0,240.0,True,Holmer_1992_Annular,120,None_MSE_Method_Assumed_Zenith,10.793466545062598,0.167986,88.29892490948788,0.0,0.0,88.29892490948788,0.0,0.0,DeepLabV3+_Xception65_ADE20K,C:\Users\pandya\OneDrive - UCL\Field experiment raw data\Complete Participantwise data\Final Data\ucm\P9\WalkG\ucm\CamUp\cam_20250806_114315.jpg,C:\Users\pandya\Documents\Github\docker\Paper3_Analysis\output\SVF Output\P9\WalkG\CamUp_SVF\cam_20250806_114315_svf.jpg,True,50.8105158,4.37051925,,,,,,,,,,,,,,,
P9,WalkG,cam_20250806_114316.jpg,2025-08-06 11:43:16,CamUp,neginja_MSE_SkyViewFactor_reference_table,"24,25,25,26,26,27,27,29,29,32,32,36,36,40,41,43,44",9d4c5f0c12889fb034103b01efa54b21690d648acad08c427f81fc6d33241e03,b677f291bd6311850d8cb19c1c51cfff76b3a1e2deece82b67687ca72a30d9f8,REFERENCE_OR_CUSTOM_TABLE_NOT_MARKED_LENS_VERIFIED,542.0,240.0,240.0,True,Holmer_1992_Annular,120,None_MSE_Method_Assumed_Zenith,8.312743553602521,0.127235,90.58121217146171,0.5632479341127049,0.0,91.14446010557444,0.0,0.1813006107840698,DeepLabV3+_Xception65_ADE20K,C:\Users\pandya\OneDrive - UCL\Field experiment raw data\Complete Participantwise data\Final Data\ucm\P9\WalkG\ucm\CamUp\cam_20250806_114316.jpg,C:\Users\pandya\Documents\Github\docker\Paper3_Analysis\output\SVF Output\P9\WalkG\CamUp_SVF\cam_20250806_114316_svf.jpg,True,50.8105158,4.37051925,,,,,,,,,,,,,,,
P9,WalkG,cam_20250806_114317.jpg,2025-08-06 11:43:17,CamUp,neginja_MSE_SkyViewFactor_reference_table,"24,25,25,26,26,27,27,29,29,32,32,36,36,40,41,43,44",9d4c5f0c12889fb034103b01efa54b21690d648acad08c427f81fc6d33241e03,b677f291bd6311850d8cb19c1c51cfff76b3a1e2deece82b67687ca72a30d9f8,REFERENCE_OR_CUSTOM_TABLE_NOT_MARKED_LENS_VERIFIED,542.0,240.0,240.0,True,Holmer_1992_Annular,120,None_MSE_Method_Assumed_Zenith,8.800818063731587,0.108129,90.786280850123,0.0,0.0,90.786280850123,0.0,0.0475361357543597,DeepLabV3+_Xception65_ADE20K,C:\Users\pandya\OneDrive - UCL\Field experiment raw data\Complete Participantwise data\Final Data\ucm\P9\WalkG\ucm\CamUp\cam_20250806_114317.jpg,C:\Users\pandya\Documents\Github\docker\Paper3_Analysis\output\SVF Output\P9\WalkG\CamUp_SVF\cam_20250806_114317_svf.jpg,True,50.81050418,4.37052395,,,,,,,,,,,,,,,
P9,WalkG,cam_20250806_114318.jpg,2025-08-06 11:43:18,CamUp,neginja_MSE_SkyViewFactor_reference_table,"24,25,25,26,26,27,27,29,29,32,32,36,36,40,41,43,44",9d4c5f0c12889fb034103b01efa54b21690d648acad08c427f81fc6d33241e03,b677f291bd6311850d8cb19c1c51cfff76b3a1e2deece82b67687ca72a30d9f8,REFERENCE_OR_CUSTOM_TABLE_NOT_MARKED_LENS_VERIFIED,542.0,240.0,240.0,True,Holmer_1992_Annular,120,None_MSE_Method_Assumed_Zenith,7.075145786695409,0.092008,92.7982754332145,0.0210043390542519,0.0,92.81927977226876,0.0,0.0011054915291711,DeepLabV3+_Xception65_ADE20K,C:\Users\pandya\OneDrive - UCL\Field experiment raw data\Complete Participantwise data\Final Data\ucm\P9\WalkG\ucm\CamUp\cam_20250806_114318.jpg,C:\Users\pandya\Documents\Github\docker\Paper3_Analysis\output\SVF Output\P9\WalkG\CamUp_SVF\cam_20250806_114318_svf.jpg,True,50.81048142,4.37054107,,,,,,,,,,,,,,,
P9,WalkG,cam_20250806_114319.jpg,2025-08-06 11:43:19,CamUp,neginja_MSE_SkyViewFactor_reference_table,"24,25,25,26,26,27,27,29,29,32,32,36,36,40,41,43,44",9d4c5f0c12889fb034103b01efa54b21690d648acad08c427f81fc6d33241e03,b677f291bd6311850d8cb19c1c51cfff76b3a1e2deece82b67687ca72a30d9f8,REFERENCE_OR_CUSTOM_TABLE_NOT_MARKED_LENS_VERIFIED,542.0,240.0,240.0,True,Holmer_1992_Annular,120,None_MSE_Method_Assumed_Zenith,6.338888428267418,0.053643,92.83586214520632,0.0873338308045214,0.0,92.92319597601085,0.0,0.123262305502584,DeepLabV3+_Xception65_ADE20K,C:\Users\pandya\OneDrive - UCL\Field experiment raw data\Complete Participantwise data\Final Data\ucm\P9\WalkG\ucm\CamUp\cam_20250806_114319.jpg,C:\Users\pandya\Documents\Github\docker\Paper3_Analysis\output\SVF Output\P9\WalkG\CamUp_SVF\cam_20250806_114319_svf.jpg,True,50.81048142,4.37054107,,,,,,,,,,,,,,,
P9,WalkG,cam_20250806_114320.jpg,2025-08-06 11:43:20,CamUp,neginja_MSE_SkyViewFactor_reference_table,"24,25,25,26,26,27,27,29,29,32,32,36,36,40,41,43,44",9d4c5f0c12889fb034103b01efa54b21690d648acad08c427f81fc6d33241e03,b677f291bd6311850d8cb19c1c51cfff76b3a1e2deece82b67687ca72a30d9f8,REFERENCE_OR_CUSTOM_TABLE_NOT_MARKED_LENS_VERIFIED,542.0,240.0,240.0,True,Holmer_1992_Annular,120,None_MSE_Method_Assumed_Zenith,5.216261780394108,0.045994,94.17074316668048,0.0,0.0,94.17074316668048,0.0,0.0,DeepLabV3+_Xception65_ADE20K,C:\Users\pandya\OneDrive - UCL\Field experiment raw data\Complete Participantwise data\Final Data\ucm\P9\WalkG\ucm\CamUp\cam_20250806_114320.jpg,C:\Users\pandya\Documents\Github\docker\Paper3_Analysis\output\SVF Output\P9\WalkG\CamUp_SVF\cam_20250806_114320_svf.jpg,True,50.81045788,4.37055289,,,,,,,,,,,,,,,
P9,WalkG,cam_20250806_114321.jpg,2025-08-06 11:43:21,CamUp,neginja_MSE_SkyViewFactor_reference_table,"24,25,25,26,26,27,27,29,29,32,32,36,36,40,41,43,44",9d4c5f0c12889fb034103b01efa54b21690d648acad08c427f81fc6d33241e03,b677f291bd6311850d8cb19c1c51cfff76b3a1e2deece82b67687ca72a30d9f8,REFERENCE_OR_CUSTOM_TABLE_NOT_MARKED_LENS_VERIFIED,542.0,240.0,240.0,True,Holmer_1992_Annular,120,None_MSE_Method_Assumed_Zenith,5.498714866097338,0.042863,91.35671447917532,0.0,0.0,91.35671447917532,0.0,0.2365751872426277,DeepLabV3+_Xception65_ADE20K,C:\Users\pandya\OneDrive - UCL\Field experiment raw data\Complete Participantwise data\Final Data\ucm\P9\WalkG\ucm\CamUp\cam_20250806_114321.jpg,C:\Users\pandya\Documents\Github\docker\Paper3_Analysis\output\SVF Output\P9\WalkG\CamUp_SVF\cam_20250806_114321_svf.jpg,True,50.81044592,4.37056191,,,,,,,,,,,,,,,
P9,WalkG,cam_20250806_114322.jpg,2025-08-06 11:43:22,CamUp,neginja_MSE_SkyViewFactor_reference_table,"24,25,25,26,26,27,27,29,29,32,32,36,36,40,41,43,44",9d4c5f0c12889fb034103b01efa54b21690d648acad08c427f81fc6d33241e03,b677f291bd6311850d8cb19c1c51cfff76b3a1e2deece82b67687ca72a30d9f8,REFERENCE_OR_CUSTOM_TABLE_NOT_MARKED_LENS_VERIFIED,542.0,240.0,240.0,True,Holmer_1992_Annular,120,None_MSE_Method_Assumed_Zenith,2.434845092999475,0.023191,96.15896968189482,0.0602492883398281,0.0,96.21921897023464,0.0,0.0105021695271259,DeepLabV3+_Xception65_ADE20K,C:\Users\pandya\OneDrive - UCL\Field experiment raw data\Complete Participantwise data\Final Data\ucm\P9\WalkG\ucm\CamUp\cam_20250806_114322.jpg,C:\Users\pandya\Documents\Github\docker\Paper3_Analysis\output\SVF Output\P9\WalkG\CamUp_SVF\cam_20250806_114322_svf.jpg,True,50.81043781,4.37056483,,,,,,,,,,,,,,,
P9,WalkG,cam_20250806_114323.jpg,2025-08-06 11:43:23,CamUp,neginja_MSE_SkyViewFactor_reference_table,"24,25,25,26,26,27,27,29,29,32,32,36,36,40,41,43,44",9d4c5f0c12889fb034103b01efa54b21690d648acad08c427f81fc6d33241e03,b677f291bd6311850d8cb19c1c51cfff76b3a1e2deece82b67687ca72a30d9f8,REFERENCE_OR_CUSTOM_TABLE_NOT_MARKED_LENS_VERIFIED,542.0,240.0,240.0,True,Holmer_1992_Annular,120,None_MSE_Method_Assumed_Zenith,2.123649227537794,0.015617,96.10093137661332,0.0,0.0,96.10093137661332,0.0,0.1426084072630793,DeepLabV3+_Xception65_ADE20K,C:\Users\pandya\OneDrive - UCL\Field experiment raw data\Complete Participantwise data\Final Data\ucm\P9\WalkG\ucm\CamUp\cam_20250806_114323.jpg,C:\Users\pandya\Documents\Github\docker\Paper3_Analysis\output\SVF Output\P9\WalkG\CamUp_SVF\cam_20250806_114323_svf.jpg,True,50.81042959,4.3705669,,,,,,,,,,,,,,,
P9,WalkG,cam_20250806_114324.jpg,2025-08-06 11:43:24,CamUp,neginja_MSE_SkyViewFactor_reference_table,"24,25,25,26,26,27,27,29,29,32,32,36,36,40,41,43,44",9d4c5f0c12889fb034103b01efa54b21690d648acad08c427f81fc6d33241e03,b677f291bd6311850d8cb19c1c51cfff76b3a1e2deece82b67687ca72a30d9f8,REFERENCE_OR_CUSTOM_TABLE_NOT_MARKED_LENS_VERIFIED,542.0,240.0,240.0,True,Holmer_1992_Annular,120,None_MSE_Method_Assumed_Zenith,4.1345383191001295,0.016212,86.37260591990714,0.0,0.0,86.37260591990714,0.0,0.5969654257524252,DeepLabV3+_Xception65_ADE20K,C:\Users\pandya\OneDrive - UCL\Field experiment raw data\Complete Participantwise data\Final Data\ucm\P9\WalkG\ucm\CamUp\cam_20250806_114324.jpg,C:\Users\pandya\Documents\Github\docker\Paper3_Analysis\output\SVF Output\P9\WalkG\CamUp_SVF\cam_20250806_114324_svf.jpg,True,50.81042959,4.3705669,,,,,,,,,,,,,,,
P9,WalkG,cam_20250806_114325.jpg,2025-08-06 11:43:25,CamUp,neginja_MSE_SkyViewFactor_reference_table,"24,25,25,26,26,27,27,29,29,32,32,36,36,40,41,43,44",9d4c5f0c12889fb034103b01efa54b21690d648acad08c427f81fc6d33241e03,b677f291bd6311850d8cb19c1c51cfff76b3a1e2deece82b67687ca72a30d9f8,REFERENCE_OR_CUSTOM_TABLE_NOT_MARKED_LENS_VERIFIED,542.0,240.0,240.0,True,Holmer_1992_Annular,120,None_MSE_Method_Assumed_Zenith,2.280629024680098,0.008475,96.97537517618773,0.0,0.0,96.97537517618773,0.0,0.1398446784401514,DeepLabV3+_Xception65_ADE20K,C:\Users\pandya\OneDrive - UCL\Field experiment raw data\Complete Participantwise data\Final Data\ucm\P9\WalkG\ucm\CamUp\cam_20250806_114325.jpg,C:\Users\pandya\Documents\Github\docker\Paper3_Analysis\output\SVF Output\P9\WalkG\CamUp_SVF\cam_20250806_114325_svf.jpg,True,50.81039978,4.37056922,,,,,,,,,,,,,,,
P9,WalkG,cam_20250806_114326.jpg,2025-08-06 11:43:26,CamUp,neginja_MSE_SkyViewFactor_reference_table,"24,25,25,26,26,27,27,29,29,32,32,36,36,40,41,43,44",9d4c5f0c12889fb034103b01efa54b21690d648acad08c427f81fc6d33241e03,b677f291bd6311850d8cb19c1c51cfff76b3a1e2deece82b67687ca72a30d9f8,REFERENCE_OR_CUSTOM_TABLE_NOT_MARKED_LENS_VERIFIED,542.0,240.0,240.0,True,Holmer_1992_Annular,120,None_MSE_Method_Assumed_Zenith,1.0231324102479065,0.004015,94.21496282784732,0.0,0.0,94.21496282784732,0.0,0.0331647458751347,DeepLabV3+_Xception65_ADE20K,C:\Users\pandya\OneDrive - UCL\Field experiment raw data\Complete Participantwise data\Final Data\ucm\P9\WalkG\ucm\CamUp\cam_20250806_114326.jpg,C:\Users\pandya\Documents\Github\docker\Paper3_Analysis\output\SVF Output\P9\WalkG\CamUp_SVF\cam_20250806_114326_svf.jpg,True,50.81039978,4.37056922,,,,,,,,,,,,,,,
P9,WalkG,cam_20250806_114327.jpg,2025-08-06 11:43:27,CamUp,neginja_MSE_SkyViewFactor_reference_table,"24,25,25,26,26,27,27,29,29,32,32,36,36,40,41,43,44",9d4c5f0c12889fb034103b01efa54b21690d648acad08c427f81fc6d33241e03,b677f291bd6311850d8cb19c1c51cfff76b3a1e2deece82b67687ca72a30d9f8,REFERENCE_OR_CUSTOM_TABLE_NOT_MARKED_LENS_VERIFIED,542.0,240.0,240.0,True,Holmer_1992_Annular,120,None_MSE_Method_Assumed_Zenith,1.2895558687781556,0.008056,92.72973495840588,0.0,0.0,92.72973495840588,0.0,0.0,DeepLabV3+_Xception65_ADE20K,C:\Users\pandya\OneDrive - UCL\Field experiment raw data\Complete Participantwise data\Final Data\ucm\P9\WalkG\ucm\CamUp\cam_20250806_114327.jpg,C:\Users\pandya\Documents\Github\docker\Paper3_Analysis\output\SVF Output\P9\WalkG\CamUp_SVF\cam_20250806_114327_svf.jpg,True,50.81038862,4.37055696,,,,,,,,,,,,,,,
P9,WalkG,cam_20250806_114328.jpg,2025-08-06 11:43:28,CamUp,neginja_MSE_SkyViewFactor_reference_table,"24,25,25,26,26,27,27,29,29,32,32,36,36,40,41,43,44",9d4c5f0c12889fb034103b01efa54b21690d648acad08c427f81fc6d33241e03,b677f291bd6311850d8cb19c1c51cfff76b3a1e2deece82b67687ca72a30d9f8,REFERENCE_OR_CUSTOM_TABLE_NOT_MARKED_LENS_VERIFIED,542.0,240.0,240.0,True,Holmer_1992_Annular,120,None_MSE_Method_Assumed_Zenith,1.5819583782439268,0.013348,95.74993781610148,0.0,0.0,95.74993781610148,0.0,0.0,DeepLabV3+_Xception65_ADE20K,C:\Users\pandya\OneDrive - UCL\Field experiment raw data\Complete Participantwise data\Final Data\ucm\P9\WalkG\ucm\CamUp\cam_20250806_114328.jpg,C:\Users\pandya\Documents\Github\docker\Paper3_Analysis\output\SVF Output\P9\WalkG\CamUp_SVF\cam_20250806_114328_svf.jpg,True,50.810448,4.370577,,,,,,,,,,,,,,,
P9,WalkG,cam_20250806_114329.jpg,2025-08-06 11:43:29,CamUp,neginja_MSE_SkyViewFactor_reference_table,"24,25,25,26,26,27,27,29,29,32,32,36,36,40,41,43,44",9d4c5f0c12889fb034103b01efa54b21690d648acad08c427f81fc6d33241e03,b677f291bd6311850d8cb19c1c51cfff76b3a1e2deece82b67687ca72a30d9f8,REFERENCE_OR_CUSTOM_TABLE_NOT_MARKED_LENS_VERIFIED,542.0,240.0,240.0,True,Holmer_1992_Annular,120,None_MSE_Method_Assumed_Zenith,2.2347511262194955,0.018274,97.10692866815909,0.0,0.0,97.10692866815909,0.0,0.0,DeepLabV3+_Xception65_ADE20K,C:\Users\pandya\OneDrive - UCL\Field experiment raw data\Complete Participantwise data\Final Data\ucm\P9\WalkG\ucm\CamUp\cam_20250806_114329.jpg,C:\Users\pandya\Documents\Github\docker\Paper3_Analysis\output\SVF Output\P9\WalkG\CamUp_SVF\cam_20250806_114329_svf.jpg,True,50.81037905,4.37056009,,,,,,,,,,,,,,,
P9,WalkG,cam_20250806_114330.jpg,2025-08-06 11:43:30,CamUp,neginja_MSE_SkyViewFactor_reference_table,"24,25,25,26,26,27,27,29,29,32,32,36,36,40,41,43,44",9d4c5f0c12889fb034103b01efa54b21690d648acad08c427f81fc6d33241e03,b677f291bd6311850d8cb19c1c51cfff76b3a1e2deece82b67687ca72a30d9f8,REFERENCE_OR_CUSTOM_TABLE_NOT_MARKED_LENS_VERIFIED,542.0,240.0,240.0,True,Holmer_1992_Annular,120,None_MSE_Method_Assumed_Zenith,1.7151701075090513,0.014724,93.79487604676228,0.0,0.0,93.79487604676228,0.0,0.0,DeepLabV3+_Xception65_ADE20K,C:\Users\pandya\OneDrive - UCL\Field experiment raw data\Complete Participantwise data\Final Data\ucm\P9\WalkG\ucm\CamUp\cam_20250806_114330.jpg,C:\Users\pandya\Documents\Github\docker\Paper3_Analysis\output\SVF Output\P9\WalkG\CamUp_SVF\cam_20250806_114330_svf.jpg,True,50.81037905,4.37056009,,,,,,,,,,,,,,,
P9,WalkG,cam_20250806_114331.jpg,2025-08-06 11:43:31,CamUp,neginja_MSE_SkyViewFactor_reference_table,"24,25,25,26,26,27,27,29,29,32,32,36,36,40,41,43,44",9d4c5f0c12889fb034103b01efa54b21690d648acad08c427f81fc6d33241e03,b677f291bd6311850d8cb19c1c51cfff76b3a1e2deece82b67687ca72a30d9f8,REFERENCE_OR_CUSTOM_TABLE_NOT_MARKED_LENS_VERIFIED,542.0,240.0,240.0,True,Holmer_1992_Annular,120,None_MSE_Method_Assumed_Zenith,3.187132078600448,0.013102,92.61310560207832,0.0,0.0,92.61310560207832,0.0,0.0,DeepLabV3+_Xception65_ADE20K,C:\Users\pandya\OneDrive - UCL\Field experiment raw data\Complete Participantwise data\Final Data\ucm\P9\WalkG\ucm\CamUp\cam_20250806_114331.jpg,C:\Users\pandya\Documents\Github\docker\Paper3_Analysis\output\SVF Output\P9\WalkG\CamUp_SVF\cam_20250806_114331_svf.jpg,True,50.81035071,4.37060469,,,,,,,,,,,,,,,
P9,WalkG,cam_20250806_114332.jpg,2025-08-06 11:43:32,CamUp,neginja_MSE_SkyViewFactor_reference_table,"24,25,25,26,26,27,27,29,29,32,32,36,36,40,41,43,44",9d4c5f0c12889fb034103b01efa54b21690d648acad08c427f81fc6d33241e03,b677f291bd6311850d8cb19c1c51cfff76b3a1e2deece82b67687ca72a30d9f8,REFERENCE_OR_CUSTOM_TABLE_NOT_MARKED_LENS_VERIFIED,542.0,240.0,240.0,True,Holmer_1992_Annular,120,None_MSE_Method_Assumed_Zenith,2.52052068651024,0.005306,95.31382140784346,0.0,0.0,95.31382140784346,0.0,0.0,DeepLabV3+_Xception65_ADE20K,C:\Users\pandya\OneDrive - UCL\Field experiment raw data\Complete Participantwise data\Final Data\ucm\P9\WalkG\ucm\CamUp\cam_20250806_114332.jpg,C:\Users\pandya\Documents\Github\docker\Paper3_Analysis\output\SVF Output\P9\WalkG\CamUp_SVF\cam_20250806_114332_svf.jpg,True,50.81035071,4.37060469,,,,,,,,,,,,,,,
P9,WalkG,cam_20250806_114333.jpg,2025-08-06 11:43:33,CamUp,neginja_MSE_SkyViewFactor_reference_table,"24,25,25,26,26,27,27,29,29,32,32,36,36,40,41,43,44",9d4c5f0c12889fb034103b01efa54b21690d648acad08c427f81fc6d33241e03,b677f291bd6311850d8cb19c1c51cfff76b3a1e2deece82b67687ca72a30d9f8,REFERENCE_OR_CUSTOM_TABLE_NOT_MARKED_LENS_VERIFIED,542.0,240.0,240.0,True,Holmer_1992_Annular,120,None_MSE_Method_Assumed_Zenith,1.0430312577729872,0.000812,93.23715557029544,0.0,0.0,93.23715557029544,0.0,0.0,DeepLabV3+_Xception65_ADE20K,C:\Users\pandya\OneDrive - UCL\Field experiment raw data\Complete Participantwise data\Final Data\ucm\P9\WalkG\ucm\CamUp\cam_20250806_114333.jpg,C:\Users\pandya\Documents\Github\docker\Paper3_Analysis\output\SVF Output\P9\WalkG\CamUp_SVF\cam_20250806_114333_svf.jpg,True,50.8103255,4.37063243,,,,,,,,,,,,,,,
P9,WalkG,cam_20250806_114334.jpg,2025-08-06 11:43:34,CamUp,neginja_MSE_SkyViewFactor_reference_table,"24,25,25,26,26,27,27,29,29,32,32,36,36,40,41,43,44",9d4c5f0c12889fb034103b01efa54b21690d648acad08c427f81fc6d33241e03,b677f291bd6311850d8cb19c1c51cfff76b3a1e2deece82b67687ca72a30d9f8,REFERENCE_OR_CUSTOM_TABLE_NOT_MARKED_LENS_VERIFIED,542.0,240.0,240.0,True,Holmer_1992_Annular,120,None_MSE_Method_Assumed_Zenith,0.4090318657933283,0.000138,87.23986402454192,0.0,0.0,87.23986402454192,0.0,0.0,DeepLabV3+_Xception65_ADE20K,C:\Users\pandya\OneDrive - UCL\Field experiment raw data\Complete Participantwise data\Final Data\ucm\P9\WalkG\ucm\CamUp\cam_20250806_114334.jpg,C:\Users\pandya\Documents\Github\docker\Paper3_Analysis\output\SVF Output\P9\WalkG\CamUp_SVF\cam_20250806_114334_svf.jpg,True,50.81030434,4.37062893,,,,,,,,,,,,,,,
P9,WalkG,cam_20250806_114335.jpg,2025-08-06 11:43:35,CamUp,neginja_MSE_SkyViewFactor_reference_table,"24,25,25,26,26,27,27,29,29,32,32,36,36,40,41,43,44",9d4c5f0c12889fb034103b01efa54b21690d648acad08c427f81fc6d33241e03,b677f291bd6311850d8cb19c1c51cfff76b3a1e2deece82b67687ca72a30d9f8,REFERENCE_OR_CUSTOM_TABLE_NOT_MARKED_LENS_VERIFIED,542.0,240.0,240.0,True,Holmer_1992_Annular,120,None_MSE_Method_Assumed_Zenith,0.1785368819611419,3.8e-05,91.06818119006164,0.0,0.0,91.06818119006164,0.0,0.0,DeepLabV3+_Xception65_ADE20K,C:\Users\pandya\OneDrive - UCL\Field experiment raw data\Complete Participantwise data\Final Data\ucm\P9\WalkG\ucm\CamUp\cam_20250806_114335.jpg,C:\Users\pandya\Documents\Github\docker\Paper3_Analysis\output\SVF Output\P9\WalkG\CamUp_SVF\cam_20250806_114335_svf.jpg,True,50.81028905,4.37064907,,,,,,,,,,,,,,,
P9,WalkG,cam_20250806_114336.jpg,2025-08-06 11:43:36,CamUp,neginja_MSE_SkyViewFactor_reference_table,"24,25,25,26,26,27,27,29,29,32,32,36,36,40,41,43,44",9d4c5f0c12889fb034103b01efa54b21690d648acad08c427f81fc6d33241e03,b677f291bd6311850d8cb19c1c51cfff76b3a1e2deece82b67687ca72a30d9f8,REFERENCE_OR_CUSTOM_TABLE_NOT_MARKED_LENS_VERIFIED,542.0,240.0,240.0,True,Holmer_1992_Annular,120,None_MSE_Method_Assumed_Zenith,1.1591078683359588,0.001746,98.41472514716855,0.0,0.0,98.41472514716855,0.0,0.0,DeepLabV3+_Xception65_ADE20K,C:\Users\pandya\OneDrive - UCL\Field experiment raw data\Complete Participantwise data\Final Data\ucm\P9\WalkG\ucm\CamUp\cam_20250806_114336.jpg,C:\Users\pandya\Documents\Github\docker\Paper3_Analysis\output\SVF Output\P9\WalkG\CamUp_SVF\cam_20250806_114336_svf.jpg,True,50.81028905,4.37064907,,,,,,,,,,,,,,,
P9,WalkG,cam_20250806_114337.jpg,2025-08-06 11:43:37,CamUp,neginja_MSE_SkyViewFactor_reference_table,"24,25,25,26,26,27,27,29,29,32,32,36,36,40,41,43,44",9d4c5f0c12889fb034103b01efa54b21690d648acad08c427f81fc6d33241e03,b677f291bd6311850d8cb19c1c51cfff76b3a1e2deece82b67687ca72a30d9f8,REFERENCE_OR_CUSTOM_TABLE_NOT_MARKED_LENS_VERIFIED,542.0,240.0,240.0,True,Holmer_1992_Annular,120,None_MSE_Method_Assumed_Zenith,0.0005527457645855,7e-06,99.8656827792057,0.0,0.0,99.8656827792057,0.0,0.0,DeepLabV3+_Xception65_ADE20K,C:\Users\pandya\OneDrive - UCL\Field experiment raw data\Complete Participantwise data\Final Data\ucm\P9\WalkG\ucm\CamUp\cam_20250806_114337.jpg,C:\Users\pandya\Documents\Github\docker\Paper3_Analysis\output\SVF Output\P9\WalkG\CamUp_SVF\cam_20250806_114337_svf.jpg,True,50.8102796,4.37065867,,,,,,,,,,,,,,,
P9,WalkG,cam_20250806_114338.jpg,2025-08-06 11:43:38,CamUp,neginja_MSE_SkyViewFactor_reference_table,"24,25,25,26,26,27,27,29,29,32,32,36,36,40,41,43,44",9d4c5f0c12889fb034103b01efa54b21690d648acad08c427f81fc6d33241e03,b677f291bd6311850d8cb19c1c51cfff76b3a1e2deece82b67687ca72a30d9f8,REFERENCE_OR_CUSTOM_TABLE_NOT_MARKED_LENS_VERIFIED,542.0,240.0,240.0,True,Holmer_1992_Annular,120,None_MSE_Method_Assumed_Zenith,0.0005527457645855,3e-06,96.53428405604842,0.0,0.0,96.53428405604842,0.0,0.0066329491750269,DeepLabV3+_Xception65_ADE20K,C:\Users\pandya\OneDrive - UCL\Field experiment raw data\Complete Participantwise data\Final Data\ucm\P9\WalkG\ucm\CamUp\cam_20250806_114338.jpg,C:\Users\pandya\Documents\Github\docker\Paper3_Analysis\output\SVF Output\P9\WalkG\CamUp_SVF\cam_20250806_114338_svf.jpg,True,50.810344,4.370633,,,,,,,,,,,,,,,
P9,WalkG,cam_20250806_114339.jpg,2025-08-06 11:43:39,CamUp,neginja_MSE_SkyViewFactor_reference_table,"24,25,25,26,26,27,27,29,29,32,32,36,36,40,41,43,44",9d4c5f0c12889fb034103b01efa54b21690d648acad08c427f81fc6d33241e03,b677f291bd6311850d8cb19c1c51cfff76b3a1e2deece82b67687ca72a30d9f8,REFERENCE_OR_CUSTOM_TABLE_NOT_MARKED_LENS_VERIFIED,542.0,240.0,240.0,True,Holmer_1992_Annular,120,None_MSE_Method_Assumed_Zenith,0.0071856949396125,8.9e-05,88.96940552193018,2.07666583754802,0.0,91.0460713594782,0.0,0.0,DeepLabV3+_Xception65_ADE20K,C:\Users\pandya\OneDrive - UCL\Field experiment raw data\Complete Participantwise data\Final Data\ucm\P9\WalkG\ucm\CamUp\cam_20250806_114339.jpg,C:\Users\pandya\Documents\Github\docker\Paper3_Analysis\output\SVF Output\P9\WalkG\CamUp_SVF\cam_20250806_114339_svf.jpg,True,50.810344,4.370633,,,,,,,,,,,,,,,
P9,WalkG,cam_20250806_114340.jpg,2025-08-06 11:43:40,CamUp,neginja_MSE_SkyViewFactor_reference_table,"24,25,25,26,26,27,27,29,29,32,32,36,36,40,41,43,44",9d4c5f0c12889fb034103b01efa54b21690d648acad08c427f81fc6d33241e03,b677f291bd6311850d8cb19c1c51cfff76b3a1e2deece82b67687ca72a30d9f8,REFERENCE_OR_CUSTOM_TABLE_NOT_MARKED_LENS_VERIFIED,542.0,240.0,240.0,True,Holmer_1992_Annular,120,None_MSE_Method_Assumed_Zenith,0.0,0.0,96.41876019125004,0.0,0.0,96.41876019125004,0.0,0.0,DeepLabV3+_Xception65_ADE20K,C:\Users\pandya\OneDrive - UCL\Field experiment raw data\Complete Participantwise data\Final Data\ucm\P9\WalkG\ucm\CamUp\cam_20250806_114340.jpg,C:\Users\pandya\Documents\Github\docker\Paper3_Analysis\output\SVF Output\P9\WalkG\CamUp_SVF\cam_20250806_114340_svf.jpg,True,50.810304,4.370644,,,,,,,,,,,,,,,
P9,WalkG,cam_20250806_114341.jpg,2025-08-06 11:43:41,CamUp,neginja_MSE_SkyViewFactor_reference_table,"24,25,25,26,26,27,27,29,29,32,32,36,36,40,41,43,44",9d4c5f0c12889fb034103b01efa54b21690d648acad08c427f81fc6d33241e03,b677f291bd6311850d8cb19c1c51cfff76b3a1e2deece82b67687ca72a30d9f8,REFERENCE_OR_CUSTOM_TABLE_NOT_MARKED_LENS_VERIFIED,542.0,240.0,240.0,True,Holmer_1992_Annular,120,None_MSE_Method_Assumed_Zenith,0.2890860348782577,0.000107,86.47044192023878,0.0,0.0,86.47044192023878,0.0,0.0,DeepLabV3+_Xception65_ADE20K,C:\Users\pandya\OneDrive - UCL\Field experiment raw data\Complete Participantwise data\Final Data\ucm\P9\WalkG\ucm\CamUp\cam_20250806_114341.jpg,C:\Users\pandya\Documents\Github\docker\Paper3_Analysis\output\SVF Output\P9\WalkG\CamUp_SVF\cam_20250806_114341_svf.jpg,True,50.81021616,4.37067632,,,,,,,,,,,,,,,
P9,WalkG,cam_20250806_114342.jpg,2025-08-06 11:43:42,CamUp,neginja_MSE_SkyViewFactor_reference_table,"24,25,25,26,26,27,27,29,29,32,32,36,36,40,41,43,44",9d4c5f0c12889fb034103b01efa54b21690d648acad08c427f81fc6d33241e03,b677f291bd6311850d8cb19c1c51cfff76b3a1e2deece82b67687ca72a30d9f8,REFERENCE_OR_CUSTOM_TABLE_NOT_MARKED_LENS_VERIFIED,542.0,240.0,240.0,True,Holmer_1992_Annular,120,None_MSE_Method_Assumed_Zenith,0.7047508498466131,0.005759,95.17176574634496,0.0,0.0,95.17176574634496,0.0,0.0,DeepLabV3+_Xception65_ADE20K,C:\Users\pandya\OneDrive - UCL\Field experiment raw data\Complete Participantwise data\Final Data\ucm\P9\WalkG\ucm\CamUp\cam_20250806_114342.jpg,C:\Users\pandya\Documents\Github\docker\Paper3_Analysis\output\SVF Output\P9\WalkG\CamUp_SVF\cam_20250806_114342_svf.jpg,True,50.81020833,4.37068158,,,,,,,,,,,,,,,
P9,WalkG,cam_20250806_114343.jpg,2025-08-06 11:43:43,CamUp,neginja_MSE_SkyViewFactor_reference_table,"24,25,25,26,26,27,27,29,29,32,32,36,36,40,41,43,44",9d4c5f0c12889fb034103b01efa54b21690d648acad08c427f81fc6d33241e03,b677f291bd6311850d8cb19c1c51cfff76b3a1e2deece82b67687ca72a30d9f8,REFERENCE_OR_CUSTOM_TABLE_NOT_MARKED_LENS_VERIFIED,542.0,240.0,240.0,True,Holmer_1992_Annular,120,None_MSE_Method_Assumed_Zenith,1.903103667468148,0.035642,93.84959787745626,0.0,0.0,93.84959787745626,0.0,0.0011054915291711,DeepLabV3+_Xception65_ADE20K,C:\Users\pandya\OneDrive - UCL\Field experiment raw data\Complete Participantwise data\Final Data\ucm\P9\WalkG\ucm\CamUp\cam_20250806_114343.jpg,C:\Users\pandya\Documents\Github\docker\Paper3_Analysis\output\SVF Output\P9\WalkG\CamUp_SVF\cam_20250806_114343_svf.jpg,True,50.81019706,4.3706862,,,,,,,,,,,,,,,
P9,WalkG,cam_20250806_114344.jpg,2025-08-06 11:43:44,CamUp,neginja_MSE_SkyViewFactor_reference_table,"24,25,25,26,26,27,27,29,29,32,32,36,36,40,41,43,44",9d4c5f0c12889fb034103b01efa54b21690d648acad08c427f81fc6d33241e03,b677f291bd6311850d8cb19c1c51cfff76b3a1e2deece82b67687ca72a30d9f8,REFERENCE_OR_CUSTOM_TABLE_NOT_MARKED_LENS_VERIFIED,542.0,240.0,240.0,True,Holmer_1992_Annular,120,None_MSE_Method_Assumed_Zenith,4.140065776745986,0.081007,93.97672940331094,0.0005527457645855,0.0,93.97728214907552,0.0,0.0536163391648011,DeepLabV3+_Xception65_ADE20K,C:\Users\pandya\OneDrive - UCL\Field experiment raw data\Complete Participantwise data\Final Data\ucm\P9\WalkG\ucm\CamUp\cam_20250806_114344.jpg,C:\Users\pandya\Documents\Github\docker\Paper3_Analysis\output\SVF Output\P9\WalkG\CamUp_SVF\cam_20250806_114344_svf.jpg,True,50.81019706,4.3706862,,,,,,,,,,,,,,,
P9,WalkG,cam_20250806_114345.jpg,2025-08-06 11:43:45,CamUp,neginja_MSE_SkyViewFactor_reference_table,"24,25,25,26,26,27,27,29,29,32,32,36,36,40,41,43,44",9d4c5f0c12889fb034103b01efa54b21690d648acad08c427f81fc6d33241e03,b677f291bd6311850d8cb19c1c51cfff76b3a1e2deece82b67687ca72a30d9f8,REFERENCE_OR_CUSTOM_TABLE_NOT_MARKED_LENS_VERIFIED,542.0,240.0,240.0,True,Holmer_1992_Annular,120,None_MSE_Method_Assumed_Zenith,4.905618660697012,0.098594,90.17107481413925,0.0127131525854683,0.0,90.18378796672472,0.0,0.0033164745875134,DeepLabV3+_Xception65_ADE20K,C:\Users\pandya\OneDrive - UCL\Field experiment raw data\Complete Participantwise data\Final Data\ucm\P9\WalkG\ucm\CamUp\cam_20250806_114345.jpg,C:\Users\pandya\Documents\Github\docker\Paper3_Analysis\output\SVF Output\P9\WalkG\CamUp_SVF\cam_20250806_114345_svf.jpg,True,50.810163,4.37074147,,,,,,,,,,,,,,,
P9,WalkG,cam_20250806_114346.jpg,2025-08-06 11:43:46,CamUp,neginja_MSE_SkyViewFactor_reference_table,"24,25,25,26,26,27,27,29,29,32,32,36,36,40,41,43,44",9d4c5f0c12889fb034103b01efa54b21690d648acad08c427f81fc6d33241e03,b677f291bd6311850d8cb19c1c51cfff76b3a1e2deece82b67687ca72a30d9f8,REFERENCE_OR_CUSTOM_TABLE_NOT_MARKED_LENS_VERIFIED,542.0,240.0,240.0,True,Holmer_1992_Annular,120,None_MSE_Method_Assumed_Zenith,4.153884420860625,0.08087,92.43069949976508,0.031506508581378,0.0,92.46220600834646,0.0,0.0,DeepLabV3+_Xception65_ADE20K,C:\Users\pandya\OneDrive - UCL\Field experiment raw data\Complete Participantwise data\Final Data\ucm\P9\WalkG\ucm\CamUp\cam_20250806_114346.jpg,C:\Users\pandya\Documents\Github\docker\Paper3_Analysis\output\SVF Output\P9\WalkG\CamUp_SVF\cam_20250806_114346_svf.jpg,True,50.81014709,4.37074588,,,,,,,,,,,,,,,
P9,WalkG,cam_20250806_114347.jpg,2025-08-06 11:43:47,CamUp,neginja_MSE_SkyViewFactor_reference_table,"24,25,25,26,26,27,27,29,29,32,32,36,36,40,41,43,44",9d4c5f0c12889fb034103b01efa54b21690d648acad08c427f81fc6d33241e03,b677f291bd6311850d8cb19c1c51cfff76b3a1e2deece82b67687ca72a30d9f8,REFERENCE_OR_CUSTOM_TABLE_NOT_MARKED_LENS_VERIFIED,542.0,240.0,240.0,True,Holmer_1992_Annular,120,None_MSE_Method_Assumed_Zenith,4.651355608987646,0.074505,87.55105989000359,0.0,0.0,87.55105989000359,0.0,0.2266257634800873,DeepLabV3+_Xception65_ADE20K,C:\Users\pandya\OneDrive - UCL\Field experiment raw data\Complete Participantwise data\Final Data\ucm\P9\WalkG\ucm\CamUp\cam_20250806_114347.jpg,C:\Users\pandya\Documents\Github\docker\Paper3_Analysis\output\SVF Output\P9\WalkG\CamUp_SVF\cam_20250806_114347_svf.jpg,True,50.81013438,4.37074934,,,,,,,,,,,,,,,
P9,WalkG,cam_20250806_114348.jpg,2025-08-06 11:43:48,CamUp,neginja_MSE_SkyViewFactor_reference_table,"24,25,25,26,26,27,27,29,29,32,32,36,36,40,41,43,44",9d4c5f0c12889fb034103b01efa54b21690d648acad08c427f81fc6d33241e03,b677f291bd6311850d8cb19c1c51cfff76b3a1e2deece82b67687ca72a30d9f8,REFERENCE_OR_CUSTOM_TABLE_NOT_MARKED_LENS_VERIFIED,542.0,240.0,240.0,True,Holmer_1992_Annular,120,None_MSE_Method_Assumed_Zenith,3.129093773318962,0.053222,95.81239808749964,0.0,0.0,95.81239808749964,0.0,0.0,DeepLabV3+_Xception65_ADE20K,C:\Users\pandya\OneDrive - UCL\Field experiment raw data\Complete Participantwise data\Final Data\ucm\P9\WalkG\ucm\CamUp\cam_20250806_114348.jpg,C:\Users\pandya\Documents\Github\docker\Paper3_Analysis\output\SVF Output\P9\WalkG\CamUp_SVF\cam_20250806_114348_svf.jpg,True,50.81014895,4.37076503,,,,,,,,,,,,,,,
P9,WalkG,cam_20250806_114349.jpg,2025-08-06 11:43:49,CamUp,neginja_MSE_SkyViewFactor_reference_table,"24,25,25,26,26,27,27,29,29,32,32,36,36,40,41,43,44",9d4c5f0c12889fb034103b01efa54b21690d648acad08c427f81fc6d33241e03,b677f291bd6311850d8cb19c1c51cfff76b3a1e2deece82b67687ca72a30d9f8,REFERENCE_OR_CUSTOM_TABLE_NOT_MARKED_LENS_VERIFIED,542.0,240.0,240.0,True,Holmer_1992_Annular,120,None_MSE_Method_Assumed_Zenith,2.877041704667938,0.040448,95.66592045988448,0.0,0.0,95.66592045988448,0.0,0.0005527457645855,DeepLabV3+_Xception65_ADE20K,C:\Users\pandya\OneDrive - UCL\Field experiment raw data\Complete Participantwise data\Final Data\ucm\P9\WalkG\ucm\CamUp\cam_20250806_114349.jpg,C:\Users\pandya\Documents\Github\docker\Paper3_Analysis\output\SVF Output\P9\WalkG\CamUp_SVF\cam_20250806_114349_svf.jpg,True,50.81014895,4.37076503,,,,,,,,,,,,,,,
P9,WalkG,cam_20250806_114350.jpg,2025-08-06 11:43:50,CamUp,neginja_MSE_SkyViewFactor_reference_table,"24,25,25,26,26,27,27,29,29,32,32,36,36,40,41,43,44",9d4c5f0c12889fb034103b01efa54b21690d648acad08c427f81fc6d33241e03,b677f291bd6311850d8cb19c1c51cfff76b3a1e2deece82b67687ca72a30d9f8,REFERENCE_OR_CUSTOM_TABLE_NOT_MARKED_LENS_VERIFIED,542.0,240.0,240.0,True,Holmer_1992_Annular,120,None_MSE_Method_Assumed_Zenith,2.12420197330238,0.02301,97.44963104220211,0.0,0.0,97.44963104220211,0.0,0.0,DeepLabV3+_Xception65_ADE20K,C:\Users\pandya\OneDrive - UCL\Field experiment raw data\Complete Participantwise data\Final Data\ucm\P9\WalkG\ucm\CamUp\cam_20250806_114350.jpg,C:\Users\pandya\Documents\Github\docker\Paper3_Analysis\output\SVF Output\P9\WalkG\CamUp_SVF\cam_20250806_114350_svf.jpg,True,50.81014541,4.37077479,,,,,,,,,,,,,,,
P9,WalkG,cam_20250806_114351.jpg,2025-08-06 11:43:51,CamUp,neginja_MSE_SkyViewFactor_reference_table,"24,25,25,26,26,27,27,29,29,32,32,36,36,40,41,43,44",9d4c5f0c12889fb034103b01efa54b21690d648acad08c427f81fc6d33241e03,b677f291bd6311850d8cb19c1c51cfff76b3a1e2deece82b67687ca72a30d9f8,REFERENCE_OR_CUSTOM_TABLE_NOT_MARKED_LENS_VERIFIED,542.0,240.0,240.0,True,Holmer_1992_Annular,120,None_MSE_Method_Assumed_Zenith,1.845618107951248,0.013753,95.42547605228977,0.0,0.0,95.42547605228977,0.0,0.0,DeepLabV3+_Xception65_ADE20K,C:\Users\pandya\OneDrive - UCL\Field experiment raw data\Complete Participantwise data\Final Data\ucm\P9\WalkG\ucm\CamUp\cam_20250806_114351.jpg,C:\Users\pandya\Documents\Github\docker\Paper3_Analysis\output\SVF Output\P9\WalkG\CamUp_SVF\cam_20250806_114351_svf.jpg,True,50.81011141,4.3707905,,,,,,,,,,,,,,,
P9,WalkG,cam_20250806_114352.jpg,2025-08-06 11:43:52,CamUp,neginja_MSE_SkyViewFactor_reference_table,"24,25,25,26,26,27,27,29,29,32,32,36,36,40,41,43,44",9d4c5f0c12889fb034103b01efa54b21690d648acad08c427f81fc6d33241e03,b677f291bd6311850d8cb19c1c51cfff76b3a1e2deece82b67687ca72a30d9f8,REFERENCE_OR_CUSTOM_TABLE_NOT_MARKED_LENS_VERIFIED,542.0,240.0,240.0,True,Holmer_1992_Annular,120,None_MSE_Method_Assumed_Zenith,1.7555205483237986,0.005595,95.48848906945253,0.0,0.0,95.48848906945253,0.0,0.0,DeepLabV3+_Xception65_ADE20K,C:\Users\pandya\OneDrive - UCL\Field experiment raw data\Complete Participantwise data\Final Data\ucm\P9\WalkG\ucm\CamUp\cam_20250806_114352.jpg,C:\Users\pandya\Documents\Github\docker\Paper3_Analysis\output\SVF Output\P9\WalkG\CamUp_SVF\cam_20250806_114352_svf.jpg,True,50.81010012,4.37079655,,,,,,,,,,,,,,,
P9,WalkG,cam_20250806_114353.jpg,2025-08-06 11:43:53,CamUp,neginja_MSE_SkyViewFactor_reference_table,"24,25,25,26,26,27,27,29,29,32,32,36,36,40,41,43,44",9d4c5f0c12889fb034103b01efa54b21690d648acad08c427f81fc6d33241e03,b677f291bd6311850d8cb19c1c51cfff76b3a1e2deece82b67687ca72a30d9f8,REFERENCE_OR_CUSTOM_TABLE_NOT_MARKED_LENS_VERIFIED,542.0,240.0,240.0,True,Holmer_1992_Annular,120,None_MSE_Method_Assumed_Zenith,2.1269657021253074,0.004165,90.52317386618026,0.0,0.0,90.52317386618026,0.0,0.0,DeepLabV3+_Xception65_ADE20K,C:\Users\pandya\OneDrive - UCL\Field experiment raw data\Complete Participantwise data\Final Data\ucm\P9\WalkG\ucm\CamUp\cam_20250806_114353.jpg,C:\Users\pandya\Documents\Github\docker\Paper3_Analysis\output\SVF Output\P9\WalkG\CamUp_SVF\cam_20250806_114353_svf.jpg,True,50.81010012,4.37079655,,,,,,,,,,,,,,,
P9,WalkG,cam_20250806_114354.jpg,2025-08-06 11:43:54,CamUp,neginja_MSE_SkyViewFactor_reference_table,"24,25,25,26,26,27,27,29,29,32,32,36,36,40,41,43,44",9d4c5f0c12889fb034103b01efa54b21690d648acad08c427f81fc6d33241e03,b677f291bd6311850d8cb19c1c51cfff76b3a1e2deece82b67687ca72a30d9f8,REFERENCE_OR_CUSTOM_TABLE_NOT_MARKED_LENS_VERIFIED,542.0,240.0,240.0,True,Holmer_1992_Annular,120,None_MSE_Method_Assumed_Zenith,1.4432191913329464,0.002296,91.60710831053257,0.0,0.0,91.60710831053257,0.0,0.0,DeepLabV3+_Xception65_ADE20K,C:\Users\pandya\OneDrive - UCL\Field experiment raw data\Complete Participantwise data\Final Data\ucm\P9\WalkG\ucm\CamUp\cam_20250806_114354.jpg,C:\Users\pandya\Documents\Github\docker\Paper3_Analysis\output\SVF Output\P9\WalkG\CamUp_SVF\cam_20250806_114354_svf.jpg,True,50.81008625,4.37080101,,,,,,,,,,,,,,,
P9,WalkG,cam_20250806_114355.jpg,2025-08-06 11:43:55,CamUp,neginja_MSE_SkyViewFactor_reference_table,"24,25,25,26,26,27,27,29,29,32,32,36,36,40,41,43,44",9d4c5f0c12889fb034103b01efa54b21690d648acad08c427f81fc6d33241e03,b677f291bd6311850d8cb19c1c51cfff76b3a1e2deece82b67687ca72a30d9f8,REFERENCE_OR_CUSTOM_TABLE_NOT_MARKED_LENS_VERIFIED,542.0,240.0,240.0,True,Holmer_1992_Annular,120,None_MSE_Method_Assumed_Zenith,0.2537103059447807,0.001981,96.47956222535444,0.0,0.0,96.47956222535444,0.0,0.0022109830583423,DeepLabV3+_Xception65_ADE20K,C:\Users\pandya\OneDrive - UCL\Field experiment raw data\Complete Participantwise data\Final Data\ucm\P9\WalkG\ucm\CamUp\cam_20250806_114355.jpg,C:\Users\pandya\Documents\Github\docker\Paper3_Analysis\output\SVF Output\P9\WalkG\CamUp_SVF\cam_20250806_114355_svf.jpg,True,50.81006708,4.37080713,,,,,,,,,,,,,,,
P9,WalkG,cam_20250806_114356.jpg,2025-08-06 11:43:56,CamUp,neginja_MSE_SkyViewFactor_reference_table,"24,25,25,26,26,27,27,29,29,32,32,36,36,40,41,43,44",9d4c5f0c12889fb034103b01efa54b21690d648acad08c427f81fc6d33241e03,b677f291bd6311850d8cb19c1c51cfff76b3a1e2deece82b67687ca72a30d9f8,REFERENCE_OR_CUSTOM_TABLE_NOT_MARKED_LENS_VERIFIED,542.0,240.0,240.0,True,Holmer_1992_Annular,120,None_MSE_Method_Assumed_Zenith,1.0839344443523202,0.004591,94.6836912362159,0.0,0.0,94.6836912362159,0.0,0.0,DeepLabV3+_Xception65_ADE20K,C:\Users\pandya\OneDrive - UCL\Field experiment raw data\Complete Participantwise data\Final Data\ucm\P9\WalkG\ucm\CamUp\cam_20250806_114356.jpg,C:\Users\pandya\Documents\Github\docker\Paper3_Analysis\output\SVF Output\P9\WalkG\CamUp_SVF\cam_20250806_114356_svf.jpg,True,50.81005542,4.37081392,,,,,,,,,,,,,,,
P9,WalkG,cam_20250806_114357.jpg,2025-08-06 11:43:57,CamUp,neginja_MSE_SkyViewFactor_reference_table,"24,25,25,26,26,27,27,29,29,32,32,36,36,40,41,43,44",9d4c5f0c12889fb034103b01efa54b21690d648acad08c427f81fc6d33241e03,b677f291bd6311850d8cb19c1c51cfff76b3a1e2deece82b67687ca72a30d9f8,REFERENCE_OR_CUSTOM_TABLE_NOT_MARKED_LENS_VERIFIED,542.0,240.0,240.0,True,Holmer_1992_Annular,120,None_MSE_Method_Assumed_Zenith,0.3780781029765359,0.005387,92.3837161097753,0.0,0.0,92.3837161097753,0.0,0.0,DeepLabV3+_Xception65_ADE20K,C:\Users\pandya\OneDrive - UCL\Field experiment raw data\Complete Participantwise data\Final Data\ucm\P9\WalkG\ucm\CamUp\cam_20250806_114357.jpg,C:\Users\pandya\Documents\Github\docker\Paper3_Analysis\output\SVF Output\P9\WalkG\CamUp_SVF\cam_20250806_114357_svf.jpg,True,50.81003858,4.37081689,,,,,,,,,,,,,,,
P9,WalkG,cam_20250806_114358.jpg,2025-08-06 11:43:58,CamUp,neginja_MSE_SkyViewFactor_reference_table,"24,25,25,26,26,27,27,29,29,32,32,36,36,40,41,43,44",9d4c5f0c12889fb034103b01efa54b21690d648acad08c427f81fc6d33241e03,b677f291bd6311850d8cb19c1c51cfff76b3a1e2deece82b67687ca72a30d9f8,REFERENCE_OR_CUSTOM_TABLE_NOT_MARKED_LENS_VERIFIED,542.0,240.0,240.0,True,Holmer_1992_Annular,120,None_MSE_Method_Assumed_Zenith,1.8749136334742835,0.014366,90.95265732526325,2.303291601028107,0.0,93.25594892629135,0.0,0.0,DeepLabV3+_Xception65_ADE20K,C:\Users\pandya\OneDrive - UCL\Field experiment raw data\Complete Participantwise data\Final Data\ucm\P9\WalkG\ucm\CamUp\cam_20250806_114358.jpg,C:\Users\pandya\Documents\Github\docker\Paper3_Analysis\output\SVF Output\P9\WalkG\CamUp_SVF\cam_20250806_114358_svf.jpg,True,50.81003858,4.37081689,,,,,,,,,,,,,,,
P9,WalkG,cam_20250806_114359.jpg,2025-08-06 11:43:59,CamUp,neginja_MSE_SkyViewFactor_reference_table,"24,25,25,26,26,27,27,29,29,32,32,36,36,40,41,43,44",9d4c5f0c12889fb034103b01efa54b21690d648acad08c427f81fc6d33241e03,b677f291bd6311850d8cb19c1c51cfff76b3a1e2deece82b67687ca72a30d9f8,REFERENCE_OR_CUSTOM_TABLE_NOT_MARKED_LENS_VERIFIED,542.0,240.0,240.0,True,Holmer_1992_Annular,120,None_MSE_Method_Assumed_Zenith,0.742890307603018,0.010717,92.54401238150513,1.486886106735207,0.0,94.03089848824034,0.0,0.0,DeepLabV3+_Xception65_ADE20K,C:\Users\pandya\OneDrive - UCL\Field experiment raw data\Complete Participantwise data\Final Data\ucm\P9\WalkG\ucm\CamUp\cam_20250806_114359.jpg,C:\Users\pandya\Documents\Github\docker\Paper3_Analysis\output\SVF Output\P9\WalkG\CamUp_SVF\cam_20250806_114359_svf.jpg,True,50.81000462,4.37083913,,,,,,,,,,,,,,,
P9,WalkG,cam_20250806_114400.jpg,2025-08-06 11:44:00,CamUp,neginja_MSE_SkyViewFactor_reference_table,"24,25,25,26,26,27,27,29,29,32,32,36,36,40,41,43,44",9d4c5f0c12889fb034103b01efa54b21690d648acad08c427f81fc6d33241e03,b677f291bd6311850d8cb19c1c51cfff76b3a1e2deece82b67687ca72a30d9f8,REFERENCE_OR_CUSTOM_TABLE_NOT_MARKED_LENS_VERIFIED,542.0,240.0,240.0,True,Holmer_1992_Annular,120,None_MSE_Method_Assumed_Zenith,0.431694442141337,0.00256,91.32741895365228,2.4652461100516816,0.0,93.79266506370396,0.0,0.0,DeepLabV3+_Xception65_ADE20K,C:\Users\pandya\OneDrive - UCL\Field experiment raw data\Complete Participantwise data\Final Data\ucm\P9\WalkG\ucm\CamUp\cam_20250806_114400.jpg,C:\Users\pandya\Documents\Github\docker\Paper3_Analysis\output\SVF Output\P9\WalkG\CamUp_SVF\cam_20250806_114400_svf.jpg,True,50.80999639,4.3708463,,,,,,,,,,,,,,,
P9,WalkG,cam_20250806_114401.jpg,2025-08-06 11:44:01,CamUp,neginja_MSE_SkyViewFactor_reference_table,"24,25,25,26,26,27,27,29,29,32,32,36,36,40,41,43,44",9d4c5f0c12889fb034103b01efa54b21690d648acad08c427f81fc6d33241e03,b677f291bd6311850d8cb19c1c51cfff76b3a1e2deece82b67687ca72a30d9f8,REFERENCE_OR_CUSTOM_TABLE_NOT_MARKED_LENS_VERIFIED,542.0,240.0,240.0,True,Holmer_1992_Annular,120,None_MSE_Method_Assumed_Zenith,2.9792996711162703,0.018462,87.2442859906586,5.767902053450515,0.0,93.01218804410912,0.0,0.0,DeepLabV3+_Xception65_ADE20K,C:\Users\pandya\OneDrive - UCL\Field experiment raw data\Complete Participantwise data\Final Data\ucm\P9\WalkG\ucm\CamUp\cam_20250806_114401.jpg,C:\Users\pandya\Documents\Github\docker\Paper3_Analysis\output\SVF Output\P9\WalkG\CamUp_SVF\cam_20250806_114401_svf.jpg,True,50.80998974,4.37085608,,,,,,,,,,,,,,,
P9,WalkG,cam_20250806_114402.jpg,2025-08-06 11:44:02,CamUp,neginja_MSE_SkyViewFactor_reference_table,"24,25,25,26,26,27,27,29,29,32,32,36,36,40,41,43,44",9d4c5f0c12889fb034103b01efa54b21690d648acad08c427f81fc6d33241e03,b677f291bd6311850d8cb19c1c51cfff76b3a1e2deece82b67687ca72a30d9f8,REFERENCE_OR_CUSTOM_TABLE_NOT_MARKED_LENS_VERIFIED,542.0,240.0,240.0,True,Holmer_1992_Annular,120,None_MSE_Method_Assumed_Zenith,1.066799325650167,0.0111,89.78636376198767,6.031561783157836,0.0,95.81792554514551,0.0,0.0,DeepLabV3+_Xception65_ADE20K,C:\Users\pandya\OneDrive - UCL\Field experiment raw data\Complete Participantwise data\Final Data\ucm\P9\WalkG\ucm\CamUp\cam_20250806_114402.jpg,C:\Users\pandya\Documents\Github\docker\Paper3_Analysis\output\SVF Output\P9\WalkG\CamUp_SVF\cam_20250806_114402_svf.jpg,True,50.80998974,4.37085608,,,,,,,,,,,,,,,
P9,WalkG,cam_20250806_114403.jpg,2025-08-06 11:44:03,CamUp,neginja_MSE_SkyViewFactor_reference_table,"24,25,25,26,26,27,27,29,29,32,32,36,36,40,41,43,44",9d4c5f0c12889fb034103b01efa54b21690d648acad08c427f81fc6d33241e03,b677f291bd6311850d8cb19c1c51cfff76b3a1e2deece82b67687ca72a30d9f8,REFERENCE_OR_CUSTOM_TABLE_NOT_MARKED_LENS_VERIFIED,542.0,240.0,240.0,True,Holmer_1992_Annular,120,None_MSE_Method_Assumed_Zenith,1.4415609540391898,0.011797,85.09686869524361,8.731172097393804,0.0,93.82804079263742,0.0,0.0,DeepLabV3+_Xception65_ADE20K,C:\Users\pandya\OneDrive - UCL\Field experiment raw data\Complete Participantwise data\Final Data\ucm\P9\WalkG\ucm\CamUp\cam_20250806_114403.jpg,C:\Users\pandya\Documents\Github\docker\Paper3_Analysis\output\SVF Output\P9\WalkG\CamUp_SVF\cam_20250806_114403_svf.jpg,True,50.80997491,4.37087417,,,,,,,,,,,,,,,
P9,WalkG,cam_20250806_114404.jpg,2025-08-06 11:44:04,CamUp,neginja_MSE_SkyViewFactor_reference_table,"24,25,25,26,26,27,27,29,29,32,32,36,36,40,41,43,44",9d4c5f0c12889fb034103b01efa54b21690d648acad08c427f81fc6d33241e03,b677f291bd6311850d8cb19c1c51cfff76b3a1e2deece82b67687ca72a30d9f8,REFERENCE_OR_CUSTOM_TABLE_NOT_MARKED_LENS_VERIFIED,542.0,240.0,240.0,True,Holmer_1992_Annular,120,None_MSE_Method_Assumed_Zenith,5.881767680955145,0.03976,77.87413978940386,12.139955227593068,0.0,90.01409501699692,0.0,0.0,DeepLabV3+_Xception65_ADE20K,C:\Users\pandya\OneDrive - UCL\Field experiment raw data\Complete Participantwise data\Final Data\ucm\P9\WalkG\ucm\CamUp\cam_20250806_114404.jpg,C:\Users\pandya\Documents\Github\docker\Paper3_Analysis\output\SVF Output\P9\WalkG\CamUp_SVF\cam_20250806_114404_svf.jpg,True,50.80996806,4.37087832,,,,,,,,,,,,,,,
P9,WalkG,cam_20250806_114405.jpg,2025-08-06 11:44:05,CamUp,neginja_MSE_SkyViewFactor_reference_table,"24,25,25,26,26,27,27,29,29,32,32,36,36,40,41,43,44",9d4c5f0c12889fb034103b01efa54b21690d648acad08c427f81fc6d33241e03,b677f291bd6311850d8cb19c1c51cfff76b3a1e2deece82b67687ca72a30d9f8,REFERENCE_OR_CUSTOM_TABLE_NOT_MARKED_LENS_VERIFIED,542.0,240.0,240.0,True,Holmer_1992_Annular,120,None_MSE_Method_Assumed_Zenith,2.319873973965674,0.027155,91.14335461404526,1.8804410911201392,0.0,93.0237957051654,0.0,0.0,DeepLabV3+_Xception65_ADE20K,C:\Users\pandya\OneDrive - UCL\Field experiment raw data\Complete Participantwise data\Final Data\ucm\P9\WalkG\ucm\CamUp\cam_20250806_114405.jpg,C:\Users\pandya\Documents\Github\docker\Paper3_Analysis\output\SVF Output\P9\WalkG\CamUp_SVF\cam_20250806_114405_svf.jpg,True,50.80995564,4.37089111,,,,,,,,,,,,,,,
P9,WalkG,cam_20250806_114406.jpg,2025-08-06 11:44:06,CamUp,neginja_MSE_SkyViewFactor_reference_table,"24,25,25,26,26,27,27,29,29,32,32,36,36,40,41,43,44",9d4c5f0c12889fb034103b01efa54b21690d648acad08c427f81fc6d33241e03,b677f291bd6311850d8cb19c1c51cfff76b3a1e2deece82b67687ca72a30d9f8,REFERENCE_OR_CUSTOM_TABLE_NOT_MARKED_LENS_VERIFIED,542.0,240.0,240.0,True,Holmer_1992_Annular,120,None_MSE_Method_Assumed_Zenith,4.43965398115137,0.05112,91.41143630986927,0.0071856949396125,0.0,91.41862200480888,0.0,0.0,DeepLabV3+_Xception65_ADE20K,C:\Users\pandya\OneDrive - UCL\Field experiment raw data\Complete Participantwise data\Final Data\ucm\P9\WalkG\ucm\CamUp\cam_20250806_114406.jpg,C:\Users\pandya\Documents\Github\docker\Paper3_Analysis\output\SVF Output\P9\WalkG\CamUp_SVF\cam_20250806_114406_svf.jpg,True,50.80994083,4.37090612,,,,,,,,,,,,,,,
P9,WalkG,cam_20250806_114407.jpg,2025-08-06 11:44:07,CamUp,neginja_MSE_SkyViewFactor_reference_table,"24,25,25,26,26,27,27,29,29,32,32,36,36,40,41,43,44",9d4c5f0c12889fb034103b01efa54b21690d648acad08c427f81fc6d33241e03,b677f291bd6311850d8cb19c1c51cfff76b3a1e2deece82b67687ca72a30d9f8,REFERENCE_OR_CUSTOM_TABLE_NOT_MARKED_LENS_VERIFIED,542.0,240.0,240.0,True,Holmer_1992_Annular,120,None_MSE_Method_Assumed_Zenith,5.79609208744438,0.061304,83.80786557223006,5.2328441533316745,0.0,89.04070972556173,0.0,0.3045629162866539,DeepLabV3+_Xception65_ADE20K,C:\Users\pandya\OneDrive - UCL\Field experiment raw data\Complete Participantwise data\Final Data\ucm\P9\WalkG\ucm\CamUp\cam_20250806_114407.jpg,C:\Users\pandya\Documents\Github\docker\Paper3_Analysis\output\SVF Output\P9\WalkG\CamUp_SVF\cam_20250806_114407_svf.jpg,True,50.80994083,4.37090612,,,,,,,,,,,,,,,
P9,WalkG,cam_20250806_114408.jpg,2025-08-06 11:44:08,CamUp,neginja_MSE_SkyViewFactor_reference_table,"24,25,25,26,26,27,27,29,29,32,32,36,36,40,41,43,44",9d4c5f0c12889fb034103b01efa54b21690d648acad08c427f81fc6d33241e03,b677f291bd6311850d8cb19c1c51cfff76b3a1e2deece82b67687ca72a30d9f8,REFERENCE_OR_CUSTOM_TABLE_NOT_MARKED_LENS_VERIFIED,542.0,240.0,240.0,True,Holmer_1992_Annular,120,None_MSE_Method_Assumed_Zenith,5.124505983472901,0.087535,91.3683221402316,0.0,0.0,91.3683221402316,0.0,0.1630600005527457,DeepLabV3+_Xception65_ADE20K,C:\Users\pandya\OneDrive - UCL\Field experiment raw data\Complete Participantwise data\Final Data\ucm\P9\WalkG\ucm\CamUp\cam_20250806_114408.jpg,C:\Users\pandya\Documents\Github\docker\Paper3_Analysis\output\SVF Output\P9\WalkG\CamUp_SVF\cam_20250806_114408_svf.jpg,True,50.80992265,4.37092596,,,,,,,,,,,,,,,
P9,WalkG,cam_20250806_114409.jpg,2025-08-06 11:44:09,CamUp,neginja_MSE_SkyViewFactor_reference_table,"24,25,25,26,26,27,27,29,29,32,32,36,36,40,41,43,44",9d4c5f0c12889fb034103b01efa54b21690d648acad08c427f81fc6d33241e03,b677f291bd6311850d8cb19c1c51cfff76b3a1e2deece82b67687ca72a30d9f8,REFERENCE_OR_CUSTOM_TABLE_NOT_MARKED_LENS_VERIFIED,542.0,240.0,240.0,True,Holmer_1992_Annular,120,None_MSE_Method_Assumed_Zenith,6.7866124975817375,0.103172,89.57300389685764,0.0,0.0,89.57300389685764,0.0,0.0,DeepLabV3+_Xception65_ADE20K,C:\Users\pandya\OneDrive - UCL\Field experiment raw data\Complete Participantwise data\Final Data\ucm\P9\WalkG\ucm\CamUp\cam_20250806_114409.jpg,C:\Users\pandya\Documents\Github\docker\Paper3_Analysis\output\SVF Output\P9\WalkG\CamUp_SVF\cam_20250806_114409_svf.jpg,True,50.809911,4.37092944,,,,,,,,,,,,,,,
P9,WalkG,cam_20250806_114410.jpg,2025-08-06 11:44:10,CamUp,neginja_MSE_SkyViewFactor_reference_table,"24,25,25,26,26,27,27,29,29,32,32,36,36,40,41,43,44",9d4c5f0c12889fb034103b01efa54b21690d648acad08c427f81fc6d33241e03,b677f291bd6311850d8cb19c1c51cfff76b3a1e2deece82b67687ca72a30d9f8,REFERENCE_OR_CUSTOM_TABLE_NOT_MARKED_LENS_VERIFIED,542.0,240.0,240.0,True,Holmer_1992_Annular,120,None_MSE_Method_Assumed_Zenith,10.072133322278418,0.12196,86.98670646436172,0.0088439322333692,0.0,86.99555039659509,0.1851698311361689,0.0,DeepLabV3+_Xception65_ADE20K,C:\Users\pandya\OneDrive - UCL\Field experiment raw data\Complete Participantwise data\Final Data\ucm\P9\WalkG\ucm\CamUp\cam_20250806_114410.jpg,C:\Users\pandya\Documents\Github\docker\Paper3_Analysis\output\SVF Output\P9\WalkG\CamUp_SVF\cam_20250806_114410_svf.jpg,True,50.809911,4.37092944,,,,,,,,,,,,,,,
P9,WalkG,cam_20250806_114411.jpg,2025-08-06 11:44:11,CamUp,neginja_MSE_SkyViewFactor_reference_table,"24,25,25,26,26,27,27,29,29,32,32,36,36,40,41,43,44",9d4c5f0c12889fb034103b01efa54b21690d648acad08c427f81fc6d33241e03,b677f291bd6311850d8cb19c1c51cfff76b3a1e2deece82b67687ca72a30d9f8,REFERENCE_OR_CUSTOM_TABLE_NOT_MARKED_LENS_VERIFIED,542.0,240.0,240.0,True,Holmer_1992_Annular,120,None_MSE_Method_Assumed_Zenith,9.292761794212751,0.125841,87.81693060276926,0.0,0.0,87.81693060276926,0.0,0.0,DeepLabV3+_Xception65_ADE20K,C:\Users\pandya\OneDrive - UCL\Field experiment raw data\Complete Participantwise data\Final Data\ucm\P9\WalkG\ucm\CamUp\cam_20250806_114411.jpg,C:\Users\pandya\Documents\Github\docker\Paper3_Analysis\output\SVF Output\P9\WalkG\CamUp_SVF\cam_20250806_114411_svf.jpg,True,50.80990208,4.37093555,,,,,,,,,,,,,,,
P9,WalkG,cam_20250806_114412.jpg,2025-08-06 11:44:12,CamUp,neginja_MSE_SkyViewFactor_reference_table,"24,25,25,26,26,27,27,29,29,32,32,36,36,40,41,43,44",9d4c5f0c12889fb034103b01efa54b21690d648acad08c427f81fc6d33241e03,b677f291bd6311850d8cb19c1c51cfff76b3a1e2deece82b67687ca72a30d9f8,REFERENCE_OR_CUSTOM_TABLE_NOT_MARKED_LENS_VERIFIED,542.0,240.0,240.0,True,Holmer_1992_Annular,120,None_MSE_Method_Assumed_Zenith,12.576071635851092,0.151405,82.92402509465772,0.3592847469806262,0.0,83.28330984163834,0.0,0.0005527457645855,DeepLabV3+_Xception65_ADE20K,C:\Users\pandya\OneDrive - UCL\Field experiment raw data\Complete Participantwise data\Final Data\ucm\P9\WalkG\ucm\CamUp\cam_20250806_114412.jpg,C:\Users\pandya\Documents\Github\docker\Paper3_Analysis\output\SVF Output\P9\WalkG\CamUp_SVF\cam_20250806_114412_svf.jpg,True,50.80987849,4.37094512,,,,,,,,,,,,,,,
P9,WalkG,cam_20250806_114413.jpg,2025-08-06 11:44:13,CamUp,neginja_MSE_SkyViewFactor_reference_table,"24,25,25,26,26,27,27,29,29,32,32,36,36,40,41,43,44",9d4c5f0c12889fb034103b01efa54b21690d648acad08c427f81fc6d33241e03,b677f291bd6311850d8cb19c1c51cfff76b3a1e2deece82b67687ca72a30d9f8,REFERENCE_OR_CUSTOM_TABLE_NOT_MARKED_LENS_VERIFIED,542.0,240.0,240.0,True,Holmer_1992_Annular,120,None_MSE_Method_Assumed_Zenith,12.12945305806594,0.169784,81.06624657988559,1.6936130226902135,0.0,82.7598596025758,0.0,0.0320592543459635,DeepLabV3+_Xception65_ADE20K,C:\Users\pandya\OneDrive - UCL\Field experiment raw data\Complete Participantwise data\Final Data\ucm\P9\WalkG\ucm\CamUp\cam_20250806_114413.jpg,C:\Users\pandya\Documents\Github\docker\Paper3_Analysis\output\SVF Output\P9\WalkG\CamUp_SVF\cam_20250806_114413_svf.jpg,True,50.80986537,4.37094791,,,,,,,,,,,,,,,
P9,WalkG,cam_20250806_114414.jpg,2025-08-06 11:44:14,CamUp,neginja_MSE_SkyViewFactor_reference_table,"24,25,25,26,26,27,27,29,29,32,32,36,36,40,41,43,44",9d4c5f0c12889fb034103b01efa54b21690d648acad08c427f81fc6d33241e03,b677f291bd6311850d8cb19c1c51cfff76b3a1e2deece82b67687ca72a30d9f8,REFERENCE_OR_CUSTOM_TABLE_NOT_MARKED_LENS_VERIFIED,542.0,240.0,240.0,True,Holmer_1992_Annular,120,None_MSE_Method_Assumed_Zenith,12.875107094491888,0.202856,47.78984606030456,35.37130696736036,0.0,83.16115302766492,0.0,0.0,DeepLabV3+_Xception65_ADE20K,C:\Users\pandya\OneDrive - UCL\Field experiment raw data\Complete Participantwise data\Final Data\ucm\P9\WalkG\ucm\CamUp\cam_20250806_114414.jpg,C:\Users\pandya\Documents\Github\docker\Paper3_Analysis\output\SVF Output\P9\WalkG\CamUp_SVF\cam_20250806_114414_svf.jpg,True,50.80985486,4.37095926,,,,,,,,,,,,,,,
P9,WalkG,cam_20250806_114415.jpg,2025-08-06 11:44:15,CamUp,neginja_MSE_SkyViewFactor_reference_table,"24,25,25,26,26,27,27,29,29,32,32,36,36,40,41,43,44",9d4c5f0c12889fb034103b01efa54b21690d648acad08c427f81fc6d33241e03,b677f291bd6311850d8cb19c1c51cfff76b3a1e2deece82b67687ca72a30d9f8,REFERENCE_OR_CUSTOM_TABLE_NOT_MARKED_LENS_VERIFIED,542.0,240.0,240.0,True,Holmer_1992_Annular,120,None_MSE_Method_Assumed_Zenith,14.1624519802117,0.214437,77.24069314318879,4.148909708979355,0.0,81.38960285216815,0.0,0.0044219661166846,DeepLabV3+_Xception65_ADE20K,C:\Users\pandya\OneDrive - UCL\Field experiment raw data\Complete Participantwise data\Final Data\ucm\P9\WalkG\ucm\CamUp\cam_20250806_114415.jpg,C:\Users\pandya\Documents\Github\docker\Paper3_Analysis\output\SVF Output\P9\WalkG\CamUp_SVF\cam_20250806_114415_svf.jpg,True,50.80984256,4.37096647,,,,,,,,,,,,,,,
P9,WalkG,cam_20250806_114416.jpg,2025-08-06 11:44:16,CamUp,neginja_MSE_SkyViewFactor_reference_table,"24,25,25,26,26,27,27,29,29,32,32,36,36,40,41,43,44",9d4c5f0c12889fb034103b01efa54b21690d648acad08c427f81fc6d33241e03,b677f291bd6311850d8cb19c1c51cfff76b3a1e2deece82b67687ca72a30d9f8,REFERENCE_OR_CUSTOM_TABLE_NOT_MARKED_LENS_VERIFIED,542.0,240.0,240.0,True,Holmer_1992_Annular,120,None_MSE_Method_Assumed_Zenith,14.737860321145288,0.23292,59.50252881187298,9.6780255921289,0.0,69.18055440400188,0.0,0.161401763258989,DeepLabV3+_Xception65_ADE20K,C:\Users\pandya\OneDrive - UCL\Field experiment raw data\Complete Participantwise data\Final Data\ucm\P9\WalkG\ucm\CamUp\cam_20250806_114416.jpg,C:\Users\pandya\Documents\Github\docker\Paper3_Analysis\output\SVF Output\P9\WalkG\CamUp_SVF\cam_20250806_114416_svf.jpg,True,50.80983271,4.37097284,,,,,,,,,,,,,,,
P9,WalkG,cam_20250806_114417.jpg,2025-08-06 11:44:17,CamUp,neginja_MSE_SkyViewFactor_reference_table,"24,25,25,26,26,27,27,29,29,32,32,36,36,40,41,43,44",9d4c5f0c12889fb034103b01efa54b21690d648acad08c427f81fc6d33241e03,b677f291bd6311850d8cb19c1c51cfff76b3a1e2deece82b67687ca72a30d9f8,REFERENCE_OR_CUSTOM_TABLE_NOT_MARKED_LENS_VERIFIED,542.0,240.0,240.0,True,Holmer_1992_Annular,120,None_MSE_Method_Assumed_Zenith,19.984523118591603,0.306982,50.7586435618937,10.346295221512865,0.0,61.10493878340657,0.0,0.2238620346571594,DeepLabV3+_Xception65_ADE20K,C:\Users\pandya\OneDrive - UCL\Field experiment raw data\Complete Participantwise data\Final Data\ucm\P9\WalkG\ucm\CamUp\cam_20250806_114417.jpg,C:\Users\pandya\Documents\Github\docker\Paper3_Analysis\output\SVF Output\P9\WalkG\CamUp_SVF\cam_20250806_114417_svf.jpg,True,50.80982468,4.37098741,,,,,,,,,,,,,,,
P9,WalkG,cam_20250806_114418.jpg,2025-08-06 11:44:18,CamUp,neginja_MSE_SkyViewFactor_reference_table,"24,25,25,26,26,27,27,29,29,32,32,36,36,40,41,43,44",9d4c5f0c12889fb034103b01efa54b21690d648acad08c427f81fc6d33241e03,b677f291bd6311850d8cb19c1c51cfff76b3a1e2deece82b67687ca72a30d9f8,REFERENCE_OR_CUSTOM_TABLE_NOT_MARKED_LENS_VERIFIED,542.0,240.0,240.0,True,Holmer_1992_Annular,120,None_MSE_Method_Assumed_Zenith,23.93610258961391,0.360248,56.80181300610784,7.633971754691429,0.0,64.43578476079927,0.0,0.0110549152917115,DeepLabV3+_Xception65_ADE20K,C:\Users\pandya\OneDrive - UCL\Field experiment raw data\Complete Participantwise data\Final Data\ucm\P9\WalkG\ucm\CamUp\cam_20250806_114418.jpg,C:\Users\pandya\Documents\Github\docker\Paper3_Analysis\output\SVF Output\P9\WalkG\CamUp_SVF\cam_20250806_114418_svf.jpg,True,50.8098131,4.37099132,,,,,,,,,,,,,,,
P9,WalkG,cam_20250806_114419.jpg,2025-08-06 11:44:19,CamUp,neginja_MSE_SkyViewFactor_reference_table,"24,25,25,26,26,27,27,29,29,32,32,36,36,40,41,43,44",9d4c5f0c12889fb034103b01efa54b21690d648acad08c427f81fc6d33241e03,b677f291bd6311850d8cb19c1c51cfff76b3a1e2deece82b67687ca72a30d9f8,REFERENCE_OR_CUSTOM_TABLE_NOT_MARKED_LENS_VERIFIED,542.0,240.0,240.0,True,Holmer_1992_Annular,120,None_MSE_Method_Assumed_Zenith,28.308874333250422,0.410422,38.90556338612056,22.699057568471385,0.0,61.60462095459194,0.0,0.1918027803111958,DeepLabV3+_Xception65_ADE20K,C:\Users\pandya\OneDrive - UCL\Field experiment raw data\Complete Participantwise data\Final Data\ucm\P9\WalkG\ucm\CamUp\cam_20250806_114419.jpg,C:\Users\pandya\Documents\Github\docker\Paper3_Analysis\output\SVF Output\P9\WalkG\CamUp_SVF\cam_20250806_114419_svf.jpg,True,50.8098131,4.37099132,,,,,,,,,,,,,,,
P9,WalkG,cam_20250806_114420.jpg,2025-08-06 11:44:20,CamUp,neginja_MSE_SkyViewFactor_reference_table,"24,25,25,26,26,27,27,29,29,32,32,36,36,40,41,43,44",9d4c5f0c12889fb034103b01efa54b21690d648acad08c427f81fc6d33241e03,b677f291bd6311850d8cb19c1c51cfff76b3a1e2deece82b67687ca72a30d9f8,REFERENCE_OR_CUSTOM_TABLE_NOT_MARKED_LENS_VERIFIED,542.0,240.0,240.0,True,Holmer_1992_Annular,120,None_MSE_Method_Assumed_Zenith,30.02957189840533,0.457239,47.70472321255839,10.44302573031534,0.0397976950501616,58.18754663792389,0.0,0.1221568139734129,DeepLabV3+_Xception65_ADE20K,C:\Users\pandya\OneDrive - UCL\Field experiment raw data\Complete Participantwise data\Final Data\ucm\P9\WalkG\ucm\CamUp\cam_20250806_114420.jpg,C:\Users\pandya\Documents\Github\docker\Paper3_Analysis\output\SVF Output\P9\WalkG\CamUp_SVF\cam_20250806_114420_svf.jpg,True,50.80979017,4.37100822,,,,,,,,,,,,,,,
P9,WalkG,cam_20250806_114421.jpg,2025-08-06 11:44:21,CamUp,neginja_MSE_SkyViewFactor_reference_table,"24,25,25,26,26,27,27,29,29,32,32,36,36,40,41,43,44",9d4c5f0c12889fb034103b01efa54b21690d648acad08c427f81fc6d33241e03,b677f291bd6311850d8cb19c1c51cfff76b3a1e2deece82b67687ca72a30d9f8,REFERENCE_OR_CUSTOM_TABLE_NOT_MARKED_LENS_VERIFIED,542.0,240.0,240.0,True,Holmer_1992_Annular,120,None_MSE_Method_Assumed_Zenith,35.14357571235111,0.526609,21.17513749550894,14.474753337202554,0.0,35.64989083271149,0.0,0.5090788491833181,DeepLabV3+_Xception65_ADE20K,C:\Users\pandya\OneDrive - UCL\Field experiment raw data\Complete Participantwise data\Final Data\ucm\P9\WalkG\ucm\CamUp\cam_20250806_114421.jpg,C:\Users\pandya\Documents\Github\docker\Paper3_Analysis\output\SVF Output\P9\WalkG\CamUp_SVF\cam_20250806_114421_svf.jpg,True,50.80977896,4.37101623,,,,,,,,,,,,,,,
P9,WalkG,cam_20250806_114422.jpg,2025-08-06 11:44:22,CamUp,neginja_MSE_SkyViewFactor_reference_table,"24,25,25,26,26,27,27,29,29,32,32,36,36,40,41,43,44",9d4c5f0c12889fb034103b01efa54b21690d648acad08c427f81fc6d33241e03,b677f291bd6311850d8cb19c1c51cfff76b3a1e2deece82b67687ca72a30d9f8,REFERENCE_OR_CUSTOM_TABLE_NOT_MARKED_LENS_VERIFIED,542.0,240.0,240.0,True,Holmer_1992_Annular,120,None_MSE_Method_Assumed_Zenith,39.24937125169279,0.569477,20.755050714423906,13.712516927839042,0.0,34.46756764226294,0.0,0.4200867810850399,DeepLabV3+_Xception65_ADE20K,C:\Users\pandya\OneDrive - UCL\Field experiment raw data\Complete Participantwise data\Final Data\ucm\P9\WalkG\ucm\CamUp\cam_20250806_114422.jpg,C:\Users\pandya\Documents\Github\docker\Paper3_Analysis\output\SVF Output\P9\WalkG\CamUp_SVF\cam_20250806_114422_svf.jpg,True,50.80976812,4.37102714,,,,,,,,,,,,,,,
P9,WalkG,cam_20250806_114423.jpg,2025-08-06 11:44:23,CamUp,neginja_MSE_SkyViewFactor_reference_table,"24,25,25,26,26,27,27,29,29,32,32,36,36,40,41,43,44",9d4c5f0c12889fb034103b01efa54b21690d648acad08c427f81fc6d33241e03,b677f291bd6311850d8cb19c1c51cfff76b3a1e2deece82b67687ca72a30d9f8,REFERENCE_OR_CUSTOM_TABLE_NOT_MARKED_LENS_VERIFIED,542.0,240.0,240.0,True,Holmer_1992_Annular,120,None_MSE_Method_Assumed_Zenith,53.84959787745627,0.668046,5.859105104607136,11.928253599756792,0.0,17.78735870436393,0.0,0.0,DeepLabV3+_Xception65_ADE20K,C:\Users\pandya\OneDrive - UCL\Field experiment raw data\Complete Participantwise data\Final Data\ucm\P9\WalkG\ucm\CamUp\cam_20250806_114423.jpg,C:\Users\pandya\Documents\Github\docker\Paper3_Analysis\output\SVF Output\P9\WalkG\CamUp_SVF\cam_20250806_114423_svf.jpg,True,50.80975767,4.37103981,,,,,,,,,,,,,,,
P9,WalkG,cam_20250806_114424.jpg,2025-08-06 11:44:24,CamUp,neginja_MSE_SkyViewFactor_reference_table,"24,25,25,26,26,27,27,29,29,32,32,36,36,40,41,43,44",9d4c5f0c12889fb034103b01efa54b21690d648acad08c427f81fc6d33241e03,b677f291bd6311850d8cb19c1c51cfff76b3a1e2deece82b67687ca72a30d9f8,REFERENCE_OR_CUSTOM_TABLE_NOT_MARKED_LENS_VERIFIED,542.0,240.0,240.0,True,Holmer_1992_Annular,120,None_MSE_Method_Assumed_Zenith,57.37611585551225,0.708098,4.160517370035652,10.518751900063563,0.0,14.679269270099216,0.0,0.0,DeepLabV3+_Xception65_ADE20K,C:\Users\pandya\OneDrive - UCL\Field experiment raw data\Complete Participantwise data\Final Data\ucm\P9\WalkG\ucm\CamUp\cam_20250806_114424.jpg,C:\Users\pandya\Documents\Github\docker\Paper3_Analysis\output\SVF Output\P9\WalkG\CamUp_SVF\cam_20250806_114424_svf.jpg,True,50.8097486,4.37105267,,,,,,,,,,,,,,,
P9,WalkG,cam_20250806_114425.jpg,2025-08-06 11:44:25,CamUp,neginja_MSE_SkyViewFactor_reference_table,"24,25,25,26,26,27,27,29,29,32,32,36,36,40,41,43,44",9d4c5f0c12889fb034103b01efa54b21690d648acad08c427f81fc6d33241e03,b677f291bd6311850d8cb19c1c51cfff76b3a1e2deece82b67687ca72a30d9f8,REFERENCE_OR_CUSTOM_TABLE_NOT_MARKED_LENS_VERIFIED,542.0,240.0,240.0,True,Holmer_1992_Annular,120,None_MSE_Method_Assumed_Zenith,59.11450128513391,0.741347,4.562916286653953,7.561009313766133,0.0,12.123925600420089,0.0,0.0,DeepLabV3+_Xception65_ADE20K,C:\Users\pandya\OneDrive - UCL\Field experiment raw data\Complete Participantwise data\Final Data\ucm\P9\WalkG\ucm\CamUp\cam_20250806_114425.jpg,C:\Users\pandya\Documents\Github\docker\Paper3_Analysis\output\SVF Output\P9\WalkG\CamUp_SVF\cam_20250806_114425_svf.jpg,True,50.80974161,4.37106525,,,,,,,,,,,,,,,
P9,WalkG,cam_20250806_114426.jpg,2025-08-06 11:44:26,CamUp,neginja_MSE_SkyViewFactor_reference_table,"24,25,25,26,26,27,27,29,29,32,32,36,36,40,41,43,44",9d4c5f0c12889fb034103b01efa54b21690d648acad08c427f81fc6d33241e03,b677f291bd6311850d8cb19c1c51cfff76b3a1e2deece82b67687ca72a30d9f8,REFERENCE_OR_CUSTOM_TABLE_NOT_MARKED_LENS_VERIFIED,542.0,240.0,240.0,True,Holmer_1992_Annular,120,None_MSE_Method_Assumed_Zenith,50.11358925462234,0.709541,0.0,2.935632755714009,0.0,2.935632755714009,0.0,0.0403504408147472,DeepLabV3+_Xception65_ADE20K,C:\Users\pandya\OneDrive - UCL\Field experiment raw data\Complete Participantwise data\Final Data\ucm\P9\WalkG\ucm\CamUp\cam_20250806_114426.jpg,C:\Users\pandya\Documents\Github\docker\Paper3_Analysis\output\SVF Output\P9\WalkG\CamUp_SVF\cam_20250806_114426_svf.jpg,True,50.80974161,4.37106525,,,,,,,,,,,,,,,
P9,WalkG,cam_20250806_114427.jpg,2025-08-06 11:44:27,CamUp,neginja_MSE_SkyViewFactor_reference_table,"24,25,25,26,26,27,27,29,29,32,32,36,36,40,41,43,44",9d4c5f0c12889fb034103b01efa54b21690d648acad08c427f81fc6d33241e03,b677f291bd6311850d8cb19c1c51cfff76b3a1e2deece82b67687ca72a30d9f8,REFERENCE_OR_CUSTOM_TABLE_NOT_MARKED_LENS_VERIFIED,542.0,240.0,240.0,True,Holmer_1992_Annular,120,None_MSE_Method_Assumed_Zenith,49.234170743166686,0.681982,0.0,0.7180167481966669,0.0,0.7180167481966669,0.0,0.2409971533593124,DeepLabV3+_Xception65_ADE20K,C:\Users\pandya\OneDrive - UCL\Field experiment raw data\Complete Participantwise data\Final Data\ucm\P9\WalkG\ucm\CamUp\cam_20250806_114427.jpg,C:\Users\pandya\Documents\Github\docker\Paper3_Analysis\output\SVF Output\P9\WalkG\CamUp_SVF\cam_20250806_114427_svf.jpg,True,50.80973052,4.37107525,,,,,,,,,,,,,,,
P9,WalkG,cam_20250806_114428.jpg,2025-08-06 11:44:28,CamUp,neginja_MSE_SkyViewFactor_reference_table,"24,25,25,26,26,27,27,29,29,32,32,36,36,40,41,43,44",9d4c5f0c12889fb034103b01efa54b21690d648acad08c427f81fc6d33241e03,b677f291bd6311850d8cb19c1c51cfff76b3a1e2deece82b67687ca72a30d9f8,REFERENCE_OR_CUSTOM_TABLE_NOT_MARKED_LENS_VERIFIED,542.0,240.0,240.0,True,Holmer_1992_Annular,120,None_MSE_Method_Assumed_Zenith,60.00331647458751,0.77998,0.0044219661166846,1.061824613768897,0.0,1.0662465798855816,0.0,0.2531575601801951,DeepLabV3+_Xception65_ADE20K,C:\Users\pandya\OneDrive - UCL\Field experiment raw data\Complete Participantwise data\Final Data\ucm\P9\WalkG\ucm\CamUp\cam_20250806_114428.jpg,C:\Users\pandya\Documents\Github\docker\Paper3_Analysis\output\SVF Output\P9\WalkG\CamUp_SVF\cam_20250806_114428_svf.jpg,True,50.80971983,4.3710844,,,,,,,,,,,,,,,
P9,WalkG,cam_20250806_114429.jpg,2025-08-06 11:44:29,CamUp,neginja_MSE_SkyViewFactor_reference_table,"24,25,25,26,26,27,27,29,29,32,32,36,36,40,41,43,44",9d4c5f0c12889fb034103b01efa54b21690d648acad08c427f81fc6d33241e03,b677f291bd6311850d8cb19c1c51cfff76b3a1e2deece82b67687ca72a30d9f8,REFERENCE_OR_CUSTOM_TABLE_NOT_MARKED_LENS_VERIFIED,542.0,240.0,240.0,True,Holmer_1992_Annular,120,None_MSE_Method_Assumed_Zenith,56.0788215460299,0.765548,0.4880745101290661,1.447641157449631,0.0,1.9357156675786973,0.0,0.1315534919713678,DeepLabV3+_Xception65_ADE20K,C:\Users\pandya\OneDrive - UCL\Field experiment raw data\Complete Participantwise data\Final Data\ucm\P9\WalkG\ucm\CamUp\cam_20250806_114429.jpg,C:\Users\pandya\Documents\Github\docker\Paper3_Analysis\output\SVF Output\P9\WalkG\CamUp_SVF\cam_20250806_114429_svf.jpg,True,50.80969993,4.37110424,,,,,,,,,,,,,,,
P9,WalkG,cam_20250806_114430.jpg,2025-08-06 11:44:30,CamUp,neginja_MSE_SkyViewFactor_reference_table,"24,25,25,26,26,27,27,29,29,32,32,36,36,40,41,43,44",9d4c5f0c12889fb034103b01efa54b21690d648acad08c427f81fc6d33241e03,b677f291bd6311850d8cb19c1c51cfff76b3a1e2deece82b67687ca72a30d9f8,REFERENCE_OR_CUSTOM_TABLE_NOT_MARKED_LENS_VERIFIED,542.0,240.0,240.0,True,Holmer_1992_Annular,120,None_MSE_Method_Assumed_Zenith,46.0022662576348,0.682414,0.0,0.2852168145261587,0.0,0.2852168145261587,0.0,0.0707514578669541,DeepLabV3+_Xception65_ADE20K,C:\Users\pandya\OneDrive - UCL\Field experiment raw data\Complete Participantwise data\Final Data\ucm\P9\WalkG\ucm\CamUp\cam_20250806_114430.jpg,C:\Users\pandya\Documents\Github\docker\Paper3_Analysis\output\SVF Output\P9\WalkG\CamUp_SVF\cam_20250806_114430_svf.jpg,True,50.80969993,4.37110424,,,,,,,,,,,,,,,
P9,WalkG,cam_20250806_114431.jpg,2025-08-06 11:44:31,CamUp,neginja_MSE_SkyViewFactor_reference_table,"24,25,25,26,26,27,27,29,29,32,32,36,36,40,41,43,44",9d4c5f0c12889fb034103b01efa54b21690d648acad08c427f81fc6d33241e03,b677f291bd6311850d8cb19c1c51cfff76b3a1e2deece82b67687ca72a30d9f8,REFERENCE_OR_CUSTOM_TABLE_NOT_MARKED_LENS_VERIFIED,542.0,240.0,240.0,True,Holmer_1992_Annular,120,None_MSE_Method_Assumed_Zenith,47.67874416162286,0.684702,0.0,0.1337644750297101,0.0,0.1337644750297101,0.3454661028659868,0.0309537628167924,DeepLabV3+_Xception65_ADE20K,C:\Users\pandya\OneDrive - UCL\Field experiment raw data\Complete Participantwise data\Final Data\ucm\P9\WalkG\ucm\CamUp\cam_20250806_114431.jpg,C:\Users\pandya\Documents\Github\docker\Paper3_Analysis\output\SVF Output\P9\WalkG\CamUp_SVF\cam_20250806_114431_svf.jpg,True,50.80968047,4.37112763,,,,,,,,,,,,,,,
P9,WalkG,cam_20250806_114432.jpg,2025-08-06 11:44:32,CamUp,neginja_MSE_SkyViewFactor_reference_table,"24,25,25,26,26,27,27,29,29,32,32,36,36,40,41,43,44",9d4c5f0c12889fb034103b01efa54b21690d648acad08c427f81fc6d33241e03,b677f291bd6311850d8cb19c1c51cfff76b3a1e2deece82b67687ca72a30d9f8,REFERENCE_OR_CUSTOM_TABLE_NOT_MARKED_LENS_VERIFIED,542.0,240.0,240.0,True,Holmer_1992_Annular,120,None_MSE_Method_Assumed_Zenith,45.16706740734599,0.643573,0.0,0.0751734239836387,0.0,0.0751734239836387,0.0,0.0972832545670618,DeepLabV3+_Xception65_ADE20K,C:\Users\pandya\OneDrive - UCL\Field experiment raw data\Complete Participantwise data\Final Data\ucm\P9\WalkG\ucm\CamUp\cam_20250806_114432.jpg,C:\Users\pandya\Documents\Github\docker\Paper3_Analysis\output\SVF Output\P9\WalkG\CamUp_SVF\cam_20250806_114432_svf.jpg,True,50.80968047,4.37112763,,,,,,,,,,,,,,,
P9,WalkG,cam_20250806_114433.jpg,2025-08-06 11:44:33,CamUp,neginja_MSE_SkyViewFactor_reference_table,"24,25,25,26,26,27,27,29,29,32,32,36,36,40,41,43,44",9d4c5f0c12889fb034103b01efa54b21690d648acad08c427f81fc6d33241e03,b677f291bd6311850d8cb19c1c51cfff76b3a1e2deece82b67687ca72a30d9f8,REFERENCE_OR_CUSTOM_TABLE_NOT_MARKED_LENS_VERIFIED,542.0,240.0,240.0,True,Holmer_1992_Annular,120,None_MSE_Method_Assumed_Zenith,61.939032142166205,0.810165,0.0,0.753392477130144,0.0,0.753392477130144,0.0237680678771798,0.0011054915291711,DeepLabV3+_Xception65_ADE20K,C:\Users\pandya\OneDrive - UCL\Field experiment raw data\Complete Participantwise data\Final Data\ucm\P9\WalkG\ucm\CamUp\cam_20250806_114433.jpg,C:\Users\pandya\Documents\Github\docker\Paper3_Analysis\output\SVF Output\P9\WalkG\CamUp_SVF\cam_20250806_114433_svf.jpg,True,50.80966951,4.37113901,,,,,,,,,,,,,,,
P9,WalkG,cam_20250806_114434.jpg,2025-08-06 11:44:34,CamUp,neginja_MSE_SkyViewFactor_reference_table,"24,25,25,26,26,27,27,29,29,32,32,36,36,40,41,43,44",9d4c5f0c12889fb034103b01efa54b21690d648acad08c427f81fc6d33241e03,b677f291bd6311850d8cb19c1c51cfff76b3a1e2deece82b67687ca72a30d9f8,REFERENCE_OR_CUSTOM_TABLE_NOT_MARKED_LENS_VERIFIED,542.0,240.0,240.0,True,Holmer_1992_Annular,120,None_MSE_Method_Assumed_Zenith,56.88804134538319,0.762652,0.0,0.7124892905508112,0.0,0.7124892905508112,0.014371389879225,0.1105491529171157,DeepLabV3+_Xception65_ADE20K,C:\Users\pandya\OneDrive - UCL\Field experiment raw data\Complete Participantwise data\Final Data\ucm\P9\WalkG\ucm\CamUp\cam_20250806_114434.jpg,C:\Users\pandya\Documents\Github\docker\Paper3_Analysis\output\SVF Output\P9\WalkG\CamUp_SVF\cam_20250806_114434_svf.jpg,True,50.80964746,4.37116043,,,,,,,,,,,,,,,
P9,WalkG,cam_20250806_114435.jpg,2025-08-06 11:44:35,CamUp,neginja_MSE_SkyViewFactor_reference_table,"24,25,25,26,26,27,27,29,29,32,32,36,36,40,41,43,44",9d4c5f0c12889fb034103b01efa54b21690d648acad08c427f81fc6d33241e03,b677f291bd6311850d8cb19c1c51cfff76b3a1e2deece82b67687ca72a30d9f8,REFERENCE_OR_CUSTOM_TABLE_NOT_MARKED_LENS_VERIFIED,542.0,240.0,240.0,True,Holmer_1992_Annular,120,None_MSE_Method_Assumed_Zenith,59.070281623967055,0.790593,0.0,0.3968714589724456,0.0,0.3968714589724456,0.2465246110051681,0.4399856286101207,DeepLabV3+_Xception65_ADE20K,C:\Users\pandya\OneDrive - UCL\Field experiment raw data\Complete Participantwise data\Final Data\ucm\P9\WalkG\ucm\CamUp\cam_20250806_114435.jpg,C:\Users\pandya\Documents\Github\docker\Paper3_Analysis\output\SVF Output\P9\WalkG\CamUp_SVF\cam_20250806_114435_svf.jpg,True,50.80964746,4.37116043,,,,,,,,,,,,,,,
P9,WalkG,cam_20250806_114436.jpg,2025-08-06 11:44:36,CamUp,neginja_MSE_SkyViewFactor_reference_table,"24,25,25,26,26,27,27,29,29,32,32,36,36,40,41,43,44",9d4c5f0c12889fb034103b01efa54b21690d648acad08c427f81fc6d33241e03,b677f291bd6311850d8cb19c1c51cfff76b3a1e2deece82b67687ca72a30d9f8,REFERENCE_OR_CUSTOM_TABLE_NOT_MARKED_LENS_VERIFIED,542.0,240.0,240.0,True,Holmer_1992_Annular,120,None_MSE_Method_Assumed_Zenith,58.90887986070806,0.787173,0.0,0.1210513224442417,0.0,0.1210513224442417,0.0,0.3194870519304646,DeepLabV3+_Xception65_ADE20K,C:\Users\pandya\OneDrive - UCL\Field experiment raw data\Complete Participantwise data\Final Data\ucm\P9\WalkG\ucm\CamUp\cam_20250806_114436.jpg,C:\Users\pandya\Documents\Github\docker\Paper3_Analysis\output\SVF Output\P9\WalkG\CamUp_SVF\cam_20250806_114436_svf.jpg,True,50.80963557,4.37116712,,,,,,,,,,,,,,,
P9,WalkG,cam_20250806_114437.jpg,2025-08-06 11:44:37,CamUp,neginja_MSE_SkyViewFactor_reference_table,"24,25,25,26,26,27,27,29,29,32,32,36,36,40,41,43,44",9d4c5f0c12889fb034103b01efa54b21690d648acad08c427f81fc6d33241e03,b677f291bd6311850d8cb19c1c51cfff76b3a1e2deece82b67687ca72a30d9f8,REFERENCE_OR_CUSTOM_TABLE_NOT_MARKED_LENS_VERIFIED,542.0,240.0,240.0,True,Holmer_1992_Annular,120,None_MSE_Method_Assumed_Zenith,60.76057817206976,0.790229,0.0,0.0989414918608186,0.0,0.0989414918608186,0.0,0.977807257551889,DeepLabV3+_Xception65_ADE20K,C:\Users\pandya\OneDrive - UCL\Field experiment raw data\Complete Participantwise data\Final Data\ucm\P9\WalkG\ucm\CamUp\cam_20250806_114437.jpg,C:\Users\pandya\Documents\Github\docker\Paper3_Analysis\output\SVF Output\P9\WalkG\CamUp_SVF\cam_20250806_114437_svf.jpg,True,50.8096237,4.37117489,,,,,,,,,,,,,,,
P9,WalkG,cam_20250806_114438.jpg,2025-08-06 11:44:38,CamUp,neginja_MSE_SkyViewFactor_reference_table,"24,25,25,26,26,27,27,29,29,32,32,36,36,40,41,43,44",9d4c5f0c12889fb034103b01efa54b21690d648acad08c427f81fc6d33241e03,b677f291bd6311850d8cb19c1c51cfff76b3a1e2deece82b67687ca72a30d9f8,REFERENCE_OR_CUSTOM_TABLE_NOT_MARKED_LENS_VERIFIED,542.0,240.0,240.0,True,Holmer_1992_Annular,120,None_MSE_Method_Assumed_Zenith,60.566564408700216,0.794805,0.0,0.2935080009949424,0.0,0.2935080009949424,0.0,3.294917502694636,DeepLabV3+_Xception65_ADE20K,C:\Users\pandya\OneDrive - UCL\Field experiment raw data\Complete Participantwise data\Final Data\ucm\P9\WalkG\ucm\CamUp\cam_20250806_114438.jpg,C:\Users\pandya\Documents\Github\docker\Paper3_Analysis\output\SVF Output\P9\WalkG\CamUp_SVF\cam_20250806_114438_svf.jpg,True,50.80960135,4.37119189,,,,,,,,,,,,,,,
P9,WalkG,cam_20250806_114439.jpg,2025-08-06 11:44:39,CamUp,neginja_MSE_SkyViewFactor_reference_table,"24,25,25,26,26,27,27,29,29,32,32,36,36,40,41,43,44",9d4c5f0c12889fb034103b01efa54b21690d648acad08c427f81fc6d33241e03,b677f291bd6311850d8cb19c1c51cfff76b3a1e2deece82b67687ca72a30d9f8,REFERENCE_OR_CUSTOM_TABLE_NOT_MARKED_LENS_VERIFIED,542.0,240.0,240.0,True,Holmer_1992_Annular,120,None_MSE_Method_Assumed_Zenith,64.68065113451068,0.807108,0.0116076610562971,0.1625072547881602,0.0,0.1741149158444573,0.0,0.3504408147472569,DeepLabV3+_Xception65_ADE20K,C:\Users\pandya\OneDrive - UCL\Field experiment raw data\Complete Participantwise data\Final Data\ucm\P9\WalkG\ucm\CamUp\cam_20250806_114439.jpg,C:\Users\pandya\Documents\Github\docker\Paper3_Analysis\output\SVF Output\P9\WalkG\CamUp_SVF\cam_20250806_114439_svf.jpg,True,50.80959059,4.37120151,,,,,,,,,,,,,,,
P9,WalkG,cam_20250806_114440.jpg,2025-08-06 11:44:40,CamUp,neginja_MSE_SkyViewFactor_reference_table,"24,25,25,26,26,27,27,29,29,32,32,36,36,40,41,43,44",9d4c5f0c12889fb034103b01efa54b21690d648acad08c427f81fc6d33241e03,b677f291bd6311850d8cb19c1c51cfff76b3a1e2deece82b67687ca72a30d9f8,REFERENCE_OR_CUSTOM_TABLE_NOT_MARKED_LENS_VERIFIED,542.0,240.0,240.0,True,Holmer_1992_Annular,120,None_MSE_Method_Assumed_Zenith,61.7704446839676,0.794626,3.7559074703590087,0.0873338308045214,0.0,3.84324130116353,0.0,0.2487355940635105,DeepLabV3+_Xception65_ADE20K,C:\Users\pandya\OneDrive - UCL\Field experiment raw data\Complete Participantwise data\Final Data\ucm\P9\WalkG\ucm\CamUp\cam_20250806_114440.jpg,C:\Users\pandya\Documents\Github\docker\Paper3_Analysis\output\SVF Output\P9\WalkG\CamUp_SVF\cam_20250806_114440_svf.jpg,True,50.80958018,4.37121145,,,,,,,,,,,,,,,
P9,WalkG,cam_20250806_114441.jpg,2025-08-06 11:44:41,CamUp,neginja_MSE_SkyViewFactor_reference_table,"24,25,25,26,26,27,27,29,29,32,32,36,36,40,41,43,44",9d4c5f0c12889fb034103b01efa54b21690d648acad08c427f81fc6d33241e03,b677f291bd6311850d8cb19c1c51cfff76b3a1e2deece82b67687ca72a30d9f8,REFERENCE_OR_CUSTOM_TABLE_NOT_MARKED_LENS_VERIFIED,542.0,240.0,240.0,True,Holmer_1992_Annular,120,None_MSE_Method_Assumed_Zenith,66.07743968161844,0.826612,2.585744686731338,0.035375728933477,0.0,2.621120415664815,0.0,0.8611779012243319,DeepLabV3+_Xception65_ADE20K,C:\Users\pandya\OneDrive - UCL\Field experiment raw data\Complete Participantwise data\Final Data\ucm\P9\WalkG\ucm\CamUp\cam_20250806_114441.jpg,C:\Users\pandya\Documents\Github\docker\Paper3_Analysis\output\SVF Output\P9\WalkG\CamUp_SVF\cam_20250806_114441_svf.jpg,True,50.80958018,4.37121145,,,,,,,,,,,,,,,
P9,WalkG,cam_20250806_114442.jpg,2025-08-06 11:44:42,CamUp,neginja_MSE_SkyViewFactor_reference_table,"24,25,25,26,26,27,27,29,29,32,32,36,36,40,41,43,44",9d4c5f0c12889fb034103b01efa54b21690d648acad08c427f81fc6d33241e03,b677f291bd6311850d8cb19c1c51cfff76b3a1e2deece82b67687ca72a30d9f8,REFERENCE_OR_CUSTOM_TABLE_NOT_MARKED_LENS_VERIFIED,542.0,240.0,240.0,True,Holmer_1992_Annular,120,None_MSE_Method_Assumed_Zenith,60.45877898460604,0.765757,1.3691512588784789,0.0547218306939723,0.0,1.423873089572451,0.0,0.0978360003316474,DeepLabV3+_Xception65_ADE20K,C:\Users\pandya\OneDrive - UCL\Field experiment raw data\Complete Participantwise data\Final Data\ucm\P9\WalkG\ucm\CamUp\cam_20250806_114442.jpg,C:\Users\pandya\Documents\Github\docker\Paper3_Analysis\output\SVF Output\P9\WalkG\CamUp_SVF\cam_20250806_114442_svf.jpg,True,50.80957044,4.37122115,,,,,,,,,,,,,,,
P9,WalkG,cam_20250806_114443.jpg,2025-08-06 11:44:43,CamUp,neginja_MSE_SkyViewFactor_reference_table,"24,25,25,26,26,27,27,29,29,32,32,36,36,40,41,43,44",9d4c5f0c12889fb034103b01efa54b21690d648acad08c427f81fc6d33241e03,b677f291bd6311850d8cb19c1c51cfff76b3a1e2deece82b67687ca72a30d9f8,REFERENCE_OR_CUSTOM_TABLE_NOT_MARKED_LENS_VERIFIED,542.0,240.0,240.0,True,Holmer_1992_Annular,120,None_MSE_Method_Assumed_Zenith,61.83179946383661,0.757405,18.543514910317,0.0779371528065666,0.0,18.621452063123566,0.0,0.0801481358649089,DeepLabV3+_Xception65_ADE20K,C:\Users\pandya\OneDrive - UCL\Field experiment raw data\Complete Participantwise data\Final Data\ucm\P9\WalkG\ucm\CamUp\cam_20250806_114443.jpg,C:\Users\pandya\Documents\Github\docker\Paper3_Analysis\output\SVF Output\P9\WalkG\CamUp_SVF\cam_20250806_114443_svf.jpg,True,50.80954949,4.37124067,,,,,,,,,,,,,,,
P9,WalkG,cam_20250806_114444.jpg,2025-08-06 11:44:44,CamUp,neginja_MSE_SkyViewFactor_reference_table,"24,25,25,26,26,27,27,29,29,32,32,36,36,40,41,43,44",9d4c5f0c12889fb034103b01efa54b21690d648acad08c427f81fc6d33241e03,b677f291bd6311850d8cb19c1c51cfff76b3a1e2deece82b67687ca72a30d9f8,REFERENCE_OR_CUSTOM_TABLE_NOT_MARKED_LENS_VERIFIED,542.0,240.0,240.0,True,Holmer_1992_Annular,120,None_MSE_Method_Assumed_Zenith,56.15952242765941,0.723453,11.35837271646906,0.1840643396069977,0.0,11.54243705607606,0.0,0.5698808832877318,DeepLabV3+_Xception65_ADE20K,C:\Users\pandya\OneDrive - UCL\Field experiment raw data\Complete Participantwise data\Final Data\ucm\P9\WalkG\ucm\CamUp\cam_20250806_114444.jpg,C:\Users\pandya\Documents\Github\docker\Paper3_Analysis\output\SVF Output\P9\WalkG\CamUp_SVF\cam_20250806_114444_svf.jpg,True,50.80954949,4.37124067,,,,,,,,,,,,,,,
P9,WalkG,cam_20250806_114445.jpg,2025-08-06 11:44:45,CamUp,neginja_MSE_SkyViewFactor_reference_table,"24,25,25,26,26,27,27,29,29,32,32,36,36,40,41,43,44",9d4c5f0c12889fb034103b01efa54b21690d648acad08c427f81fc6d33241e03,b677f291bd6311850d8cb19c1c51cfff76b3a1e2deece82b67687ca72a30d9f8,REFERENCE_OR_CUSTOM_TABLE_NOT_MARKED_LENS_VERIFIED,542.0,240.0,240.0,True,Holmer_1992_Annular,120,None_MSE_Method_Assumed_Zenith,60.22773125500925,0.745255,23.057789569687426,0.1365282038526379,0.0,23.19431777354006,0.0,0.3592847469806262,DeepLabV3+_Xception65_ADE20K,C:\Users\pandya\OneDrive - UCL\Field experiment raw data\Complete Participantwise data\Final Data\ucm\P9\WalkG\ucm\CamUp\cam_20250806_114445.jpg,C:\Users\pandya\Documents\Github\docker\Paper3_Analysis\output\SVF Output\P9\WalkG\CamUp_SVF\cam_20250806_114445_svf.jpg,True,50.80953939,4.37124937,,,,,,,,,,,,,,,
P9,WalkG,cam_20250806_114446.jpg,2025-08-06 11:44:46,CamUp,neginja_MSE_SkyViewFactor_reference_table,"24,25,25,26,26,27,27,29,29,32,32,36,36,40,41,43,44",9d4c5f0c12889fb034103b01efa54b21690d648acad08c427f81fc6d33241e03,b677f291bd6311850d8cb19c1c51cfff76b3a1e2deece82b67687ca72a30d9f8,REFERENCE_OR_CUSTOM_TABLE_NOT_MARKED_LENS_VERIFIED,542.0,240.0,240.0,True,Holmer_1992_Annular,120,None_MSE_Method_Assumed_Zenith,63.48837852029959,0.731128,24.565127269712296,0.0,0.0,24.565127269712296,0.0,1.2519691567863362,DeepLabV3+_Xception65_ADE20K,C:\Users\pandya\OneDrive - UCL\Field experiment raw data\Complete Participantwise data\Final Data\ucm\P9\WalkG\ucm\CamUp\cam_20250806_114446.jpg,C:\Users\pandya\Documents\Github\docker\Paper3_Analysis\output\SVF Output\P9\WalkG\CamUp_SVF\cam_20250806_114446_svf.jpg,True,50.8095295,4.3712594,,,,,,,,,,,,,,,
P9,WalkG,cam_20250806_114447.jpg,2025-08-06 11:44:47,CamUp,neginja_MSE_SkyViewFactor_reference_table,"24,25,25,26,26,27,27,29,29,32,32,36,36,40,41,43,44",9d4c5f0c12889fb034103b01efa54b21690d648acad08c427f81fc6d33241e03,b677f291bd6311850d8cb19c1c51cfff76b3a1e2deece82b67687ca72a30d9f8,REFERENCE_OR_CUSTOM_TABLE_NOT_MARKED_LENS_VERIFIED,542.0,240.0,240.0,True,Holmer_1992_Annular,120,None_MSE_Method_Assumed_Zenith,59.12002874277976,0.735886,26.62465798855817,3.392200757261697,0.0,30.016858745819864,0.0,0.8445955282867645,DeepLabV3+_Xception65_ADE20K,C:\Users\pandya\OneDrive - UCL\Field experiment raw data\Complete Participantwise data\Final Data\ucm\P9\WalkG\ucm\CamUp\cam_20250806_114447.jpg,C:\Users\pandya\Documents\Github\docker\Paper3_Analysis\output\SVF Output\P9\WalkG\CamUp_SVF\cam_20250806_114447_svf.jpg,True,50.80951909,4.37126939,,,,,,,,,,,,,,,
P9,WalkG,cam_20250806_114448.jpg,2025-08-06 11:44:48,CamUp,neginja_MSE_SkyViewFactor_reference_table,"24,25,25,26,26,27,27,29,29,32,32,36,36,40,41,43,44",9d4c5f0c12889fb034103b01efa54b21690d648acad08c427f81fc6d33241e03,b677f291bd6311850d8cb19c1c51cfff76b3a1e2deece82b67687ca72a30d9f8,REFERENCE_OR_CUSTOM_TABLE_NOT_MARKED_LENS_VERIFIED,542.0,240.0,240.0,True,Holmer_1992_Annular,120,None_MSE_Method_Assumed_Zenith,53.40187380814194,0.613157,32.605367161374126,0.3388331536909598,0.0,32.94420031506509,0.0,1.588038581654368,DeepLabV3+_Xception65_ADE20K,C:\Users\pandya\OneDrive - UCL\Field experiment raw data\Complete Participantwise data\Final Data\ucm\P9\WalkG\ucm\CamUp\cam_20250806_114448.jpg,C:\Users\pandya\Documents\Github\docker\Paper3_Analysis\output\SVF Output\P9\WalkG\CamUp_SVF\cam_20250806_114448_svf.jpg,True,50.80949961,4.37128765,,,,,,,,,,,,,,,
P9,WalkG,cam_20250806_114449.jpg,2025-08-06 11:44:49,CamUp,neginja_MSE_SkyViewFactor_reference_table,"24,25,25,26,26,27,27,29,29,32,32,36,36,40,41,43,44",9d4c5f0c12889fb034103b01efa54b21690d648acad08c427f81fc6d33241e03,b677f291bd6311850d8cb19c1c51cfff76b3a1e2deece82b67687ca72a30d9f8,REFERENCE_OR_CUSTOM_TABLE_NOT_MARKED_LENS_VERIFIED,542.0,240.0,240.0,True,Holmer_1992_Annular,120,None_MSE_Method_Assumed_Zenith,53.07741204433021,0.604217,18.722604538042727,0.0,0.0,18.722604538042727,0.0,0.8827349860431695,DeepLabV3+_Xception65_ADE20K,C:\Users\pandya\OneDrive - UCL\Field experiment raw data\Complete Participantwise data\Final Data\ucm\P9\WalkG\ucm\CamUp\cam_20250806_114449.jpg,C:\Users\pandya\Documents\Github\docker\Paper3_Analysis\output\SVF Output\P9\WalkG\CamUp_SVF\cam_20250806_114449_svf.jpg,True,50.80949065,4.37129827,,,,,,,,,,,,,,,
P9,WalkG,cam_20250806_114450.jpg,2025-08-06 11:44:50,CamUp,neginja_MSE_SkyViewFactor_reference_table,"24,25,25,26,26,27,27,29,29,32,32,36,36,40,41,43,44",9d4c5f0c12889fb034103b01efa54b21690d648acad08c427f81fc6d33241e03,b677f291bd6311850d8cb19c1c51cfff76b3a1e2deece82b67687ca72a30d9f8,REFERENCE_OR_CUSTOM_TABLE_NOT_MARKED_LENS_VERIFIED,542.0,240.0,240.0,True,Holmer_1992_Annular,120,None_MSE_Method_Assumed_Zenith,49.75762098222922,0.614344,39.3560511842578,0.0,0.0,39.3560511842578,0.0,0.2459718652405826,DeepLabV3+_Xception65_ADE20K,C:\Users\pandya\OneDrive - UCL\Field experiment raw data\Complete Participantwise data\Final Data\ucm\P9\WalkG\ucm\CamUp\cam_20250806_114450.jpg,C:\Users\pandya\Documents\Github\docker\Paper3_Analysis\output\SVF Output\P9\WalkG\CamUp_SVF\cam_20250806_114450_svf.jpg,True,50.80949065,4.37129827,,,,,,,,,,,,,,,
P9,WalkG,cam_20250806_114451.jpg,2025-08-06 11:44:51,CamUp,neginja_MSE_SkyViewFactor_reference_table,"24,25,25,26,26,27,27,29,29,32,32,36,36,40,41,43,44",9d4c5f0c12889fb034103b01efa54b21690d648acad08c427f81fc6d33241e03,b677f291bd6311850d8cb19c1c51cfff76b3a1e2deece82b67687ca72a30d9f8,REFERENCE_OR_CUSTOM_TABLE_NOT_MARKED_LENS_VERIFIED,542.0,240.0,240.0,True,Holmer_1992_Annular,120,None_MSE_Method_Assumed_Zenith,56.72608683635961,0.699774,22.3458530249012,0.0071856949396125,0.0,22.353038719840807,0.0,0.594754442694083,DeepLabV3+_Xception65_ADE20K,C:\Users\pandya\OneDrive - UCL\Field experiment raw data\Complete Participantwise data\Final Data\ucm\P9\WalkG\ucm\CamUp\cam_20250806_114451.jpg,C:\Users\pandya\Documents\Github\docker\Paper3_Analysis\output\SVF Output\P9\WalkG\CamUp_SVF\cam_20250806_114451_svf.jpg,True,50.8094682,4.37131651,,,,,,,,,,,,,,,
P9,WalkG,cam_20250806_114452.jpg,2025-08-06 11:44:52,CamUp,neginja_MSE_SkyViewFactor_reference_table,"24,25,25,26,26,27,27,29,29,32,32,36,36,40,41,43,44",9d4c5f0c12889fb034103b01efa54b21690d648acad08c427f81fc6d33241e03,b677f291bd6311850d8cb19c1c51cfff76b3a1e2deece82b67687ca72a30d9f8,REFERENCE_OR_CUSTOM_TABLE_NOT_MARKED_LENS_VERIFIED,542.0,240.0,240.0,True,Holmer_1992_Annular,120,None_MSE_Method_Assumed_Zenith,57.47561009313766,0.720697,27.064090871403696,0.0818063731586656,0.0,27.145897244562363,0.0,0.3034574247574828,DeepLabV3+_Xception65_ADE20K,C:\Users\pandya\OneDrive - UCL\Field experiment raw data\Complete Participantwise data\Final Data\ucm\P9\WalkG\ucm\CamUp\cam_20250806_114452.jpg,C:\Users\pandya\Documents\Github\docker\Paper3_Analysis\output\SVF Output\P9\WalkG\CamUp_SVF\cam_20250806_114452_svf.jpg,True,50.8094682,4.37131651,,,,,,,,,,,,,,,
P9,WalkG,cam_20250806_114453.jpg,2025-08-06 11:44:53,CamUp,neginja_MSE_SkyViewFactor_reference_table,"24,25,25,26,26,27,27,29,29,32,32,36,36,40,41,43,44",9d4c5f0c12889fb034103b01efa54b21690d648acad08c427f81fc6d33241e03,b677f291bd6311850d8cb19c1c51cfff76b3a1e2deece82b67687ca72a30d9f8,REFERENCE_OR_CUSTOM_TABLE_NOT_MARKED_LENS_VERIFIED,542.0,240.0,240.0,True,Holmer_1992_Annular,120,None_MSE_Method_Assumed_Zenith,55.104330763065526,0.682142,10.691761324378852,0.0,0.0,10.691761324378852,0.0,0.1343172207942956,DeepLabV3+_Xception65_ADE20K,C:\Users\pandya\OneDrive - UCL\Field experiment raw data\Complete Participantwise data\Final Data\ucm\P9\WalkG\ucm\CamUp\cam_20250806_114453.jpg,C:\Users\pandya\Documents\Github\docker\Paper3_Analysis\output\SVF Output\P9\WalkG\CamUp_SVF\cam_20250806_114453_svf.jpg,True,50.80944623,4.37133408,,,,,,,,,,,,,,,
P9,WalkG,cam_20250806_114454.jpg,2025-08-06 11:44:54,CamUp,neginja_MSE_SkyViewFactor_reference_table,"24,25,25,26,26,27,27,29,29,32,32,36,36,40,41,43,44",9d4c5f0c12889fb034103b01efa54b21690d648acad08c427f81fc6d33241e03,b677f291bd6311850d8cb19c1c51cfff76b3a1e2deece82b67687ca72a30d9f8,REFERENCE_OR_CUSTOM_TABLE_NOT_MARKED_LENS_VERIFIED,542.0,240.0,240.0,True,Holmer_1992_Annular,120,None_MSE_Method_Assumed_Zenith,55.79747395185585,0.698549,3.878617030097007,0.3681286792139955,0.0,4.246745709311003,0.0,1.345383191001299,DeepLabV3+_Xception65_ADE20K,C:\Users\pandya\OneDrive - UCL\Field experiment raw data\Complete Participantwise data\Final Data\ucm\P9\WalkG\ucm\CamUp\cam_20250806_114454.jpg,C:\Users\pandya\Documents\Github\docker\Paper3_Analysis\output\SVF Output\P9\WalkG\CamUp_SVF\cam_20250806_114454_svf.jpg,True,50.80943745,4.37134472,,,,,,,,,,,,,,,
P9,WalkG,cam_20250806_114455.jpg,2025-08-06 11:44:55,CamUp,neginja_MSE_SkyViewFactor_reference_table,"24,25,25,26,26,27,27,29,29,32,32,36,36,40,41,43,44",9d4c5f0c12889fb034103b01efa54b21690d648acad08c427f81fc6d33241e03,b677f291bd6311850d8cb19c1c51cfff76b3a1e2deece82b67687ca72a30d9f8,REFERENCE_OR_CUSTOM_TABLE_NOT_MARKED_LENS_VERIFIED,542.0,240.0,240.0,True,Holmer_1992_Annular,120,None_MSE_Method_Assumed_Zenith,58.4898985711522,0.729219,12.861288450377248,10.162230881905868,0.0,23.023519332283115,0.0,0.3891330182682475,DeepLabV3+_Xception65_ADE20K,C:\Users\pandya\OneDrive - UCL\Field experiment raw data\Complete Participantwise data\Final Data\ucm\P9\WalkG\ucm\CamUp\cam_20250806_114455.jpg,C:\Users\pandya\Documents\Github\docker\Paper3_Analysis\output\SVF Output\P9\WalkG\CamUp_SVF\cam_20250806_114455_svf.jpg,True,50.80942763,4.3713551,,,,,,,,,,,,,,,
P9,WalkG,cam_20250806_114456.jpg,2025-08-06 11:44:56,CamUp,neginja_MSE_SkyViewFactor_reference_table,"24,25,25,26,26,27,27,29,29,32,32,36,36,40,41,43,44",9d4c5f0c12889fb034103b01efa54b21690d648acad08c427f81fc6d33241e03,b677f291bd6311850d8cb19c1c51cfff76b3a1e2deece82b67687ca72a30d9f8,REFERENCE_OR_CUSTOM_TABLE_NOT_MARKED_LENS_VERIFIED,542.0,240.0,240.0,True,Holmer_1992_Annular,120,None_MSE_Method_Assumed_Zenith,54.589724456236354,0.706142,6.793245446756764,0.1846170853715833,0.0,6.977862532128347,0.0,1.2276483431445706,DeepLabV3+_Xception65_ADE20K,C:\Users\pandya\OneDrive - UCL\Field experiment raw data\Complete Participantwise data\Final Data\ucm\P9\WalkG\ucm\CamUp\cam_20250806_114456.jpg,C:\Users\pandya\Documents\Github\docker\Paper3_Analysis\output\SVF Output\P9\WalkG\CamUp_SVF\cam_20250806_114456_svf.jpg,True,50.80941665,4.37136426,,,,,,,,,,,,,,,
P9,WalkG,cam_20250806_114457.jpg,2025-08-06 11:44:57,CamUp,neginja_MSE_SkyViewFactor_reference_table,"24,25,25,26,26,27,27,29,29,32,32,36,36,40,41,43,44",9d4c5f0c12889fb034103b01efa54b21690d648acad08c427f81fc6d33241e03,b677f291bd6311850d8cb19c1c51cfff76b3a1e2deece82b67687ca72a30d9f8,REFERENCE_OR_CUSTOM_TABLE_NOT_MARKED_LENS_VERIFIED,542.0,240.0,240.0,True,Holmer_1992_Annular,120,None_MSE_Method_Assumed_Zenith,49.28447060774397,0.65583,14.17240140397424,0.0,0.0,14.17240140397424,0.0,0.0497471188127021,DeepLabV3+_Xception65_ADE20K,C:\Users\pandya\OneDrive - UCL\Field experiment raw data\Complete Participantwise data\Final Data\ucm\P9\WalkG\ucm\CamUp\cam_20250806_114457.jpg,C:\Users\pandya\Documents\Github\docker\Paper3_Analysis\output\SVF Output\P9\WalkG\CamUp_SVF\cam_20250806_114457_svf.jpg,True,50.80941665,4.37136426,,,,,,,,,,,,,,,
P9,WalkG,cam_20250806_114458.jpg,2025-08-06 11:44:58,CamUp,neginja_MSE_SkyViewFactor_reference_table,"24,25,25,26,26,27,27,29,29,32,32,36,36,40,41,43,44",9d4c5f0c12889fb034103b01efa54b21690d648acad08c427f81fc6d33241e03,b677f291bd6311850d8cb19c1c51cfff76b3a1e2deece82b67687ca72a30d9f8,REFERENCE_OR_CUSTOM_TABLE_NOT_MARKED_LENS_VERIFIED,542.0,240.0,240.0,True,Holmer_1992_Annular,120,None_MSE_Method_Assumed_Zenith,44.24011276013597,0.609212,26.95906917613244,0.0,0.0,26.95906917613244,0.0,0.4399856286101207,DeepLabV3+_Xception65_ADE20K,C:\Users\pandya\OneDrive - UCL\Field experiment raw data\Complete Participantwise data\Final Data\ucm\P9\WalkG\ucm\CamUp\cam_20250806_114458.jpg,C:\Users\pandya\Documents\Github\docker\Paper3_Analysis\output\SVF Output\P9\WalkG\CamUp_SVF\cam_20250806_114458_svf.jpg,True,50.8093962,4.37138717,,,,,,,,,,,,,,,
P9,WalkG,cam_20250806_114459.jpg,2025-08-06 11:44:59,CamUp,neginja_MSE_SkyViewFactor_reference_table,"24,25,25,26,26,27,27,29,29,32,32,36,36,40,41,43,44",9d4c5f0c12889fb034103b01efa54b21690d648acad08c427f81fc6d33241e03,b677f291bd6311850d8cb19c1c51cfff76b3a1e2deece82b67687ca72a30d9f8,REFERENCE_OR_CUSTOM_TABLE_NOT_MARKED_LENS_VERIFIED,542.0,240.0,240.0,True,Holmer_1992_Annular,120,None_MSE_Method_Assumed_Zenith,44.61708537158334,0.59693,19.613077964790097,0.1050216952712599,0.0,19.71809966006136,0.0,0.1685874581986015,DeepLabV3+_Xception65_ADE20K,C:\Users\pandya\OneDrive - UCL\Field experiment raw data\Complete Participantwise data\Final Data\ucm\P9\WalkG\ucm\CamUp\cam_20250806_114459.jpg,C:\Users\pandya\Documents\Github\docker\Paper3_Analysis\output\SVF Output\P9\WalkG\CamUp_SVF\cam_20250806_114459_svf.jpg,True,50.8093865,4.37140118,,,,,,,,,,,,,,,
P9,WalkG,cam_20250806_114500.jpg,2025-08-06 11:45:00,CamUp,neginja_MSE_SkyViewFactor_reference_table,"24,25,25,26,26,27,27,29,29,32,32,36,36,40,41,43,44",9d4c5f0c12889fb034103b01efa54b21690d648acad08c427f81fc6d33241e03,b677f291bd6311850d8cb19c1c51cfff76b3a1e2deece82b67687ca72a30d9f8,REFERENCE_OR_CUSTOM_TABLE_NOT_MARKED_LENS_VERIFIED,542.0,240.0,240.0,True,Holmer_1992_Annular,120,None_MSE_Method_Assumed_Zenith,42.772572755161264,0.525513,28.755492911035567,0.0016582372937567,0.0,28.757151148329324,0.0,0.308432136638753,DeepLabV3+_Xception65_ADE20K,C:\Users\pandya\OneDrive - UCL\Field experiment raw data\Complete Participantwise data\Final Data\ucm\P9\WalkG\ucm\CamUp\cam_20250806_114500.jpg,C:\Users\pandya\Documents\Github\docker\Paper3_Analysis\output\SVF Output\P9\WalkG\CamUp_SVF\cam_20250806_114500_svf.jpg,True,50.80937662,4.3714127,,,,,,,,,,,,,,,
P9,WalkG,cam_20250806_114501.jpg,2025-08-06 11:45:01,CamUp,neginja_MSE_SkyViewFactor_reference_table,"24,25,25,26,26,27,27,29,29,32,32,36,36,40,41,43,44",9d4c5f0c12889fb034103b01efa54b21690d648acad08c427f81fc6d33241e03,b677f291bd6311850d8cb19c1c51cfff76b3a1e2deece82b67687ca72a30d9f8,REFERENCE_OR_CUSTOM_TABLE_NOT_MARKED_LENS_VERIFIED,542.0,240.0,240.0,True,Holmer_1992_Annular,120,None_MSE_Method_Assumed_Zenith,48.13918138352265,0.527596,35.65597103612193,0.2205455600696459,0.0,35.87651659619158,0.0,0.2277312550092584,DeepLabV3+_Xception65_ADE20K,C:\Users\pandya\OneDrive - UCL\Field experiment raw data\Complete Participantwise data\Final Data\ucm\P9\WalkG\ucm\CamUp\cam_20250806_114501.jpg,C:\Users\pandya\Documents\Github\docker\Paper3_Analysis\output\SVF Output\P9\WalkG\CamUp_SVF\cam_20250806_114501_svf.jpg,True,50.80937662,4.3714127,,,,,,,,,,,,,,,
P9,WalkG,cam_20250806_114502.jpg,2025-08-06 11:45:02,CamUp,neginja_MSE_SkyViewFactor_reference_table,"24,25,25,26,26,27,27,29,29,32,32,36,36,40,41,43,44",9d4c5f0c12889fb034103b01efa54b21690d648acad08c427f81fc6d33241e03,b677f291bd6311850d8cb19c1c51cfff76b3a1e2deece82b67687ca72a30d9f8,REFERENCE_OR_CUSTOM_TABLE_NOT_MARKED_LENS_VERIFIED,542.0,240.0,240.0,True,Holmer_1992_Annular,120,None_MSE_Method_Assumed_Zenith,35.83671890114142,0.424657,44.52367133736838,0.0851228477461791,0.0,44.60879418511456,0.0,0.1332117292651245,DeepLabV3+_Xception65_ADE20K,C:\Users\pandya\OneDrive - UCL\Field experiment raw data\Complete Participantwise data\Final Data\ucm\P9\WalkG\ucm\CamUp\cam_20250806_114502.jpg,C:\Users\pandya\Documents\Github\docker\Paper3_Analysis\output\SVF Output\P9\WalkG\CamUp_SVF\cam_20250806_114502_svf.jpg,True,50.80935756,4.37143705,,,,,,,,,,,,,,,
P9,WalkG,cam_20250806_114503.jpg,2025-08-06 11:45:03,CamUp,neginja_MSE_SkyViewFactor_reference_table,"24,25,25,26,26,27,27,29,29,32,32,36,36,40,41,43,44",9d4c5f0c12889fb034103b01efa54b21690d648acad08c427f81fc6d33241e03,b677f291bd6311850d8cb19c1c51cfff76b3a1e2deece82b67687ca72a30d9f8,REFERENCE_OR_CUSTOM_TABLE_NOT_MARKED_LENS_VERIFIED,542.0,240.0,240.0,True,Holmer_1992_Annular,120,None_MSE_Method_Assumed_Zenith,35.134179034353146,0.385923,38.55678080866705,0.0,0.0,38.55678080866705,0.0,0.123262305502584,DeepLabV3+_Xception65_ADE20K,C:\Users\pandya\OneDrive - UCL\Field experiment raw data\Complete Participantwise data\Final Data\ucm\P9\WalkG\ucm\CamUp\cam_20250806_114503.jpg,C:\Users\pandya\Documents\Github\docker\Paper3_Analysis\output\SVF Output\P9\WalkG\CamUp_SVF\cam_20250806_114503_svf.jpg,True,50.80934826,4.37144638,,,,,,,,,,,,,,,
P9,WalkG,cam_20250806_114504.jpg,2025-08-06 11:45:04,CamUp,neginja_MSE_SkyViewFactor_reference_table,"24,25,25,26,26,27,27,29,29,32,32,36,36,40,41,43,44",9d4c5f0c12889fb034103b01efa54b21690d648acad08c427f81fc6d33241e03,b677f291bd6311850d8cb19c1c51cfff76b3a1e2deece82b67687ca72a30d9f8,REFERENCE_OR_CUSTOM_TABLE_NOT_MARKED_LENS_VERIFIED,542.0,240.0,240.0,True,Holmer_1992_Annular,120,None_MSE_Method_Assumed_Zenith,35.1054362545947,0.346843,34.89041815217091,0.0215570848188375,0.0,34.91197523698975,0.0,0.2432081364176547,DeepLabV3+_Xception65_ADE20K,C:\Users\pandya\OneDrive - UCL\Field experiment raw data\Complete Participantwise data\Final Data\ucm\P9\WalkG\ucm\CamUp\cam_20250806_114504.jpg,C:\Users\pandya\Documents\Github\docker\Paper3_Analysis\output\SVF Output\P9\WalkG\CamUp_SVF\cam_20250806_114504_svf.jpg,True,50.80934826,4.37144638,,,,,,,,,,,,,,,
P9,WalkG,cam_20250806_114505.jpg,2025-08-06 11:45:05,CamUp,neginja_MSE_SkyViewFactor_reference_table,"24,25,25,26,26,27,27,29,29,32,32,36,36,40,41,43,44",9d4c5f0c12889fb034103b01efa54b21690d648acad08c427f81fc6d33241e03,b677f291bd6311850d8cb19c1c51cfff76b3a1e2deece82b67687ca72a30d9f8,REFERENCE_OR_CUSTOM_TABLE_NOT_MARKED_LENS_VERIFIED,542.0,240.0,240.0,True,Holmer_1992_Annular,120,None_MSE_Method_Assumed_Zenith,28.67921399552276,0.306421,42.38233424536384,0.0,0.0,42.38233424536384,0.0,0.0033164745875134,DeepLabV3+_Xception65_ADE20K,C:\Users\pandya\OneDrive - UCL\Field experiment raw data\Complete Participantwise data\Final Data\ucm\P9\WalkG\ucm\CamUp\cam_20250806_114505.jpg,C:\Users\pandya\Documents\Github\docker\Paper3_Analysis\output\SVF Output\P9\WalkG\CamUp_SVF\cam_20250806_114505_svf.jpg,True,50.80933903,4.37145786,,,,,,,,,,,,,,,
P9,WalkG,cam_20250806_114506.jpg,2025-08-06 11:45:06,CamUp,neginja_MSE_SkyViewFactor_reference_table,"24,25,25,26,26,27,27,29,29,32,32,36,36,40,41,43,44",9d4c5f0c12889fb034103b01efa54b21690d648acad08c427f81fc6d33241e03,b677f291bd6311850d8cb19c1c51cfff76b3a1e2deece82b67687ca72a30d9f8,REFERENCE_OR_CUSTOM_TABLE_NOT_MARKED_LENS_VERIFIED,542.0,240.0,240.0,True,Holmer_1992_Annular,120,None_MSE_Method_Assumed_Zenith,37.32360500787662,0.359617,32.60205068678661,0.063013017162756,0.0,32.665063703949365,0.0,0.0569328137523146,DeepLabV3+_Xception65_ADE20K,C:\Users\pandya\OneDrive - UCL\Field experiment raw data\Complete Participantwise data\Final Data\ucm\P9\WalkG\ucm\CamUp\cam_20250806_114506.jpg,C:\Users\pandya\Documents\Github\docker\Paper3_Analysis\output\SVF Output\P9\WalkG\CamUp_SVF\cam_20250806_114506_svf.jpg,True,50.80932929,4.37146759,,,,,,,,,,,,,,,
P9,WalkG,cam_20250806_114507.jpg,2025-08-06 11:45:07,CamUp,neginja_MSE_SkyViewFactor_reference_table,"24,25,25,26,26,27,27,29,29,32,32,36,36,40,41,43,44",9d4c5f0c12889fb034103b01efa54b21690d648acad08c427f81fc6d33241e03,b677f291bd6311850d8cb19c1c51cfff76b3a1e2deece82b67687ca72a30d9f8,REFERENCE_OR_CUSTOM_TABLE_NOT_MARKED_LENS_VERIFIED,542.0,240.0,240.0,True,Holmer_1992_Annular,120,None_MSE_Method_Assumed_Zenith,35.28231489926208,0.345926,53.960699776137965,2.586850178260509,0.0,56.54754995439848,0.0,0.2835585772324019,DeepLabV3+_Xception65_ADE20K,C:\Users\pandya\OneDrive - UCL\Field experiment raw data\Complete Participantwise data\Final Data\ucm\P9\WalkG\ucm\CamUp\cam_20250806_114507.jpg,C:\Users\pandya\Documents\Github\docker\Paper3_Analysis\output\SVF Output\P9\WalkG\CamUp_SVF\cam_20250806_114507_svf.jpg,True,50.80930799,4.37148465,,,,,,,,,,,,,,,
P9,WalkG,cam_20250806_114508.jpg,2025-08-06 11:45:08,CamUp,neginja_MSE_SkyViewFactor_reference_table,"24,25,25,26,26,27,27,29,29,32,32,36,36,40,41,43,44",9d4c5f0c12889fb034103b01efa54b21690d648acad08c427f81fc6d33241e03,b677f291bd6311850d8cb19c1c51cfff76b3a1e2deece82b67687ca72a30d9f8,REFERENCE_OR_CUSTOM_TABLE_NOT_MARKED_LENS_VERIFIED,542.0,240.0,240.0,True,Holmer_1992_Annular,120,None_MSE_Method_Assumed_Zenith,41.44266644556836,0.405668,48.9688527761656,0.6428433242130281,0.0,49.61169610037862,0.0,0.3056684078158251,DeepLabV3+_Xception65_ADE20K,C:\Users\pandya\OneDrive - UCL\Field experiment raw data\Complete Participantwise data\Final Data\ucm\P9\WalkG\ucm\CamUp\cam_20250806_114508.jpg,C:\Users\pandya\Documents\Github\docker\Paper3_Analysis\output\SVF Output\P9\WalkG\CamUp_SVF\cam_20250806_114508_svf.jpg,True,50.80930799,4.37148465,,,,,,,,,,,,,,,
P9,WalkG,cam_20250806_114509.jpg,2025-08-06 11:45:09,CamUp,neginja_MSE_SkyViewFactor_reference_table,"24,25,25,26,26,27,27,29,29,32,32,36,36,40,41,43,44",9d4c5f0c12889fb034103b01efa54b21690d648acad08c427f81fc6d33241e03,b677f291bd6311850d8cb19c1c51cfff76b3a1e2deece82b67687ca72a30d9f8,REFERENCE_OR_CUSTOM_TABLE_NOT_MARKED_LENS_VERIFIED,542.0,240.0,240.0,True,Holmer_1992_Annular,120,None_MSE_Method_Assumed_Zenith,48.56534836801813,0.521175,38.72094630074897,0.0082911864687836,0.0,38.72923748721775,0.0,0.0337174916397203,DeepLabV3+_Xception65_ADE20K,C:\Users\pandya\OneDrive - UCL\Field experiment raw data\Complete Participantwise data\Final Data\ucm\P9\WalkG\ucm\CamUp\cam_20250806_114509.jpg,C:\Users\pandya\Documents\Github\docker\Paper3_Analysis\output\SVF Output\P9\WalkG\CamUp_SVF\cam_20250806_114509_svf.jpg,True,50.809298,4.37149178,,,,,,,,,,,,,,,
P9,WalkG,cam_20250806_114510.jpg,2025-08-06 11:45:10,CamUp,neginja_MSE_SkyViewFactor_reference_table,"24,25,25,26,26,27,27,29,29,32,32,36,36,40,41,43,44",9d4c5f0c12889fb034103b01efa54b21690d648acad08c427f81fc6d33241e03,b677f291bd6311850d8cb19c1c51cfff76b3a1e2deece82b67687ca72a30d9f8,REFERENCE_OR_CUSTOM_TABLE_NOT_MARKED_LENS_VERIFIED,542.0,240.0,240.0,True,Holmer_1992_Annular,120,None_MSE_Method_Assumed_Zenith,60.08014813586491,0.645608,25.712627476991955,0.0,0.0,25.712627476991955,0.0,0.0,DeepLabV3+_Xception65_ADE20K,C:\Users\pandya\OneDrive - UCL\Field experiment raw data\Complete Participantwise data\Final Data\ucm\P9\WalkG\ucm\CamUp\cam_20250806_114510.jpg,C:\Users\pandya\Documents\Github\docker\Paper3_Analysis\output\SVF Output\P9\WalkG\CamUp_SVF\cam_20250806_114510_svf.jpg,True,50.80927713,4.37151429,,,,,,,,,,,,,,,
P9,WalkG,cam_20250806_114511.jpg,2025-08-06 11:45:11,CamUp,neginja_MSE_SkyViewFactor_reference_table,"24,25,25,26,26,27,27,29,29,32,32,36,36,40,41,43,44",9d4c5f0c12889fb034103b01efa54b21690d648acad08c427f81fc6d33241e03,b677f291bd6311850d8cb19c1c51cfff76b3a1e2deece82b67687ca72a30d9f8,REFERENCE_OR_CUSTOM_TABLE_NOT_MARKED_LENS_VERIFIED,542.0,240.0,240.0,True,Holmer_1992_Annular,120,None_MSE_Method_Assumed_Zenith,64.01127601359755,0.737946,13.023795705165409,0.3371749163972031,0.0,13.360970621562611,0.0,0.0,DeepLabV3+_Xception65_ADE20K,C:\Users\pandya\OneDrive - UCL\Field experiment raw data\Complete Participantwise data\Final Data\ucm\P9\WalkG\ucm\CamUp\cam_20250806_114511.jpg,C:\Users\pandya\Documents\Github\docker\Paper3_Analysis\output\SVF Output\P9\WalkG\CamUp_SVF\cam_20250806_114511_svf.jpg,True,50.80927713,4.37151429,,,,,,,,,,,,,,,
P9,WalkG,cam_20250806_114512.jpg,2025-08-06 11:45:12,CamUp,neginja_MSE_SkyViewFactor_reference_table,"24,25,25,26,26,27,27,29,29,32,32,36,36,40,41,43,44",9d4c5f0c12889fb034103b01efa54b21690d648acad08c427f81fc6d33241e03,b677f291bd6311850d8cb19c1c51cfff76b3a1e2deece82b67687ca72a30d9f8,REFERENCE_OR_CUSTOM_TABLE_NOT_MARKED_LENS_VERIFIED,542.0,240.0,240.0,True,Holmer_1992_Annular,120,None_MSE_Method_Assumed_Zenith,70.55523312052621,0.863707,0.855650443578476,0.0005527457645855,0.0,0.8562031893430615,0.0,0.0,DeepLabV3+_Xception65_ADE20K,C:\Users\pandya\OneDrive - UCL\Field experiment raw data\Complete Participantwise data\Final Data\ucm\P9\WalkG\ucm\CamUp\cam_20250806_114512.jpg,C:\Users\pandya\Documents\Github\docker\Paper3_Analysis\output\SVF Output\P9\WalkG\CamUp_SVF\cam_20250806_114512_svf.jpg,True,50.80926844,4.37152801,,,,,,,,,,,,,,,
P9,WalkG,cam_20250806_114513.jpg,2025-08-06 11:45:13,CamUp,neginja_MSE_SkyViewFactor_reference_table,"24,25,25,26,26,27,27,29,29,32,32,36,36,40,41,43,44",9d4c5f0c12889fb034103b01efa54b21690d648acad08c427f81fc6d33241e03,b677f291bd6311850d8cb19c1c51cfff76b3a1e2deece82b67687ca72a30d9f8,REFERENCE_OR_CUSTOM_TABLE_NOT_MARKED_LENS_VERIFIED,542.0,240.0,240.0,True,Holmer_1992_Annular,120,None_MSE_Method_Assumed_Zenith,81.30779647900948,0.928014,0.0497471188127021,0.5300831882375701,0.0,0.5798303070502722,0.0,0.0,DeepLabV3+_Xception65_ADE20K,C:\Users\pandya\OneDrive - UCL\Field experiment raw data\Complete Participantwise data\Final Data\ucm\P9\WalkG\ucm\CamUp\cam_20250806_114513.jpg,C:\Users\pandya\Documents\Github\docker\Paper3_Analysis\output\SVF Output\P9\WalkG\CamUp_SVF\cam_20250806_114513_svf.jpg,True,50.80926008,4.37154247,,,,,,,,,,,,,,,
P9,WalkG,cam_20250806_114514.jpg,2025-08-06 11:45:14,CamUp,neginja_MSE_SkyViewFactor_reference_table,"24,25,25,26,26,27,27,29,29,32,32,36,36,40,41,43,44",9d4c5f0c12889fb034103b01efa54b21690d648acad08c427f81fc6d33241e03,b677f291bd6311850d8cb19c1c51cfff76b3a1e2deece82b67687ca72a30d9f8,REFERENCE_OR_CUSTOM_TABLE_NOT_MARKED_LENS_VERIFIED,542.0,240.0,240.0,True,Holmer_1992_Annular,120,None_MSE_Method_Assumed_Zenith,72.68054058535776,0.881451,0.0,0.1171821020921427,0.0,0.1171821020921427,0.0,0.0381394577564049,DeepLabV3+_Xception65_ADE20K,C:\Users\pandya\OneDrive - UCL\Field experiment raw data\Complete Participantwise data\Final Data\ucm\P9\WalkG\ucm\CamUp\cam_20250806_114514.jpg,C:\Users\pandya\Documents\Github\docker\Paper3_Analysis\output\SVF Output\P9\WalkG\CamUp_SVF\cam_20250806_114514_svf.jpg,True,50.80924114,4.37156797,,,,,,,,,,,,,,,
P9,WalkG,cam_20250806_114515.jpg,2025-08-06 11:45:15,CamUp,neginja_MSE_SkyViewFactor_reference_table,"24,25,25,26,26,27,27,29,29,32,32,36,36,40,41,43,44",9d4c5f0c12889fb034103b01efa54b21690d648acad08c427f81fc6d33241e03,b677f291bd6311850d8cb19c1c51cfff76b3a1e2deece82b67687ca72a30d9f8,REFERENCE_OR_CUSTOM_TABLE_NOT_MARKED_LENS_VERIFIED,542.0,240.0,240.0,True,Holmer_1992_Annular,120,None_MSE_Method_Assumed_Zenith,70.12961888179532,0.857531,0.0044219661166846,0.4272724760246525,0.0,0.4316944421413371,0.0,0.0160296271729817,DeepLabV3+_Xception65_ADE20K,C:\Users\pandya\OneDrive - UCL\Field experiment raw data\Complete Participantwise data\Final Data\ucm\P9\WalkG\ucm\CamUp\cam_20250806_114515.jpg,C:\Users\pandya\Documents\Github\docker\Paper3_Analysis\output\SVF Output\P9\WalkG\CamUp_SVF\cam_20250806_114515_svf.jpg,True,50.80924114,4.37156797,,,,,,,,,,,,,,,
P9,WalkG,cam_20250806_114516.jpg,2025-08-06 11:45:16,CamUp,neginja_MSE_SkyViewFactor_reference_table,"24,25,25,26,26,27,27,29,29,32,32,36,36,40,41,43,44",9d4c5f0c12889fb034103b01efa54b21690d648acad08c427f81fc6d33241e03,b677f291bd6311850d8cb19c1c51cfff76b3a1e2deece82b67687ca72a30d9f8,REFERENCE_OR_CUSTOM_TABLE_NOT_MARKED_LENS_VERIFIED,542.0,240.0,240.0,True,Holmer_1992_Annular,120,None_MSE_Method_Assumed_Zenith,58.58607633419008,0.787651,0.2597905093552221,0.0,0.0,0.2597905093552221,0.0,0.5356106458834259,DeepLabV3+_Xception65_ADE20K,C:\Users\pandya\OneDrive - UCL\Field experiment raw data\Complete Participantwise data\Final Data\ucm\P9\WalkG\ucm\CamUp\cam_20250806_114516.jpg,C:\Users\pandya\Documents\Github\docker\Paper3_Analysis\output\SVF Output\P9\WalkG\CamUp_SVF\cam_20250806_114516_svf.jpg,True,50.80922183,4.37159226,,,,,,,,,,,,,,,
P9,WalkG,cam_20250806_114517.jpg,2025-08-06 11:45:17,CamUp,neginja_MSE_SkyViewFactor_reference_table,"24,25,25,26,26,27,27,29,29,32,32,36,36,40,41,43,44",9d4c5f0c12889fb034103b01efa54b21690d648acad08c427f81fc6d33241e03,b677f291bd6311850d8cb19c1c51cfff76b3a1e2deece82b67687ca72a30d9f8,REFERENCE_OR_CUSTOM_TABLE_NOT_MARKED_LENS_VERIFIED,542.0,240.0,240.0,True,Holmer_1992_Annular,120,None_MSE_Method_Assumed_Zenith,55.86159246054777,0.767366,0.0674349832794406,1.762706243263411,0.0,1.830141226542852,0.0,0.1348699665588812,DeepLabV3+_Xception65_ADE20K,C:\Users\pandya\OneDrive - UCL\Field experiment raw data\Complete Participantwise data\Final Data\ucm\P9\WalkG\ucm\CamUp\cam_20250806_114517.jpg,C:\Users\pandya\Documents\Github\docker\Paper3_Analysis\output\SVF Output\P9\WalkG\CamUp_SVF\cam_20250806_114517_svf.jpg,True,50.809212,4.37160277,,,,,,,,,,,,,,,
P9,WalkG,cam_20250806_114518.jpg,2025-08-06 11:45:18,CamUp,neginja_MSE_SkyViewFactor_reference_table,"24,25,25,26,26,27,27,29,29,32,32,36,36,40,41,43,44",9d4c5f0c12889fb034103b01efa54b21690d648acad08c427f81fc6d33241e03,b677f291bd6311850d8cb19c1c51cfff76b3a1e2deece82b67687ca72a30d9f8,REFERENCE_OR_CUSTOM_TABLE_NOT_MARKED_LENS_VERIFIED,542.0,240.0,240.0,True,Holmer_1992_Annular,120,None_MSE_Method_Assumed_Zenith,55.978221816875326,0.778372,0.0,1.593566039300224,0.0,1.593566039300224,0.0,0.3338584418096896,DeepLabV3+_Xception65_ADE20K,C:\Users\pandya\OneDrive - UCL\Field experiment raw data\Complete Participantwise data\Final Data\ucm\P9\WalkG\ucm\CamUp\cam_20250806_114518.jpg,C:\Users\pandya\Documents\Github\docker\Paper3_Analysis\output\SVF Output\P9\WalkG\CamUp_SVF\cam_20250806_114518_svf.jpg,True,50.80920288,4.37161521,,,,,,,,,,,,,,,
P9,WalkG,cam_20250806_114519.jpg,2025-08-06 11:45:19,CamUp,neginja_MSE_SkyViewFactor_reference_table,"24,25,25,26,26,27,27,29,29,32,32,36,36,40,41,43,44",9d4c5f0c12889fb034103b01efa54b21690d648acad08c427f81fc6d33241e03,b677f291bd6311850d8cb19c1c51cfff76b3a1e2deece82b67687ca72a30d9f8,REFERENCE_OR_CUSTOM_TABLE_NOT_MARKED_LENS_VERIFIED,542.0,240.0,240.0,True,Holmer_1992_Annular,120,None_MSE_Method_Assumed_Zenith,57.37556310974768,0.778803,0.0,0.0900975596274493,0.0,0.0900975596274493,0.0,0.280794848409474,DeepLabV3+_Xception65_ADE20K,C:\Users\pandya\OneDrive - UCL\Field experiment raw data\Complete Participantwise data\Final Data\ucm\P9\WalkG\ucm\CamUp\cam_20250806_114519.jpg,C:\Users\pandya\Documents\Github\docker\Paper3_Analysis\output\SVF Output\P9\WalkG\CamUp_SVF\cam_20250806_114519_svf.jpg,True,50.80920288,4.37161521,,,,,,,,,,,,,,,
P9,WalkG,cam_20250806_114520.jpg,2025-08-06 11:45:20,CamUp,neginja_MSE_SkyViewFactor_reference_table,"24,25,25,26,26,27,27,29,29,32,32,36,36,40,41,43,44",9d4c5f0c12889fb034103b01efa54b21690d648acad08c427f81fc6d33241e03,b677f291bd6311850d8cb19c1c51cfff76b3a1e2deece82b67687ca72a30d9f8,REFERENCE_OR_CUSTOM_TABLE_NOT_MARKED_LENS_VERIFIED,542.0,240.0,240.0,True,Holmer_1992_Annular,120,None_MSE_Method_Assumed_Zenith,56.27117707210568,0.770678,0.0,0.0171351187021529,0.0,0.0171351187021529,0.0,0.0342702374043058,DeepLabV3+_Xception65_ADE20K,C:\Users\pandya\OneDrive - UCL\Field experiment raw data\Complete Participantwise data\Final Data\ucm\P9\WalkG\ucm\CamUp\cam_20250806_114520.jpg,C:\Users\pandya\Documents\Github\docker\Paper3_Analysis\output\SVF Output\P9\WalkG\CamUp_SVF\cam_20250806_114520_svf.jpg,True,50.80918488,4.3716387,,,,,,,,,,,,,,,
P9,WalkG,cam_20250806_114521.jpg,2025-08-06 11:45:21,CamUp,neginja_MSE_SkyViewFactor_reference_table,"24,25,25,26,26,27,27,29,29,32,32,36,36,40,41,43,44",9d4c5f0c12889fb034103b01efa54b21690d648acad08c427f81fc6d33241e03,b677f291bd6311850d8cb19c1c51cfff76b3a1e2deece82b67687ca72a30d9f8,REFERENCE_OR_CUSTOM_TABLE_NOT_MARKED_LENS_VERIFIED,542.0,240.0,240.0,True,Holmer_1992_Annular,120,None_MSE_Method_Assumed_Zenith,58.58386535113175,0.776305,0.0,0.0,0.0,0.0,0.0,0.0420086781085039,DeepLabV3+_Xception65_ADE20K,C:\Users\pandya\OneDrive - UCL\Field experiment raw data\Complete Participantwise data\Final Data\ucm\P9\WalkG\ucm\CamUp\cam_20250806_114521.jpg,C:\Users\pandya\Documents\Github\docker\Paper3_Analysis\output\SVF Output\P9\WalkG\CamUp_SVF\cam_20250806_114521_svf.jpg,True,50.80917597,4.37164999,,,,,,,,,,,,,,,
P9,WalkG,cam_20250806_114522.jpg,2025-08-06 11:45:22,CamUp,neginja_MSE_SkyViewFactor_reference_table,"24,25,25,26,26,27,27,29,29,32,32,36,36,40,41,43,44",9d4c5f0c12889fb034103b01efa54b21690d648acad08c427f81fc6d33241e03,b677f291bd6311850d8cb19c1c51cfff76b3a1e2deece82b67687ca72a30d9f8,REFERENCE_OR_CUSTOM_TABLE_NOT_MARKED_LENS_VERIFIED,542.0,240.0,240.0,True,Holmer_1992_Annular,120,None_MSE_Method_Assumed_Zenith,50.64864715474118,0.683963,0.0,0.0,0.0,0.0,0.0,0.0221098305834231,DeepLabV3+_Xception65_ADE20K,C:\Users\pandya\OneDrive - UCL\Field experiment raw data\Complete Participantwise data\Final Data\ucm\P9\WalkG\ucm\CamUp\cam_20250806_114522.jpg,C:\Users\pandya\Documents\Github\docker\Paper3_Analysis\output\SVF Output\P9\WalkG\CamUp_SVF\cam_20250806_114522_svf.jpg,True,50.80916711,4.37166167,,,,,,,,,,,,,,,
P9,WalkG,cam_20250806_114523.jpg,2025-08-06 11:45:23,CamUp,neginja_MSE_SkyViewFactor_reference_table,"24,25,25,26,26,27,27,29,29,32,32,36,36,40,41,43,44",9d4c5f0c12889fb034103b01efa54b21690d648acad08c427f81fc6d33241e03,b677f291bd6311850d8cb19c1c51cfff76b3a1e2deece82b67687ca72a30d9f8,REFERENCE_OR_CUSTOM_TABLE_NOT_MARKED_LENS_VERIFIED,542.0,240.0,240.0,True,Holmer_1992_Annular,120,None_MSE_Method_Assumed_Zenith,58.9459138269353,0.783208,0.0,0.0,0.0,0.0,0.0,0.0226625763480087,DeepLabV3+_Xception65_ADE20K,C:\Users\pandya\OneDrive - UCL\Field experiment raw data\Complete Participantwise data\Final Data\ucm\P9\WalkG\ucm\CamUp\cam_20250806_114523.jpg,C:\Users\pandya\Documents\Github\docker\Paper3_Analysis\output\SVF Output\P9\WalkG\CamUp_SVF\cam_20250806_114523_svf.jpg,True,50.80915814,4.37167339,,,,,,,,,,,,,,,
P9,WalkG,cam_20250806_114524.jpg,2025-08-06 11:45:24,CamUp,neginja_MSE_SkyViewFactor_reference_table,"24,25,25,26,26,27,27,29,29,32,32,36,36,40,41,43,44",9d4c5f0c12889fb034103b01efa54b21690d648acad08c427f81fc6d33241e03,b677f291bd6311850d8cb19c1c51cfff76b3a1e2deece82b67687ca72a30d9f8,REFERENCE_OR_CUSTOM_TABLE_NOT_MARKED_LENS_VERIFIED,542.0,240.0,240.0,True,Holmer_1992_Annular,120,None_MSE_Method_Assumed_Zenith,58.850288809662,0.746961,0.0,0.0,0.0,0.0,0.0,0.0326120001105491,DeepLabV3+_Xception65_ADE20K,C:\Users\pandya\OneDrive - UCL\Field experiment raw data\Complete Participantwise data\Final Data\ucm\P9\WalkG\ucm\CamUp\cam_20250806_114524.jpg,C:\Users\pandya\Documents\Github\docker\Paper3_Analysis\output\SVF Output\P9\WalkG\CamUp_SVF\cam_20250806_114524_svf.jpg,True,50.80914803,4.37168532,,,,,,,,,,,,,,,
P9,WalkG,cam_20250806_114525.jpg,2025-08-06 11:45:25,CamUp,neginja_MSE_SkyViewFactor_reference_table,"24,25,25,26,26,27,27,29,29,32,32,36,36,40,41,43,44",9d4c5f0c12889fb034103b01efa54b21690d648acad08c427f81fc6d33241e03,b677f291bd6311850d8cb19c1c51cfff76b3a1e2deece82b67687ca72a30d9f8,REFERENCE_OR_CUSTOM_TABLE_NOT_MARKED_LENS_VERIFIED,542.0,240.0,240.0,True,Holmer_1992_Annular,120,None_MSE_Method_Assumed_Zenith,58.28980460437222,0.737714,0.0,0.0,0.0,0.0,0.0,0.0232153221125943,DeepLabV3+_Xception65_ADE20K,C:\Users\pandya\OneDrive - UCL\Field experiment raw data\Complete Participantwise data\Final Data\ucm\P9\WalkG\ucm\CamUp\cam_20250806_114525.jpg,C:\Users\pandya\Documents\Github\docker\Paper3_Analysis\output\SVF Output\P9\WalkG\CamUp_SVF\cam_20250806_114525_svf.jpg,True,50.80913768,4.37169769,,,,,,,,,,,,,,,
P9,WalkG,cam_20250806_114526.jpg,2025-08-06 11:45:26,CamUp,neginja_MSE_SkyViewFactor_reference_table,"24,25,25,26,26,27,27,29,29,32,32,36,36,40,41,43,44",9d4c5f0c12889fb034103b01efa54b21690d648acad08c427f81fc6d33241e03,b677f291bd6311850d8cb19c1c51cfff76b3a1e2deece82b67687ca72a30d9f8,REFERENCE_OR_CUSTOM_TABLE_NOT_MARKED_LENS_VERIFIED,542.0,240.0,240.0,True,Holmer_1992_Annular,120,None_MSE_Method_Assumed_Zenith,50.1495177293204,0.672371,0.0,0.0,0.0,0.0,0.0,0.1017052206837465,DeepLabV3+_Xception65_ADE20K,C:\Users\pandya\OneDrive - UCL\Field experiment raw data\Complete Participantwise data\Final Data\ucm\P9\WalkG\ucm\CamUp\cam_20250806_114526.jpg,C:\Users\pandya\Documents\Github\docker\Paper3_Analysis\output\SVF Output\P9\WalkG\CamUp_SVF\cam_20250806_114526_svf.jpg,True,50.80912802,4.37170969,,,,,,,,,,,,,,,
P9,WalkG,cam_20250806_114527.jpg,2025-08-06 11:45:27,CamUp,neginja_MSE_SkyViewFactor_reference_table,"24,25,25,26,26,27,27,29,29,32,32,36,36,40,41,43,44",9d4c5f0c12889fb034103b01efa54b21690d648acad08c427f81fc6d33241e03,b677f291bd6311850d8cb19c1c51cfff76b3a1e2deece82b67687ca72a30d9f8,REFERENCE_OR_CUSTOM_TABLE_NOT_MARKED_LENS_VERIFIED,542.0,240.0,240.0,True,Holmer_1992_Annular,120,None_MSE_Method_Assumed_Zenith,50.75311610424785,0.669936,0.2669762042948346,0.0226625763480087,0.0,0.2896387806428433,0.0,0.318934306165879,DeepLabV3+_Xception65_ADE20K,C:\Users\pandya\OneDrive - UCL\Field experiment raw data\Complete Participantwise data\Final Data\ucm\P9\WalkG\ucm\CamUp\cam_20250806_114527.jpg,C:\Users\pandya\Documents\Github\docker\Paper3_Analysis\output\SVF Output\P9\WalkG\CamUp_SVF\cam_20250806_114527_svf.jpg,True,50.80911821,4.37172107,,,,,,,,,,,,,,,
P9,WalkG,cam_20250806_114528.jpg,2025-08-06 11:45:28,CamUp,neginja_MSE_SkyViewFactor_reference_table,"24,25,25,26,26,27,27,29,29,32,32,36,36,40,41,43,44",9d4c5f0c12889fb034103b01efa54b21690d648acad08c427f81fc6d33241e03,b677f291bd6311850d8cb19c1c51cfff76b3a1e2deece82b67687ca72a30d9f8,REFERENCE_OR_CUSTOM_TABLE_NOT_MARKED_LENS_VERIFIED,542.0,240.0,240.0,True,Holmer_1992_Annular,120,None_MSE_Method_Assumed_Zenith,54.19561672608684,0.671918,0.7743968161843959,1.560401293425089,0.0,2.334798109609485,0.0,0.0580383052814857,DeepLabV3+_Xception65_ADE20K,C:\Users\pandya\OneDrive - UCL\Field experiment raw data\Complete Participantwise data\Final Data\ucm\P9\WalkG\ucm\CamUp\cam_20250806_114528.jpg,C:\Users\pandya\Documents\Github\docker\Paper3_Analysis\output\SVF Output\P9\WalkG\CamUp_SVF\cam_20250806_114528_svf.jpg,True,50.80910907,4.37173312,,,,,,,,,,,,,,,
P9,WalkG,cam_20250806_114529.jpg,2025-08-06 11:45:29,CamUp,neginja_MSE_SkyViewFactor_reference_table,"24,25,25,26,26,27,27,29,29,32,32,36,36,40,41,43,44",9d4c5f0c12889fb034103b01efa54b21690d648acad08c427f81fc6d33241e03,b677f291bd6311850d8cb19c1c51cfff76b3a1e2deece82b67687ca72a30d9f8,REFERENCE_OR_CUSTOM_TABLE_NOT_MARKED_LENS_VERIFIED,542.0,240.0,240.0,True,Holmer_1992_Annular,120,None_MSE_Method_Assumed_Zenith,49.32592654008789,0.608052,2.977088688057928,0.0,0.0,2.977088688057928,0.0,0.0,DeepLabV3+_Xception65_ADE20K,C:\Users\pandya\OneDrive - UCL\Field experiment raw data\Complete Participantwise data\Final Data\ucm\P9\WalkG\ucm\CamUp\cam_20250806_114529.jpg,C:\Users\pandya\Documents\Github\docker\Paper3_Analysis\output\SVF Output\P9\WalkG\CamUp_SVF\cam_20250806_114529_svf.jpg,True,50.80910907,4.37173312,,,,,,,,,,,,,,,
P9,WalkG,cam_20250806_114530.jpg,2025-08-06 11:45:30,CamUp,neginja_MSE_SkyViewFactor_reference_table,"24,25,25,26,26,27,27,29,29,32,32,36,36,40,41,43,44",9d4c5f0c12889fb034103b01efa54b21690d648acad08c427f81fc6d33241e03,b677f291bd6311850d8cb19c1c51cfff76b3a1e2deece82b67687ca72a30d9f8,REFERENCE_OR_CUSTOM_TABLE_NOT_MARKED_LENS_VERIFIED,542.0,240.0,240.0,True,Holmer_1992_Annular,120,None_MSE_Method_Assumed_Zenith,56.76256805682226,0.64514,12.668932924301467,0.0,0.0,12.668932924301467,0.0,0.112760135975458,DeepLabV3+_Xception65_ADE20K,C:\Users\pandya\OneDrive - UCL\Field experiment raw data\Complete Participantwise data\Final Data\ucm\P9\WalkG\ucm\CamUp\cam_20250806_114530.jpg,C:\Users\pandya\Documents\Github\docker\Paper3_Analysis\output\SVF Output\P9\WalkG\CamUp_SVF\cam_20250806_114530_svf.jpg,True,50.80909031,4.37175363,,,,,,,,,,,,,,,
P9,WalkG,cam_20250806_114531.jpg,2025-08-06 11:45:31,CamUp,neginja_MSE_SkyViewFactor_reference_table,"24,25,25,26,26,27,27,29,29,32,32,36,36,40,41,43,44",9d4c5f0c12889fb034103b01efa54b21690d648acad08c427f81fc6d33241e03,b677f291bd6311850d8cb19c1c51cfff76b3a1e2deece82b67687ca72a30d9f8,REFERENCE_OR_CUSTOM_TABLE_NOT_MARKED_LENS_VERIFIED,542.0,240.0,240.0,True,Holmer_1992_Annular,120,None_MSE_Method_Assumed_Zenith,51.6712268192245,0.567271,33.55000967305088,0.0,0.0,33.55000967305088,0.0,0.4245087472017245,DeepLabV3+_Xception65_ADE20K,C:\Users\pandya\OneDrive - UCL\Field experiment raw data\Complete Participantwise data\Final Data\ucm\P9\WalkG\ucm\CamUp\cam_20250806_114531.jpg,C:\Users\pandya\Documents\Github\docker\Paper3_Analysis\output\SVF Output\P9\WalkG\CamUp_SVF\cam_20250806_114531_svf.jpg,True,50.80908229,4.37176557,,,,,,,,,,,,,,,
P9,WalkG,cam_20250806_114532.jpg,2025-08-06 11:45:32,CamUp,neginja_MSE_SkyViewFactor_reference_table,"24,25,25,26,26,27,27,29,29,32,32,36,36,40,41,43,44",9d4c5f0c12889fb034103b01efa54b21690d648acad08c427f81fc6d33241e03,b677f291bd6311850d8cb19c1c51cfff76b3a1e2deece82b67687ca72a30d9f8,REFERENCE_OR_CUSTOM_TABLE_NOT_MARKED_LENS_VERIFIED,542.0,240.0,240.0,True,Holmer_1992_Annular,120,None_MSE_Method_Assumed_Zenith,51.70162783627671,0.525251,40.12878976314844,0.0,0.0,40.12878976314844,0.0,0.4001879335599591,DeepLabV3+_Xception65_ADE20K,C:\Users\pandya\OneDrive - UCL\Field experiment raw data\Complete Participantwise data\Final Data\ucm\P9\WalkG\ucm\CamUp\cam_20250806_114532.jpg,C:\Users\pandya\Documents\Github\docker\Paper3_Analysis\output\SVF Output\P9\WalkG\CamUp_SVF\cam_20250806_114532_svf.jpg,True,50.80908229,4.37176557,,,,,,,,,,,,,,,
P9,WalkG,cam_20250806_114533.jpg,2025-08-06 11:45:33,CamUp,neginja_MSE_SkyViewFactor_reference_table,"24,25,25,26,26,27,27,29,29,32,32,36,36,40,41,43,44",9d4c5f0c12889fb034103b01efa54b21690d648acad08c427f81fc6d33241e03,b677f291bd6311850d8cb19c1c51cfff76b3a1e2deece82b67687ca72a30d9f8,REFERENCE_OR_CUSTOM_TABLE_NOT_MARKED_LENS_VERIFIED,542.0,240.0,240.0,True,Holmer_1992_Annular,120,None_MSE_Method_Assumed_Zenith,44.44186496420971,0.421946,42.14962827847332,0.0,0.0,42.14962827847332,0.0,0.0270845424646933,DeepLabV3+_Xception65_ADE20K,C:\Users\pandya\OneDrive - UCL\Field experiment raw data\Complete Participantwise data\Final Data\ucm\P9\WalkG\ucm\CamUp\cam_20250806_114533.jpg,C:\Users\pandya\Documents\Github\docker\Paper3_Analysis\output\SVF Output\P9\WalkG\CamUp_SVF\cam_20250806_114533_svf.jpg,True,50.80907308,4.37177713,,,,,,,,,,,,,,,
P9,WalkG,cam_20250806_114534.jpg,2025-08-06 11:45:34,CamUp,neginja_MSE_SkyViewFactor_reference_table,"24,25,25,26,26,27,27,29,29,32,32,36,36,40,41,43,44",9d4c5f0c12889fb034103b01efa54b21690d648acad08c427f81fc6d33241e03,b677f291bd6311850d8cb19c1c51cfff76b3a1e2deece82b67687ca72a30d9f8,REFERENCE_OR_CUSTOM_TABLE_NOT_MARKED_LENS_VERIFIED,542.0,240.0,240.0,True,Holmer_1992_Annular,120,None_MSE_Method_Assumed_Zenith,40.72686068043004,0.424984,46.13326700384158,0.0,0.0,46.13326700384158,0.0,0.280794848409474,DeepLabV3+_Xception65_ADE20K,C:\Users\pandya\OneDrive - UCL\Field experiment raw data\Complete Participantwise data\Final Data\ucm\P9\WalkG\ucm\CamUp\cam_20250806_114534.jpg,C:\Users\pandya\Documents\Github\docker\Paper3_Analysis\output\SVF Output\P9\WalkG\CamUp_SVF\cam_20250806_114534_svf.jpg,True,50.80905574,4.37180121,,,,,,,,,,,,,,,
P9,WalkG,cam_20250806_114535.jpg,2025-08-06 11:45:35,CamUp,neginja_MSE_SkyViewFactor_reference_table,"24,25,25,26,26,27,27,29,29,32,32,36,36,40,41,43,44",9d4c5f0c12889fb034103b01efa54b21690d648acad08c427f81fc6d33241e03,b677f291bd6311850d8cb19c1c51cfff76b3a1e2deece82b67687ca72a30d9f8,REFERENCE_OR_CUSTOM_TABLE_NOT_MARKED_LENS_VERIFIED,542.0,240.0,240.0,True,Holmer_1992_Annular,120,None_MSE_Method_Assumed_Zenith,51.1842578006246,0.493677,44.646380897106376,0.0,0.0,44.646380897106376,0.0088439322333692,0.0,DeepLabV3+_Xception65_ADE20K,C:\Users\pandya\OneDrive - UCL\Field experiment raw data\Complete Participantwise data\Final Data\ucm\P9\WalkG\ucm\CamUp\cam_20250806_114535.jpg,C:\Users\pandya\Documents\Github\docker\Paper3_Analysis\output\SVF Output\P9\WalkG\CamUp_SVF\cam_20250806_114535_svf.jpg,True,50.80905574,4.37180121,,,,,,,,,,,,,,,
P9,WalkG,cam_20250806_114536.jpg,2025-08-06 11:45:36,CamUp,neginja_MSE_SkyViewFactor_reference_table,"24,25,25,26,26,27,27,29,29,32,32,36,36,40,41,43,44",9d4c5f0c12889fb034103b01efa54b21690d648acad08c427f81fc6d33241e03,b677f291bd6311850d8cb19c1c51cfff76b3a1e2deece82b67687ca72a30d9f8,REFERENCE_OR_CUSTOM_TABLE_NOT_MARKED_LENS_VERIFIED,542.0,240.0,240.0,True,Holmer_1992_Annular,120,None_MSE_Method_Assumed_Zenith,41.43326976757041,0.422128,29.708426609181103,0.0,0.0,29.708426609181103,0.0,0.1707984412569438,DeepLabV3+_Xception65_ADE20K,C:\Users\pandya\OneDrive - UCL\Field experiment raw data\Complete Participantwise data\Final Data\ucm\P9\WalkG\ucm\CamUp\cam_20250806_114536.jpg,C:\Users\pandya\Documents\Github\docker\Paper3_Analysis\output\SVF Output\P9\WalkG\CamUp_SVF\cam_20250806_114536_svf.jpg,True,50.80903808,4.37182041,,,,,,,,,,,,,,,
P9,WalkG,cam_20250806_114537.jpg,2025-08-06 11:45:37,CamUp,neginja_MSE_SkyViewFactor_reference_table,"24,25,25,26,26,27,27,29,29,32,32,36,36,40,41,43,44",9d4c5f0c12889fb034103b01efa54b21690d648acad08c427f81fc6d33241e03,b677f291bd6311850d8cb19c1c51cfff76b3a1e2deece82b67687ca72a30d9f8,REFERENCE_OR_CUSTOM_TABLE_NOT_MARKED_LENS_VERIFIED,542.0,240.0,240.0,True,Holmer_1992_Annular,120,None_MSE_Method_Assumed_Zenith,48.348119282536,0.51165,22.145759058121214,0.0,0.0,22.145759058121214,0.0,0.0,DeepLabV3+_Xception65_ADE20K,C:\Users\pandya\OneDrive - UCL\Field experiment raw data\Complete Participantwise data\Final Data\ucm\P9\WalkG\ucm\CamUp\cam_20250806_114537.jpg,C:\Users\pandya\Documents\Github\docker\Paper3_Analysis\output\SVF Output\P9\WalkG\CamUp_SVF\cam_20250806_114537_svf.jpg,True,50.80902835,4.37182763,,,,,,,,,,,,,,,
P9,WalkG,cam_20250806_114538.jpg,2025-08-06 11:45:38,CamUp,neginja_MSE_SkyViewFactor_reference_table,"24,25,25,26,26,27,27,29,29,32,32,36,36,40,41,43,44",9d4c5f0c12889fb034103b01efa54b21690d648acad08c427f81fc6d33241e03,b677f291bd6311850d8cb19c1c51cfff76b3a1e2deece82b67687ca72a30d9f8,REFERENCE_OR_CUSTOM_TABLE_NOT_MARKED_LENS_VERIFIED,542.0,240.0,240.0,True,Holmer_1992_Annular,120,None_MSE_Method_Assumed_Zenith,53.21670397700578,0.523187,25.12340049194373,0.0044219661166846,0.0,25.12782245806041,0.0,0.0309537628167924,DeepLabV3+_Xception65_ADE20K,C:\Users\pandya\OneDrive - UCL\Field experiment raw data\Complete Participantwise data\Final Data\ucm\P9\WalkG\ucm\CamUp\cam_20250806_114538.jpg,C:\Users\pandya\Documents\Github\docker\Paper3_Analysis\output\SVF Output\P9\WalkG\CamUp_SVF\cam_20250806_114538_svf.jpg,True,50.80901963,4.37183478,,,,,,,,,,,,,,,
P9,WalkG,cam_20250806_114539.jpg,2025-08-06 11:45:39,CamUp,neginja_MSE_SkyViewFactor_reference_table,"24,25,25,26,26,27,27,29,29,32,32,36,36,40,41,43,44",9d4c5f0c12889fb034103b01efa54b21690d648acad08c427f81fc6d33241e03,b677f291bd6311850d8cb19c1c51cfff76b3a1e2deece82b67687ca72a30d9f8,REFERENCE_OR_CUSTOM_TABLE_NOT_MARKED_LENS_VERIFIED,542.0,240.0,240.0,True,Holmer_1992_Annular,120,None_MSE_Method_Assumed_Zenith,40.106679932565015,0.474755,1.647182378465025,18.95696874222701,0.0,20.60415112069204,0.0,0.0867810850399358,DeepLabV3+_Xception65_ADE20K,C:\Users\pandya\OneDrive - UCL\Field experiment raw data\Complete Participantwise data\Final Data\ucm\P9\WalkG\ucm\CamUp\cam_20250806_114539.jpg,C:\Users\pandya\Documents\Github\docker\Paper3_Analysis\output\SVF Output\P9\WalkG\CamUp_SVF\cam_20250806_114539_svf.jpg,True,50.80901322,4.37184842,,,,,,,,,,,,,,,
P9,WalkG,cam_20250806_114540.jpg,2025-08-06 11:45:40,CamUp,neginja_MSE_SkyViewFactor_reference_table,"24,25,25,26,26,27,27,29,29,32,32,36,36,40,41,43,44",9d4c5f0c12889fb034103b01efa54b21690d648acad08c427f81fc6d33241e03,b677f291bd6311850d8cb19c1c51cfff76b3a1e2deece82b67687ca72a30d9f8,REFERENCE_OR_CUSTOM_TABLE_NOT_MARKED_LENS_VERIFIED,542.0,240.0,240.0,True,Holmer_1992_Annular,120,None_MSE_Method_Assumed_Zenith,38.83757565707653,0.489102,0.0,30.291573390818893,0.0,30.291573390818893,0.0,4.024541911947599,DeepLabV3+_Xception65_ADE20K,C:\Users\pandya\OneDrive - UCL\Field experiment raw data\Complete Participantwise data\Final Data\ucm\P9\WalkG\ucm\CamUp\cam_20250806_114540.jpg,C:\Users\pandya\Documents\Github\docker\Paper3_Analysis\output\SVF Output\P9\WalkG\CamUp_SVF\cam_20250806_114540_svf.jpg,True,50.80901322,4.37184842,,,,,,,,,,,,,,,
P9,WalkG,cam_20250806_114541.jpg,2025-08-06 11:45:41,CamUp,neginja_MSE_SkyViewFactor_reference_table,"24,25,25,26,26,27,27,29,29,32,32,36,36,40,41,43,44",9d4c5f0c12889fb034103b01efa54b21690d648acad08c427f81fc6d33241e03,b677f291bd6311850d8cb19c1c51cfff76b3a1e2deece82b67687ca72a30d9f8,REFERENCE_OR_CUSTOM_TABLE_NOT_MARKED_LENS_VERIFIED,542.0,240.0,240.0,True,Holmer_1992_Annular,120,None_MSE_Method_Assumed_Zenith,50.49222010336346,0.618545,0.6749025785589918,22.5144404830998,0.0,23.18934306165879,0.077384407041981,6.064726529032971,DeepLabV3+_Xception65_ADE20K,C:\Users\pandya\OneDrive - UCL\Field experiment raw data\Complete Participantwise data\Final Data\ucm\P9\WalkG\ucm\CamUp\cam_20250806_114541.jpg,C:\Users\pandya\Documents\Github\docker\Paper3_Analysis\output\SVF Output\P9\WalkG\CamUp_SVF\cam_20250806_114541_svf.jpg,True,50.80899665,4.37185767,,,,,,,,,,,,,,,
P9,WalkG,cam_20250806_114542.jpg,2025-08-06 11:45:42,CamUp,neginja_MSE_SkyViewFactor_reference_table,"24,25,25,26,26,27,27,29,29,32,32,36,36,40,41,43,44",9d4c5f0c12889fb034103b01efa54b21690d648acad08c427f81fc6d33241e03,b677f291bd6311850d8cb19c1c51cfff76b3a1e2deece82b67687ca72a30d9f8,REFERENCE_OR_CUSTOM_TABLE_NOT_MARKED_LENS_VERIFIED,542.0,240.0,240.0,True,Holmer_1992_Annular,120,None_MSE_Method_Assumed_Zenith,55.19111184810546,0.69292,1.2320703092612553,22.043501091672884,0.0,23.27557140093414,0.0,5.813779951911118,DeepLabV3+_Xception65_ADE20K,C:\Users\pandya\OneDrive - UCL\Field experiment raw data\Complete Participantwise data\Final Data\ucm\P9\WalkG\ucm\CamUp\cam_20250806_114542.jpg,C:\Users\pandya\Documents\Github\docker\Paper3_Analysis\output\SVF Output\P9\WalkG\CamUp_SVF\cam_20250806_114542_svf.jpg,True,50.80899575,4.37186203,,,,,,,,,,,,,,,
P9,WalkG,cam_20250806_114543.jpg,2025-08-06 11:45:43,CamUp,neginja_MSE_SkyViewFactor_reference_table,"24,25,25,26,26,27,27,29,29,32,32,36,36,40,41,43,44",9d4c5f0c12889fb034103b01efa54b21690d648acad08c427f81fc6d33241e03,b677f291bd6311850d8cb19c1c51cfff76b3a1e2deece82b67687ca72a30d9f8,REFERENCE_OR_CUSTOM_TABLE_NOT_MARKED_LENS_VERIFIED,542.0,240.0,240.0,True,Holmer_1992_Annular,120,None_MSE_Method_Assumed_Zenith,40.05416908492938,0.508706,0.3045629162866539,35.11593842412182,0.0,35.42050134040848,0.0,1.574772683304314,DeepLabV3+_Xception65_ADE20K,C:\Users\pandya\OneDrive - UCL\Field experiment raw data\Complete Participantwise data\Final Data\ucm\P9\WalkG\ucm\CamUp\cam_20250806_114543.jpg,C:\Users\pandya\Documents\Github\docker\Paper3_Analysis\output\SVF Output\P9\WalkG\CamUp_SVF\cam_20250806_114543_svf.jpg,True,50.80899502,4.37186513,,,,,,,,,,,,,,,
P9,WalkG,cam_20250806_114544.jpg,2025-08-06 11:45:44,CamUp,neginja_MSE_SkyViewFactor_reference_table,"24,25,25,26,26,27,27,29,29,32,32,36,36,40,41,43,44",9d4c5f0c12889fb034103b01efa54b21690d648acad08c427f81fc6d33241e03,b677f291bd6311850d8cb19c1c51cfff76b3a1e2deece82b67687ca72a30d9f8,REFERENCE_OR_CUSTOM_TABLE_NOT_MARKED_LENS_VERIFIED,542.0,240.0,240.0,True,Holmer_1992_Annular,120,None_MSE_Method_Assumed_Zenith,54.11823231904486,0.638198,1.3553326147638394,27.09006992233922,0.0,28.44540253710306,0.0,0.9761490202581322,DeepLabV3+_Xception65_ADE20K,C:\Users\pandya\OneDrive - UCL\Field experiment raw data\Complete Participantwise data\Final Data\ucm\P9\WalkG\ucm\CamUp\cam_20250806_114544.jpg,C:\Users\pandya\Documents\Github\docker\Paper3_Analysis\output\SVF Output\P9\WalkG\CamUp_SVF\cam_20250806_114544_svf.jpg,True,50.80899313,4.37186542,,,,,,,,,,,,,,,
P9,WalkG,cam_20250806_114545.jpg,2025-08-06 11:45:45,CamUp,neginja_MSE_SkyViewFactor_reference_table,"24,25,25,26,26,27,27,29,29,32,32,36,36,40,41,43,44",9d4c5f0c12889fb034103b01efa54b21690d648acad08c427f81fc6d33241e03,b677f291bd6311850d8cb19c1c51cfff76b3a1e2deece82b67687ca72a30d9f8,REFERENCE_OR_CUSTOM_TABLE_NOT_MARKED_LENS_VERIFIED,542.0,240.0,240.0,True,Holmer_1992_Annular,120,None_MSE_Method_Assumed_Zenith,42.377359533482576,0.545497,0.0033164745875134,27.295691346765054,0.0,27.299007821352568,0.354310035099356,1.727883260094519,DeepLabV3+_Xception65_ADE20K,C:\Users\pandya\OneDrive - UCL\Field experiment raw data\Complete Participantwise data\Final Data\ucm\P9\WalkG\ucm\CamUp\cam_20250806_114545.jpg,C:\Users\pandya\Documents\Github\docker\Paper3_Analysis\output\SVF Output\P9\WalkG\CamUp_SVF\cam_20250806_114545_svf.jpg,True,50.80899192,4.37186333,,,,,,,,,,,,,,,
P9,WalkG,cam_20250806_114546.jpg,2025-08-06 11:45:46,CamUp,neginja_MSE_SkyViewFactor_reference_table,"24,25,25,26,26,27,27,29,29,32,32,36,36,40,41,43,44",9d4c5f0c12889fb034103b01efa54b21690d648acad08c427f81fc6d33241e03,b677f291bd6311850d8cb19c1c51cfff76b3a1e2deece82b67687ca72a30d9f8,REFERENCE_OR_CUSTOM_TABLE_NOT_MARKED_LENS_VERIFIED,542.0,240.0,240.0,True,Holmer_1992_Annular,120,None_MSE_Method_Assumed_Zenith,47.27523975347539,0.527782,35.35693557748114,2.6459939750711663,0.0,38.0029295525523,0.0,0.3697869165077522,DeepLabV3+_Xception65_ADE20K,C:\Users\pandya\OneDrive - UCL\Field experiment raw data\Complete Participantwise data\Final Data\ucm\P9\WalkG\ucm\CamUp\cam_20250806_114546.jpg,C:\Users\pandya\Documents\Github\docker\Paper3_Analysis\output\SVF Output\P9\WalkG\CamUp_SVF\cam_20250806_114546_svf.jpg,True,50.80898911,4.3718664,,,,,,,,,,,,,,,
P9,WalkG,cam_20250806_114547.jpg,2025-08-06 11:45:47,CamUp,neginja_MSE_SkyViewFactor_reference_table,"24,25,25,26,26,27,27,29,29,32,32,36,36,40,41,43,44",9d4c5f0c12889fb034103b01efa54b21690d648acad08c427f81fc6d33241e03,b677f291bd6311850d8cb19c1c51cfff76b3a1e2deece82b67687ca72a30d9f8,REFERENCE_OR_CUSTOM_TABLE_NOT_MARKED_LENS_VERIFIED,542.0,240.0,240.0,True,Holmer_1992_Annular,120,None_MSE_Method_Assumed_Zenith,47.26031561783158,0.556122,7.296796838294226,10.8432136638753,0.0,18.140010502169527,0.0,0.0442196611668463,DeepLabV3+_Xception65_ADE20K,C:\Users\pandya\OneDrive - UCL\Field experiment raw data\Complete Participantwise data\Final Data\ucm\P9\WalkG\ucm\CamUp\cam_20250806_114547.jpg,C:\Users\pandya\Documents\Github\docker\Paper3_Analysis\output\SVF Output\P9\WalkG\CamUp_SVF\cam_20250806_114547_svf.jpg,True,50.80898911,4.3718664,,,,,,,,,,,,,,,
P9,WalkG,cam_20250806_114548.jpg,2025-08-06 11:45:48,CamUp,neginja_MSE_SkyViewFactor_reference_table,"24,25,25,26,26,27,27,29,29,32,32,36,36,40,41,43,44",9d4c5f0c12889fb034103b01efa54b21690d648acad08c427f81fc6d33241e03,b677f291bd6311850d8cb19c1c51cfff76b3a1e2deece82b67687ca72a30d9f8,REFERENCE_OR_CUSTOM_TABLE_NOT_MARKED_LENS_VERIFIED,542.0,240.0,240.0,True,Holmer_1992_Annular,120,None_MSE_Method_Assumed_Zenith,49.53320620180748,0.597274,41.824613768897,2.1418898377691185,0.0,43.96650360666612,0.0,0.0602492883398281,DeepLabV3+_Xception65_ADE20K,C:\Users\pandya\OneDrive - UCL\Field experiment raw data\Complete Participantwise data\Final Data\ucm\P9\WalkG\ucm\CamUp\cam_20250806_114548.jpg,C:\Users\pandya\Documents\Github\docker\Paper3_Analysis\output\SVF Output\P9\WalkG\CamUp_SVF\cam_20250806_114548_svf.jpg,True,50.8089801,4.37188824,,,,,,,,,,,,,,,
P9,WalkG,cam_20250806_114549.jpg,2025-08-06 11:45:49,CamUp,neginja_MSE_SkyViewFactor_reference_table,"24,25,25,26,26,27,27,29,29,32,32,36,36,40,41,43,44",9d4c5f0c12889fb034103b01efa54b21690d648acad08c427f81fc6d33241e03,b677f291bd6311850d8cb19c1c51cfff76b3a1e2deece82b67687ca72a30d9f8,REFERENCE_OR_CUSTOM_TABLE_NOT_MARKED_LENS_VERIFIED,542.0,240.0,240.0,True,Holmer_1992_Annular,120,None_MSE_Method_Assumed_Zenith,51.99568858303624,0.623492,5.238924356742117,9.871486609733852,0.0,15.110410966475968,0.0,0.1221568139734129,DeepLabV3+_Xception65_ADE20K,C:\Users\pandya\OneDrive - UCL\Field experiment raw data\Complete Participantwise data\Final Data\ucm\P9\WalkG\ucm\CamUp\cam_20250806_114549.jpg,C:\Users\pandya\Documents\Github\docker\Paper3_Analysis\output\SVF Output\P9\WalkG\CamUp_SVF\cam_20250806_114549_svf.jpg,True,50.80897198,4.37189954,,,,,,,,,,,,,,,
P9,WalkG,cam_20250806_114550.jpg,2025-08-06 11:45:50,CamUp,neginja_MSE_SkyViewFactor_reference_table,"24,25,25,26,26,27,27,29,29,32,32,36,36,40,41,43,44",9d4c5f0c12889fb034103b01efa54b21690d648acad08c427f81fc6d33241e03,b677f291bd6311850d8cb19c1c51cfff76b3a1e2deece82b67687ca72a30d9f8,REFERENCE_OR_CUSTOM_TABLE_NOT_MARKED_LENS_VERIFIED,542.0,240.0,240.0,True,Holmer_1992_Annular,120,None_MSE_Method_Assumed_Zenith,48.36359616394439,0.572063,31.585551225713733,1.573667191775143,0.0,33.15921841748887,0.0,0.1188403393858994,DeepLabV3+_Xception65_ADE20K,C:\Users\pandya\OneDrive - UCL\Field experiment raw data\Complete Participantwise data\Final Data\ucm\P9\WalkG\ucm\CamUp\cam_20250806_114550.jpg,C:\Users\pandya\Documents\Github\docker\Paper3_Analysis\output\SVF Output\P9\WalkG\CamUp_SVF\cam_20250806_114550_svf.jpg,True,50.80897198,4.37189954,,,,,,,,,,,,,,,
P9,WalkG,cam_20250806_114551.jpg,2025-08-06 11:45:51,CamUp,neginja_MSE_SkyViewFactor_reference_table,"24,25,25,26,26,27,27,29,29,32,32,36,36,40,41,43,44",9d4c5f0c12889fb034103b01efa54b21690d648acad08c427f81fc6d33241e03,b677f291bd6311850d8cb19c1c51cfff76b3a1e2deece82b67687ca72a30d9f8,REFERENCE_OR_CUSTOM_TABLE_NOT_MARKED_LENS_VERIFIED,542.0,240.0,240.0,True,Holmer_1992_Annular,120,None_MSE_Method_Assumed_Zenith,47.66105629715612,0.558682,42.32927065196363,0.0624602713981704,0.0,42.391730923361806,0.0,0.1779841361965564,DeepLabV3+_Xception65_ADE20K,C:\Users\pandya\OneDrive - UCL\Field experiment raw data\Complete Participantwise data\Final Data\ucm\P9\WalkG\ucm\CamUp\cam_20250806_114551.jpg,C:\Users\pandya\Documents\Github\docker\Paper3_Analysis\output\SVF Output\P9\WalkG\CamUp_SVF\cam_20250806_114551_svf.jpg,True,50.80896299,4.37191272,,,,,,,,,,,,,,,
P9,WalkG,cam_20250806_114552.jpg,2025-08-06 11:45:52,CamUp,neginja_MSE_SkyViewFactor_reference_table,"24,25,25,26,26,27,27,29,29,32,32,36,36,40,41,43,44",9d4c5f0c12889fb034103b01efa54b21690d648acad08c427f81fc6d33241e03,b677f291bd6311850d8cb19c1c51cfff76b3a1e2deece82b67687ca72a30d9f8,REFERENCE_OR_CUSTOM_TABLE_NOT_MARKED_LENS_VERIFIED,542.0,240.0,240.0,True,Holmer_1992_Annular,120,None_MSE_Method_Assumed_Zenith,44.08423845452285,0.531915,25.766796561921343,9.134123759776692,0.0,34.90092032169804,0.0,1.2729734958405885,DeepLabV3+_Xception65_ADE20K,C:\Users\pandya\OneDrive - UCL\Field experiment raw data\Complete Participantwise data\Final Data\ucm\P9\WalkG\ucm\CamUp\cam_20250806_114552.jpg,C:\Users\pandya\Documents\Github\docker\Paper3_Analysis\output\SVF Output\P9\WalkG\CamUp_SVF\cam_20250806_114552_svf.jpg,True,50.80896053,4.37191259,,,,,,,,,,,,,,,
P9,WalkG,cam_20250806_114553.jpg,2025-08-06 11:45:53,CamUp,neginja_MSE_SkyViewFactor_reference_table,"24,25,25,26,26,27,27,29,29,32,32,36,36,40,41,43,44",9d4c5f0c12889fb034103b01efa54b21690d648acad08c427f81fc6d33241e03,b677f291bd6311850d8cb19c1c51cfff76b3a1e2deece82b67687ca72a30d9f8,REFERENCE_OR_CUSTOM_TABLE_NOT_MARKED_LENS_VERIFIED,542.0,240.0,240.0,True,Holmer_1992_Annular,120,None_MSE_Method_Assumed_Zenith,52.90993007766078,0.611035,13.225547909239149,7.624575076693476,0.0,20.85012298593262,0.0,0.0585910510460713,DeepLabV3+_Xception65_ADE20K,C:\Users\pandya\OneDrive - UCL\Field experiment raw data\Complete Participantwise data\Final Data\ucm\P9\WalkG\ucm\CamUp\cam_20250806_114553.jpg,C:\Users\pandya\Documents\Github\docker\Paper3_Analysis\output\SVF Output\P9\WalkG\CamUp_SVF\cam_20250806_114553_svf.jpg,True,50.80896026,4.37191072,,,,,,,,,,,,,,,
P9,WalkG,cam_20250806_114554.jpg,2025-08-06 11:45:54,CamUp,neginja_MSE_SkyViewFactor_reference_table,"24,25,25,26,26,27,27,29,29,32,32,36,36,40,41,43,44",9d4c5f0c12889fb034103b01efa54b21690d648acad08c427f81fc6d33241e03,b677f291bd6311850d8cb19c1c51cfff76b3a1e2deece82b67687ca72a30d9f8,REFERENCE_OR_CUSTOM_TABLE_NOT_MARKED_LENS_VERIFIED,542.0,240.0,240.0,True,Holmer_1992_Annular,120,None_MSE_Method_Assumed_Zenith,51.17099190227455,0.574657,18.22015863803444,3.102561976618854,0.0,21.32272061465329,0.0,0.0226625763480087,DeepLabV3+_Xception65_ADE20K,C:\Users\pandya\OneDrive - UCL\Field experiment raw data\Complete Participantwise data\Final Data\ucm\P9\WalkG\ucm\CamUp\cam_20250806_114554.jpg,C:\Users\pandya\Documents\Github\docker\Paper3_Analysis\output\SVF Output\P9\WalkG\CamUp_SVF\cam_20250806_114554_svf.jpg,True,50.80896026,4.37191072,,,,,,,,,,,,,,,
P9,WalkG,cam_20250806_114555.jpg,2025-08-06 11:45:55,CamUp,neginja_MSE_SkyViewFactor_reference_table,"24,25,25,26,26,27,27,29,29,32,32,36,36,40,41,43,44",9d4c5f0c12889fb034103b01efa54b21690d648acad08c427f81fc6d33241e03,b677f291bd6311850d8cb19c1c51cfff76b3a1e2deece82b67687ca72a30d9f8,REFERENCE_OR_CUSTOM_TABLE_NOT_MARKED_LENS_VERIFIED,542.0,240.0,240.0,True,Holmer_1992_Annular,120,None_MSE_Method_Assumed_Zenith,51.85750214188983,0.579511,22.66699831412541,5.445651272697123,0.0,28.11264958682254,0.0,0.0171351187021529,DeepLabV3+_Xception65_ADE20K,C:\Users\pandya\OneDrive - UCL\Field experiment raw data\Complete Participantwise data\Final Data\ucm\P9\WalkG\ucm\CamUp\cam_20250806_114555.jpg,C:\Users\pandya\Documents\Github\docker\Paper3_Analysis\output\SVF Output\P9\WalkG\CamUp_SVF\cam_20250806_114555_svf.jpg,True,50.80896025,4.37191289,,,,,,,,,,,,,,,
P9,WalkG,cam_20250806_114556.jpg,2025-08-06 11:45:56,CamUp,neginja_MSE_SkyViewFactor_reference_table,"24,25,25,26,26,27,27,29,29,32,32,36,36,40,41,43,44",9d4c5f0c12889fb034103b01efa54b21690d648acad08c427f81fc6d33241e03,b677f291bd6311850d8cb19c1c51cfff76b3a1e2deece82b67687ca72a30d9f8,REFERENCE_OR_CUSTOM_TABLE_NOT_MARKED_LENS_VERIFIED,542.0,240.0,240.0,True,Holmer_1992_Annular,120,None_MSE_Method_Assumed_Zenith,50.82939501976066,0.577417,29.874803084321368,5.521930188209933,0.0,35.3967332725313,0.0,0.1995412210153939,DeepLabV3+_Xception65_ADE20K,C:\Users\pandya\OneDrive - UCL\Field experiment raw data\Complete Participantwise data\Final Data\ucm\P9\WalkG\ucm\CamUp\cam_20250806_114556.jpg,C:\Users\pandya\Documents\Github\docker\Paper3_Analysis\output\SVF Output\P9\WalkG\CamUp_SVF\cam_20250806_114556_svf.jpg,True,50.80896084,4.37191367,,,,,,,,,,,,,,,
P9,WalkG,cam_20250806_114557.jpg,2025-08-06 11:45:57,CamUp,neginja_MSE_SkyViewFactor_reference_table,"24,25,25,26,26,27,27,29,29,32,32,36,36,40,41,43,44",9d4c5f0c12889fb034103b01efa54b21690d648acad08c427f81fc6d33241e03,b677f291bd6311850d8cb19c1c51cfff76b3a1e2deece82b67687ca72a30d9f8,REFERENCE_OR_CUSTOM_TABLE_NOT_MARKED_LENS_VERIFIED,542.0,240.0,240.0,True,Holmer_1992_Annular,120,None_MSE_Method_Assumed_Zenith,44.5573888290081,0.547766,7.813061382417157,20.185722576900755,0.0,27.99878395931791,0.0,0.1287897631484398,DeepLabV3+_Xception65_ADE20K,C:\Users\pandya\OneDrive - UCL\Field experiment raw data\Complete Participantwise data\Final Data\ucm\P9\WalkG\ucm\CamUp\cam_20250806_114557.jpg,C:\Users\pandya\Documents\Github\docker\Paper3_Analysis\output\SVF Output\P9\WalkG\CamUp_SVF\cam_20250806_114557_svf.jpg,True,50.80896295,4.37191444,,,,,,,,,,,,,,,
P9,WalkG,cam_20250806_114558.jpg,2025-08-06 11:45:58,CamUp,neginja_MSE_SkyViewFactor_reference_table,"24,25,25,26,26,27,27,29,29,32,32,36,36,40,41,43,44",9d4c5f0c12889fb034103b01efa54b21690d648acad08c427f81fc6d33241e03,b677f291bd6311850d8cb19c1c51cfff76b3a1e2deece82b67687ca72a30d9f8,REFERENCE_OR_CUSTOM_TABLE_NOT_MARKED_LENS_VERIFIED,542.0,240.0,240.0,True,Holmer_1992_Annular,120,None_MSE_Method_Assumed_Zenith,54.407871099687696,0.61274,12.19467705828704,8.395655418290357,0.0,20.5903324765774,0.0,0.0768316612773954,DeepLabV3+_Xception65_ADE20K,C:\Users\pandya\OneDrive - UCL\Field experiment raw data\Complete Participantwise data\Final Data\ucm\P9\WalkG\ucm\CamUp\cam_20250806_114558.jpg,C:\Users\pandya\Documents\Github\docker\Paper3_Analysis\output\SVF Output\P9\WalkG\CamUp_SVF\cam_20250806_114558_svf.jpg,True,50.80896295,4.37191444,,,,,,,,,,,,,,,
P9,WalkG,cam_20250806_114559.jpg,2025-08-06 11:45:59,CamUp,neginja_MSE_SkyViewFactor_reference_table,"24,25,25,26,26,27,27,29,29,32,32,36,36,40,41,43,44",9d4c5f0c12889fb034103b01efa54b21690d648acad08c427f81fc6d33241e03,b677f291bd6311850d8cb19c1c51cfff76b3a1e2deece82b67687ca72a30d9f8,REFERENCE_OR_CUSTOM_TABLE_NOT_MARKED_LENS_VERIFIED,542.0,240.0,240.0,True,Holmer_1992_Annular,120,None_MSE_Method_Assumed_Zenith,48.37907304535279,0.584628,37.79564989083271,0.5284249509438134,0.0,38.32407484177653,0.0,0.4123483403808418,DeepLabV3+_Xception65_ADE20K,C:\Users\pandya\OneDrive - UCL\Field experiment raw data\Complete Participantwise data\Final Data\ucm\P9\WalkG\ucm\CamUp\cam_20250806_114559.jpg,C:\Users\pandya\Documents\Github\docker\Paper3_Analysis\output\SVF Output\P9\WalkG\CamUp_SVF\cam_20250806_114559_svf.jpg,True,50.80896125,4.37191318,,,,,,,,,,,,,,,
P9,WalkG,cam_20250806_114600.jpg,2025-08-06 11:46:00,CamUp,neginja_MSE_SkyViewFactor_reference_table,"24,25,25,26,26,27,27,29,29,32,32,36,36,40,41,43,44",9d4c5f0c12889fb034103b01efa54b21690d648acad08c427f81fc6d33241e03,b677f291bd6311850d8cb19c1c51cfff76b3a1e2deece82b67687ca72a30d9f8,REFERENCE_OR_CUSTOM_TABLE_NOT_MARKED_LENS_VERIFIED,542.0,240.0,240.0,True,Holmer_1992_Annular,120,None_MSE_Method_Assumed_Zenith,48.75217643644806,0.571305,41.86993892159301,0.6118895613962358,0.0,42.48182848298924,0.0,1.0883564104690049,DeepLabV3+_Xception65_ADE20K,C:\Users\pandya\OneDrive - UCL\Field experiment raw data\Complete Participantwise data\Final Data\ucm\P9\WalkG\ucm\CamUp\cam_20250806_114600.jpg,C:\Users\pandya\Documents\Github\docker\Paper3_Analysis\output\SVF Output\P9\WalkG\CamUp_SVF\cam_20250806_114600_svf.jpg,True,50.80896125,4.37191318,,,,,,,,,,,,,,,
P9,WalkG,cam_20250806_114601.jpg,2025-08-06 11:46:01,CamUp,neginja_MSE_SkyViewFactor_reference_table,"24,25,25,26,26,27,27,29,29,32,32,36,36,40,41,43,44",9d4c5f0c12889fb034103b01efa54b21690d648acad08c427f81fc6d33241e03,b677f291bd6311850d8cb19c1c51cfff76b3a1e2deece82b67687ca72a30d9f8,REFERENCE_OR_CUSTOM_TABLE_NOT_MARKED_LENS_VERIFIED,542.0,240.0,240.0,True,Holmer_1992_Annular,120,None_MSE_Method_Assumed_Zenith,48.00486416272835,0.529683,45.43680734046375,1.3498051571179837,0.0,46.786612497581736,0.0,0.2747146449990327,DeepLabV3+_Xception65_ADE20K,C:\Users\pandya\OneDrive - UCL\Field experiment raw data\Complete Participantwise data\Final Data\ucm\P9\WalkG\ucm\CamUp\cam_20250806_114601.jpg,C:\Users\pandya\Documents\Github\docker\Paper3_Analysis\output\SVF Output\P9\WalkG\CamUp_SVF\cam_20250806_114601_svf.jpg,True,50.80895686,4.37192072,,,,,,,,,,,,,,,
P9,WalkG,cam_20250806_114602.jpg,2025-08-06 11:46:02,CamUp,neginja_MSE_SkyViewFactor_reference_table,"24,25,25,26,26,27,27,29,29,32,32,36,36,40,41,43,44",9d4c5f0c12889fb034103b01efa54b21690d648acad08c427f81fc6d33241e03,b677f291bd6311850d8cb19c1c51cfff76b3a1e2deece82b67687ca72a30d9f8,REFERENCE_OR_CUSTOM_TABLE_NOT_MARKED_LENS_VERIFIED,542.0,240.0,240.0,True,Holmer_1992_Annular,120,None_MSE_Method_Assumed_Zenith,43.855954453749,0.541674,19.792720338280407,2.656496144598292,0.0,22.4492164828787,0.0,0.1392919326755659,DeepLabV3+_Xception65_ADE20K,C:\Users\pandya\OneDrive - UCL\Field experiment raw data\Complete Participantwise data\Final Data\ucm\P9\WalkG\ucm\CamUp\cam_20250806_114602.jpg,C:\Users\pandya\Documents\Github\docker\Paper3_Analysis\output\SVF Output\P9\WalkG\CamUp_SVF\cam_20250806_114602_svf.jpg,True,50.80895686,4.37192072,,,,,,,,,,,,,,,
P9,WalkG,cam_20250806_114603.jpg,2025-08-06 11:46:03,CamUp,neginja_MSE_SkyViewFactor_reference_table,"24,25,25,26,26,27,27,29,29,32,32,36,36,40,41,43,44",9d4c5f0c12889fb034103b01efa54b21690d648acad08c427f81fc6d33241e03,b677f291bd6311850d8cb19c1c51cfff76b3a1e2deece82b67687ca72a30d9f8,REFERENCE_OR_CUSTOM_TABLE_NOT_MARKED_LENS_VERIFIED,542.0,240.0,240.0,True,Holmer_1992_Annular,120,None_MSE_Method_Assumed_Zenith,46.87173534532791,0.521545,35.46306276428157,3.166127739546196,0.0,38.629190503827765,0.0,1.3569908520575962,DeepLabV3+_Xception65_ADE20K,C:\Users\pandya\OneDrive - UCL\Field experiment raw data\Complete Participantwise data\Final Data\ucm\P9\WalkG\ucm\CamUp\cam_20250806_114603.jpg,C:\Users\pandya\Documents\Github\docker\Paper3_Analysis\output\SVF Output\P9\WalkG\CamUp_SVF\cam_20250806_114603_svf.jpg,True,50.80895244,4.37192604,,,,,,,,,,,,,,,
P9,WalkG,cam_20250806_114604.jpg,2025-08-06 11:46:04,CamUp,neginja_MSE_SkyViewFactor_reference_table,"24,25,25,26,26,27,27,29,29,32,32,36,36,40,41,43,44",9d4c5f0c12889fb034103b01efa54b21690d648acad08c427f81fc6d33241e03,b677f291bd6311850d8cb19c1c51cfff76b3a1e2deece82b67687ca72a30d9f8,REFERENCE_OR_CUSTOM_TABLE_NOT_MARKED_LENS_VERIFIED,542.0,240.0,240.0,True,Holmer_1992_Annular,120,None_MSE_Method_Assumed_Zenith,49.40773291324656,0.539168,49.27120470939391,0.0,0.0,49.27120470939391,0.0,0.0,DeepLabV3+_Xception65_ADE20K,C:\Users\pandya\OneDrive - UCL\Field experiment raw data\Complete Participantwise data\Final Data\ucm\P9\WalkG\ucm\CamUp\cam_20250806_114604.jpg,C:\Users\pandya\Documents\Github\docker\Paper3_Analysis\output\SVF Output\P9\WalkG\CamUp_SVF\cam_20250806_114604_svf.jpg,True,50.80894907,4.37192885,,,,,,,,,,,,,,,
P9,WalkG,cam_20250806_114605.jpg,2025-08-06 11:46:05,CamUp,neginja_MSE_SkyViewFactor_reference_table,"24,25,25,26,26,27,27,29,29,32,32,36,36,40,41,43,44",9d4c5f0c12889fb034103b01efa54b21690d648acad08c427f81fc6d33241e03,b677f291bd6311850d8cb19c1c51cfff76b3a1e2deece82b67687ca72a30d9f8,REFERENCE_OR_CUSTOM_TABLE_NOT_MARKED_LENS_VERIFIED,542.0,240.0,240.0,True,Holmer_1992_Annular,120,None_MSE_Method_Assumed_Zenith,52.96354641682558,0.574403,46.83635961639444,0.1895917972528535,0.0,47.02595141364729,0.0,0.0077384407041981,DeepLabV3+_Xception65_ADE20K,C:\Users\pandya\OneDrive - UCL\Field experiment raw data\Complete Participantwise data\Final Data\ucm\P9\WalkG\ucm\CamUp\cam_20250806_114605.jpg,C:\Users\pandya\Documents\Github\docker\Paper3_Analysis\output\SVF Output\P9\WalkG\CamUp_SVF\cam_20250806_114605_svf.jpg,True,50.80894907,4.37192885,,,,,,,,,,,,,,,
